{
  "system": "benzene_631g",
  "label": "benzene / 6-31g / CAS(6,6) SA(2)",
  "bond_dim": 8,
  "e_states_fci": [
    -230.68272299254576,
    -230.45069382380265
  ],
  "e_states_dmrg": [
    -230.64358823291195,
    -230.43062155759796
  ],
  "e_dmrg_su2": [
    -230.68196634920346,
    -230.44834842940037,
    -230.3413287080456,
    -230.2914364694018,
    -230.2685871549291,
    -230.1877958480844
  ],
  "root_assignment_dmrg_to_fci": [
    0,
    1
  ],
  "root_overlap_matrix": [
    [
      0.981132933619884,
      -0.005363438098046201
    ],
    [
      0.003679278671766678,
      0.9924287408567823
    ],
    [
      0.0006597933532913856,
      0.002186278466198443
    ],
    [
      0.015571867863934967,
      -0.013015685171772321
    ],
    [
      0.0007155556529699735,
      0.007693559102628708
    ],
    [
      0.01221047715954432,
      -0.0026065904691922465
    ]
  ],
  "root_assigned_abs_overlaps": [
    0.981132933619884,
    0.9924287408567823
  ],
  "grad": [
    [
      -0.006755020276810755,
      0.0037427348159438656,
      5.4797765134630054e-06
    ],
    [
      0.006633533452072904,
      0.0037286740665299634,
      -1.393730759069674e-06
    ],
    [
      -0.013865813551493848,
      -0.003176252892169662,
      3.957582187357435e-06
    ],
    [
      -0.0029038604931182627,
      0.03313059195112136,
      -8.287502476340254e-06
    ],
    [
      0.01229767646439672,
      -0.022631548090710787,
      8.005073337786265e-06
    ],
    [
      0.01350359356171238,
      -0.005502132667328359,
      -7.587091470307014e-06
    ],
    [
      0.006373344635667608,
      -0.00011408439072255411,
      4.593742580561525e-07
    ],
    [
      0.003319100175287283,
      0.005596469109251431,
      -8.762837753221408e-08
    ],
    [
      -0.0034025248632246733,
      0.004767207411214323,
      -1.1872210410481837e-07
    ],
    [
      -0.00407746735172358,
      -0.001032185761618325,
      -1.3134566005632135e-06
    ],
    [
      -0.010263920255792886,
      -0.010006058378651369,
      1.3594817424284916e-06
    ],
    [
      -0.0008586414969387604,
      -0.008503415172839764,
      -4.7315625117454246e-07
    ]
  ],
  "nac": [
    [
      -0.008952743083028273,
      0.4895697312518138,
      -8.050711322468238e-07
    ],
    [
      0.34712590738710786,
      -0.2415982351787898,
      5.110336764257223e-07
    ],
    [
      -0.3133183527717032,
      -0.1749984078779483,
      7.193181628224258e-07
    ],
    [
      -0.07144904390109844,
      0.4753447612584729,
      -1.1075330736043684e-06
    ],
    [
      0.5101889300408817,
      -0.29660962543607183,
      1.0756808269679268e-06
    ],
    [
      -0.45306639940874555,
      -0.24075671229396192,
      3.763786564141796e-07
    ],
    [
      -0.00047886576120771863,
      0.00469824945432442,
      -8.888302032021547e-08
    ],
    [
      0.0050775139903038655,
      -0.002834413431958844,
      9.448314202614896e-08
    ],
    [
      -0.004411713638909205,
      -0.00475931120332762,
      1.2483999564003806e-07
    ],
    [
      0.005385472428199026,
      0.0030471724068856943,
      -2.958630587785545e-07
    ],
    [
      -0.007191873585097408,
      -0.022017567415908084,
      -7.636253665336159e-07
    ],
    [
      -0.010722962026468372,
      -0.009690527737008042,
      1.6275568101839198e-07
    ]
  ],
  "ci_overlap_with_fci": [
    0.9811329336198841,
    0.9924287408567823
  ],
  "ncas": 6,
  "ncore": 18,
  "nelec_act": 6,
  "runtime_s": 48.69489073753357
}