{
  "system": "benzene_321g",
  "label": "benzene / 3-21g / CAS(6,6) SA(2)",
  "bond_dim": 24,
  "e_states_fci": [
    -229.47669959843483,
    -229.240878918267
  ],
  "e_states_dmrg": [
    -229.47359592790838,
    -229.23725529210714
  ],
  "e_dmrg_su2": [
    -229.47669959843512,
    -229.2408789182668,
    -229.13294609825016,
    -229.0844769262267,
    -229.06184557389898,
    -228.97829424383332
  ],
  "root_assignment_dmrg_to_fci": [
    0,
    1
  ],
  "root_overlap_matrix": [
    [
      0.9986443881957546,
      0.0025642248820620696
    ],
    [
      -0.001963880704029461,
      0.9983687817947086
    ],
    [
      -9.242077495853545e-05,
      -0.0018966751009349392
    ],
    [
      -0.0006645373641866736,
      0.0017244475196019626
    ],
    [
      -0.0021735359291947714,
      -0.002840858564627907
    ],
    [
      -0.0008113164503784909,
      -9.302659149217074e-06
    ]
  ],
  "root_assigned_abs_overlaps": [
    0.9986443881957546,
    0.9983687817947086
  ],
  "grad": [
    [
      -0.0028118910418988372,
      -0.0034450828167518453,
      -8.067427660037509e-11
    ],
    [
      0.0011907977647632444,
      -0.0009018149736658623,
      6.450583393175928e-11
    ],
    [
      0.00484149557966514,
      0.010013630563185383,
      -9.775388219175091e-12
    ],
    [
      -0.004197606426252416,
      -0.012806712548628536,
      1.262212326429608e-10
    ],
    [
      0.000475796095884648,
      0.003128277846817396,
      -4.1595736777529314e-11
    ],
    [
      0.007661069355369867,
      -0.00831285034154116,
      -3.7578883611471757e-10
    ],
    [
      0.007200663363811716,
      -0.00011023622613168534,
      -6.621640585686884e-11
    ],
    [
      0.003777277543980365,
      0.006346718733153456,
      2.7243737425895413e-11
    ],
    [
      -0.00361331728921872,
      0.006516282333288005,
      -1.645177031767165e-11
    ],
    [
      -0.007468647095005941,
      -0.0001883475754399103,
      -1.3125814347377403e-11
    ],
    [
      -0.003596988018792671,
      -0.006375086083922221,
      -5.7363647851667855e-11
    ],
    [
      -0.0034586498324240666,
      0.006135221089630717,
      4.430210720850413e-10
    ]
  ],
  "nac": [
    [
      -0.03354519836099451,
      -0.509300949219725,
      -2.7287021642369767e-09
    ],
    [
      -0.3982958758222752,
      0.22497350229845814,
      -2.1125918772440527e-09
    ],
    [
      0.39028666800613837,
      0.19297035291491146,
      3.998081758391501e-10
    ],
    [
      0.008876270850067623,
      -0.39809401685130075,
      1.6342918789409787e-09
    ],
    [
      -0.39176158912871906,
      0.1931828635962867,
      -4.45599850154951e-09
    ],
    [
      0.44167959964185,
      0.27524644738059795,
      3.0098418612747035e-10
    ],
    [
      -0.00017679975529991186,
      -0.005784116336741749,
      1.169272365911284e-09
    ],
    [
      -0.0046985795320017955,
      0.0025469830808483107,
      2.6232015617771577e-10
    ],
    [
      0.004109689027474463,
      0.002533705101901267,
      1.5816829091367648e-10
    ],
    [
      4.7565437066933985e-05,
      -0.004930950335257707,
      1.61529312501732e-10
    ],
    [
      -0.004449212525630425,
      0.0027237633595643958,
      -8.047766155015929e-10
    ],
    [
      0.0058720271307135235,
      0.0017561352054622393,
      3.6535088687673217e-09
    ]
  ],
  "ci_overlap_with_fci": [
    0.9986443881957546,
    0.9983687817947086
  ],
  "ncas": 6,
  "ncore": 18,
  "nelec_act": 6,
  "runtime_s": 19.876694679260254
}