{
  "system": "benzene_321g",
  "label": "benzene / 3-21g / CAS(6,6) SA(2)",
  "bond_dim": 64,
  "e_states_fci": [
    -229.47669959843483,
    -229.240878918267
  ],
  "e_states_dmrg": [
    -229.47669959843515,
    -229.24087891826687
  ],
  "e_dmrg_su2": [
    -229.47669959843515,
    -229.24087891826687,
    -229.13294609825033,
    -229.08447692622687,
    -229.06184557389906,
    -228.97829424383355
  ],
  "root_assignment_dmrg_to_fci": [
    0,
    1
  ],
  "root_overlap_matrix": [
    [
      0.9999999999992278,
      2.5441454498675853e-14
    ],
    [
      -1.418344608428157e-13,
      -0.9999999999993521
    ],
    [
      7.304670798049563e-07,
      4.6312205964713776e-08
    ],
    [
      9.361590900007141e-08,
      -1.2883318923663512e-07
    ],
    [
      -3.8430868725498543e-07,
      6.483845510704689e-07
    ],
    [
      -3.0818020962941617e-07,
      1.570793825601824e-07
    ]
  ],
  "root_assigned_abs_overlaps": [
    0.9999999999992278,
    0.9999999999993521
  ],
  "grad": [
    [
      -0.003099009138802486,
      -0.002888835800718779,
      2.821457186240639e-11
    ],
    [
      0.0010257097772823805,
      -0.001379180552626473,
      -2.7312950868792855e-11
    ],
    [
      0.005180457255472018,
      0.009824491216613563,
      -7.17262764932945e-12
    ],
    [
      -0.004462740897799136,
      -0.011896632425698255,
      2.9827048461497445e-11
    ],
    [
      0.0012412941081706604,
      0.0023853120301574604,
      -2.7527301099985786e-11
    ],
    [
      0.007834906528838762,
      -0.00939314943671174,
      -1.4150399697676034e-10
    ],
    [
      0.007217315472255323,
      -0.00010671631286698456,
      1.826471828579467e-11
    ],
    [
      0.0037809323902947777,
      0.0063544519741700785,
      3.782899215681928e-13
    ],
    [
      -0.003617521500734468,
      0.006522144197018087,
      2.1979314037834378e-12
    ],
    [
      -0.007473167731698484,
      -0.00017545658262079473,
      6.269098128829339e-12
    ],
    [
      -0.0035902106063458845,
      -0.00638476313160537,
      -2.969366427344717e-12
    ],
    [
      -0.004037965656984961,
      0.007138334824945321,
      1.2133458495897855e-10
    ]
  ],
  "nac": [
    [
      -0.03069785893318426,
      -0.48419739312154164,
      2.7199831508525537e-09
    ],
    [
      -0.4168200741492567,
      0.2164550851866425,
      1.4190892395650832e-09
    ],
    [
      0.4137994581855093,
      0.19107822717705764,
      -2.8291012008406906e-12
    ],
    [
      -0.006791943559214214,
      -0.36837457305881743,
      -1.636214153513004e-09
    ],
    [
      -0.37816917670787764,
      0.16710724758304007,
      2.502843724788814e-09
    ],
    [
      0.4292146369057544,
      0.2704380435158321,
      -1.9745236548009483e-08
    ],
    [
      -8.31215363094631e-05,
      -0.005393503424257243,
      4.293223107671544e-10
    ],
    [
      -0.004779325574227176,
      0.002767844876604976,
      -1.0890443688377534e-09
    ],
    [
      0.004196620422423707,
      0.00281031559274093,
      -1.4163126617269277e-10
    ],
    [
      0.0001591315693851281,
      -0.00440683049927546,
      5.367909199156782e-10
    ],
    [
      -0.0042576603413814005,
      0.0026569106195847496,
      2.640397270953683e-11
    ],
    [
      0.006872335354603773,
      0.004254684203160507,
      1.295869886294634e-08
    ]
  ],
  "ci_overlap_with_fci": [
    0.9999999999992278,
    0.9999999999993521
  ],
  "ncas": 6,
  "ncore": 18,
  "nelec_act": 6,
  "runtime_s": 17.596704244613647
}