{
  "system": "benzene",
  "label": "benzene / sto-3g / CAS(6,6) SA(2)",
  "bond_dim": 16,
  "e_states_fci": [
    -227.9970338394001,
    -227.8011513511991
  ],
  "e_states_dmrg": [
    -227.95822799527534,
    -227.75345615796508
  ],
  "e_dmrg_su2": [
    -227.99578281684734,
    -227.79770651436942,
    -227.67371645185813,
    -227.6669250258958,
    -227.60182174829944,
    -227.56569254513602
  ],
  "root_assignment_dmrg_to_fci": [
    0,
    1
  ],
  "root_overlap_matrix": [
    [
      -0.9778873448046018,
      -6.487243893061051e-08
    ],
    [
      -8.312216413323814e-08,
      0.9698189816298736
    ],
    [
      9.038360710267093e-08,
      -3.709712807585024e-05
    ],
    [
      -0.00023289697920389485,
      5.962342190604586e-08
    ],
    [
      5.9672084381609346e-05,
      -3.1742516667363266e-06
    ],
    [
      -3.3806049683055976e-05,
      4.367268124785671e-05
    ]
  ],
  "root_assigned_abs_overlaps": [
    0.9778873448046018,
    0.9698189816298736
  ],
  "grad": [
    [
      -0.004003467300688356,
      -5.593793113742587e-07,
      3.130543929296059e-10
    ],
    [
      -0.0017694701840502182,
      -0.003897986620975454,
      -2.1185231959957188e-09
    ],
    [
      0.0017717227988848158,
      -0.003892792678472406,
      2.3061053898959754e-09
    ],
    [
      0.003998559195470177,
      7.312890614149372e-07,
      2.370777193462471e-09
    ],
    [
      0.0017722753871969796,
      0.003892071799482321,
      2.3148868457496423e-09
    ],
    [
      -0.0017692708392359584,
      0.0038985437977108323,
      -2.119060907634932e-09
    ],
    [
      -0.0002920939409270854,
      -9.080445155624568e-09,
      1.9976637485725645e-09
    ],
    [
      -0.0001612037583908479,
      -0.0002856375117191142,
      -9.383790375851249e-10
    ],
    [
      0.00016078023560053454,
      -0.0002851954671175182,
      -6.080474499941247e-10
    ],
    [
      0.00029249039827646125,
      7.266333745162224e-09,
      -1.961658761286179e-09
    ],
    [
      0.0001608310457939053,
      0.0002852637391832798,
      -6.140261439911224e-10
    ],
    [
      -0.00016115303795094993,
      0.0002855628462651398,
      -9.427920741286182e-10
    ]
  ],
  "nac": [
    [
      -0.012435212259501708,
      0.6296178147478424,
      1.872878248962952e-09
    ],
    [
      0.541165371793763,
      -0.3254876783221813,
      1.0484920831774403e-08
    ],
    [
      -0.5411469416398492,
      -0.32548358410387246,
      -9.985697866712128e-09
    ],
    [
      0.012476008925163581,
      0.6295381328627817,
      1.688832119092396e-09
    ],
    [
      0.5398919737416217,
      -0.30106893022825193,
      1.7953800395483166e-08
    ],
    [
      -0.5399809750384116,
      -0.3011915692298461,
      -1.5323943112374085e-08
    ],
    [
      -0.0003304451927569804,
      0.0013154700903967515,
      6.5037610510769e-10
    ],
    [
      0.0016515108062200724,
      -0.0009098462688052225,
      4.559195048642713e-09
    ],
    [
      -0.0016547520240865492,
      -0.0008941625954088392,
      -2.7383144383079207e-09
    ],
    [
      0.0003569058879318393,
      0.0013151503817992929,
      -2.7787239262380496e-09
    ],
    [
      0.0012979553302030807,
      -0.0018311501094025304,
      9.052443313252893e-10
    ],
    [
      -0.0013026794068784471,
      -0.0018131219328890236,
      -7.121302010382835e-09
    ]
  ],
  "ci_overlap_with_fci": [
    0.9778873448046018,
    0.9698189816298736
  ],
  "ncas": 6,
  "ncore": 18,
  "nelec_act": 6,
  "runtime_s": 19.03871464729309
}