{
  "system": "benzene_321g",
  "label": "benzene / 3-21g / CAS(6,6) SA(2)",
  "bond_dim": 120,
  "e_states_fci": [
    -229.47669959843483,
    -229.240878918267
  ],
  "e_states_dmrg": [
    -229.47669959843515,
    -229.24087891826684
  ],
  "e_dmrg_su2": [
    -229.47669959843512,
    -229.24087891826687,
    -229.13294609825033,
    -229.08447692622687,
    -229.06184557389903,
    -228.97829424383357
  ],
  "root_assignment_dmrg_to_fci": [
    0,
    1
  ],
  "root_overlap_matrix": [
    [
      0.999999999999212,
      2.6950663922775675e-14
    ],
    [
      1.3629722350749773e-13,
      0.99999999999937
    ],
    [
      7.304671010271296e-07,
      4.6312197375230485e-08
    ],
    [
      -9.361586020143267e-08,
      1.2883330387583602e-07
    ],
    [
      3.8430873863662743e-07,
      -6.483845664028223e-07
    ],
    [
      3.08180164970695e-07,
      -1.570792481919714e-07
    ]
  ],
  "root_assigned_abs_overlaps": [
    0.999999999999212,
    0.99999999999937
  ],
  "grad": [
    [
      -0.0030990090898799453,
      -0.002888835717311921,
      4.197508934539877e-11
    ],
    [
      0.0010257101410532689,
      -0.0013791805390610673,
      -4.2869808990427364e-12
    ],
    [
      0.005180456836371309,
      0.009824491184055508,
      6.5698949934252135e-12
    ],
    [
      -0.004462740725432093,
      -0.011896632592545291,
      -3.591028183644202e-11
    ],
    [
      0.001241294015911651,
      0.0023853122827468924,
      8.243593560273153e-11
    ],
    [
      0.007834906437685715,
      -0.009393149527974229,
      -9.811380052606015e-11
    ],
    [
      0.007217315465056192,
      -0.00010671631357631112,
      2.9256398551493334e-12
    ],
    [
      0.0037809323954823026,
      0.006354451970628617,
      1.5534959312841023e-13
    ],
    [
      -0.0036175215019157003,
      0.006522144191627692,
      -1.4260550261341955e-12
    ],
    [
      -0.007473167732777333,
      -0.00017545658658572422,
      -5.012989006271972e-12
    ],
    [
      -0.0035902106087353424,
      -0.006384763132525626,
      1.69521931508309e-11
    ],
    [
      -0.004037965632866769,
      0.007138334780592282,
      -6.263995246970435e-12
    ]
  ],
  "nac": [
    [
      -0.030697864906429166,
      -0.48419737929227735,
      6.272328684297064e-09
    ],
    [
      -0.41682006129970983,
      0.21645507910289133,
      -5.418044314231896e-12
    ],
    [
      0.41379944639907346,
      0.19107821605379274,
      -1.3100327233436706e-09
    ],
    [
      -0.006791947755661046,
      -0.36837454879794,
      -1.3250770064966815e-09
    ],
    [
      -0.3781691628946502,
      0.16710723401263344,
      1.1066945126185315e-08
    ],
    [
      0.4292146341289495,
      0.2704380357245388,
      -4.252506897194357e-08
    ],
    [
      -8.312134472733775e-05,
      -0.005393503175548684,
      2.4242036157693e-09
    ],
    [
      -0.004779325551483551,
      0.002767844810243062,
      -5.362100581772064e-10
    ],
    [
      0.004196620193106549,
      0.0028103155762350916,
      -2.818673308556156e-10
    ],
    [
      0.00015913157241707323,
      -0.004406830136351635,
      9.767998653881821e-11
    ],
    [
      -0.00425766038725518,
      0.0026569104691577063,
      4.4940162459527135e-10
    ],
    [
      0.0068723360969007346,
      0.004254685107875801,
      2.7882712557803333e-08
    ]
  ],
  "ci_overlap_with_fci": [
    0.9999999999992121,
    0.99999999999937
  ],
  "ncas": 6,
  "ncore": 18,
  "nelec_act": 6,
  "runtime_s": 17.015550136566162
}