{
  "system": "benzene_321g",
  "label": "benzene / 3-21g / CAS(6,6) SA(2)",
  "bond_dim": 200,
  "e_states_fci": [
    -229.47669959843483,
    -229.240878918267
  ],
  "e_states_dmrg": [
    -229.47669959843512,
    -229.24087891826682
  ],
  "e_dmrg_su2": [
    -229.47669959843512,
    -229.24087891826682,
    -229.13294609825027,
    -229.0844769262268,
    -229.06184557389895,
    -228.97829424383357
  ],
  "root_assignment_dmrg_to_fci": [
    0,
    1
  ],
  "root_overlap_matrix": [
    [
      -0.9999999999992268,
      -4.696937283554803e-14
    ],
    [
      -1.237343560944737e-13,
      -0.9999999999993644
    ],
    [
      7.304671049298238e-07,
      4.6312175476948686e-08
    ],
    [
      9.361588214915409e-08,
      -1.2883326452883814e-07
    ],
    [
      -3.8430880357426603e-07,
      6.483844840468253e-07
    ],
    [
      3.081801909221582e-07,
      -1.5707917724525067e-07
    ]
  ],
  "root_assigned_abs_overlaps": [
    0.9999999999992268,
    0.9999999999993644
  ],
  "grad": [
    [
      -0.003099009267335406,
      -0.0028888353233185934,
      8.15943595698207e-12
    ],
    [
      0.0010257088545159929,
      -0.001379181020092459,
      -7.020169878112326e-12
    ],
    [
      0.005180458327010681,
      0.00982449124870358,
      -1.8320712766080547e-12
    ],
    [
      -0.004462741528514528,
      -0.011896631333982496,
      -6.54244058468018e-12
    ],
    [
      0.0012412945344831214,
      0.002385311000752956,
      3.2226760311399217e-11
    ],
    [
      0.007834906696791424,
      -0.009393149564852807,
      -4.3885888530970487e-11
    ],
    [
      0.007217315466153072,
      -0.00010671630880883576,
      1.010522137626133e-11
    ],
    [
      0.0037809323892280047,
      0.006354451980548963,
      1.3212874691035747e-12
    ],
    [
      -0.003617521495790942,
      0.006522144203803281,
      4.528977620856901e-13
    ],
    [
      -0.007473167725702521,
      -0.0001754565746108779,
      6.45739561002882e-13
    ],
    [
      -0.0035902106017005144,
      -0.006384763135482593,
      6.203621153641566e-12
    ],
    [
      -0.004037965649183794,
      0.007138334827355709,
      1.6560667996471445e-13
    ]
  ],
  "nac": [
    [
      -0.030697858855921696,
      -0.48419741322043036,
      2.199478764484667e-09
    ],
    [
      -0.4168199836044546,
      0.21645510613767985,
      -1.7860046542983122e-09
    ],
    [
      0.4137993490646436,
      0.19107820915512028,
      -2.664477891041368e-10
    ],
    [
      -0.006791901031008697,
      -0.36837461191684373,
      1.3689727963586943e-10
    ],
    [
      -0.37816918348293704,
      0.16710730947136368,
      4.108240400446345e-09
    ],
    [
      0.4292146235395147,
      0.27043803397500604,
      -1.2017225304221938e-08
    ],
    [
      -8.312120235064577e-05,
      -0.005393503437080124,
      8.10448900633556e-10
    ],
    [
      -0.004779325270348086,
      0.002767844489915813,
      5.460412580935223e-10
    ],
    [
      0.004196619674731414,
      0.0028103147255287148,
      1.9779047722027706e-12
    ],
    [
      0.0001591309409549429,
      -0.00440683068106798,
      -3.9893339375915387e-10
    ],
    [
      -0.004257661212023162,
      0.0026569103083889305,
      -1.2415752254970644e-10
    ],
    [
      0.006872326301714659,
      0.004254702567581851,
      7.450876776728149e-09
    ]
  ],
  "ci_overlap_with_fci": [
    0.9999999999992268,
    0.9999999999993644
  ],
  "ncas": 6,
  "ncore": 18,
  "nelec_act": 6,
  "runtime_s": 16.981651306152344
}