{
  "system": "benzene_631g",
  "label": "benzene / 6-31g / CAS(6,6) SA(2)",
  "bond_dim": 64,
  "e_states_fci": [
    -230.68272299254576,
    -230.45069382380265
  ],
  "e_states_dmrg": [
    -230.68272299254684,
    -230.45069382380333
  ],
  "e_dmrg_su2": [
    -230.68272299254684,
    -230.45069382380336,
    -230.34208412528486,
    -230.2939227132289,
    -230.27051778643568,
    -230.19044195129032
  ],
  "root_assignment_dmrg_to_fci": [
    0,
    1
  ],
  "root_overlap_matrix": [
    [
      0.999999999999054,
      1.9586415822558934e-13
    ],
    [
      -1.5015072518664851e-13,
      0.9999999999991996
    ],
    [
      7.806576249374999e-07,
      1.4042078787636705e-07
    ],
    [
      -9.520363308162041e-08,
      1.210985318086423e-07
    ],
    [
      -4.641492502730979e-07,
      6.738281533132584e-07
    ],
    [
      3.7041751541067036e-07,
      -3.4402032153546536e-08
    ]
  ],
  "root_assigned_abs_overlaps": [
    0.999999999999054,
    0.9999999999991996
  ],
  "grad": [
    [
      -0.0036105974052796554,
      -0.0012735502480820393,
      -7.274783900693956e-12
    ],
    [
      0.010130002753185163,
      -0.002236338005946529,
      1.8407337371411176e-12
    ],
    [
      -0.01138293584339442,
      -0.004433129215780932,
      -1.0789167213115653e-11
    ],
    [
      0.005375149049339459,
      0.00029421864560341335,
      5.9188179760143925e-12
    ],
    [
      -0.0032586546254753344,
      -0.009754944691459214,
      -4.500345367779639e-11
    ],
    [
      -0.00520541623940356,
      0.0036767762014548577,
      -3.6012390720617684e-12
    ],
    [
      0.006433446846997144,
      -0.00011929865532235286,
      9.650740481830259e-13
    ],
    [
      0.003379734328354867,
      0.00555501064563311,
      -2.184011511402082e-12
    ],
    [
      -0.00342860526211683,
      0.005542238428461976,
      9.912812946078303e-14
    ],
    [
      -0.006355153039596343,
      -0.00010622292506083929,
      7.35624003169039e-12
    ],
    [
      0.0049078472977171755,
      0.008325620685923392,
      5.066882714155864e-11
    ],
    [
      0.003015182139780329,
      -0.005470380865442227,
      2.003834312194994e-12
    ]
  ],
  "nac": [
    [
      -0.016784714727456053,
      0.4658410772030028,
      2.919539526983938e-09
    ],
    [
      0.3686705283971241,
      -0.258732281704496,
      -5.175514266256792e-10
    ],
    [
      -0.32396435246423516,
      -0.18303892247851056,
      -8.315477175916561e-10
    ],
    [
      -0.04136921635690396,
      0.4138402850917496,
      -2.116412198091149e-10
    ],
    [
      0.44832226555171806,
      -0.23507626248838207,
      1.7953408964828843e-08
    ],
    [
      -0.43599153421364994,
      -0.2170605896490994,
      -6.380028542662098e-09
    ],
    [
      -2.542445175837542e-05,
      0.005800711744447801,
      1.5308960648242236e-09
    ],
    [
      0.0047720133428529495,
      -0.0024285028835247294,
      5.274161027362734e-11
    ],
    [
      -0.0039748043585186195,
      -0.0024373487140028744,
      -1.0913541973411483e-09
    ],
    [
      0.0001751185147756199,
      0.005298268023778623,
      1.4840725017425594e-09
    ],
    [
      0.007552513492446746,
      -0.0040081784292916285,
      -1.0980777895676158e-08
    ],
    [
      -0.0049999934477233405,
      -0.00274283115808225,
      -2.239969772674325e-09
    ]
  ],
  "ci_overlap_with_fci": [
    0.9999999999990541,
    0.9999999999991996
  ],
  "ncas": 6,
  "ncore": 18,
  "nelec_act": 6,
  "runtime_s": 41.01876258850098
}