{
  "system": "benzene",
  "label": "benzene / sto-3g / CAS(6,6) SA(2)",
  "bond_dim": 8,
  "e_states_fci": [
    -227.9970338394001,
    -227.8011513511991
  ],
  "e_states_dmrg": [
    -227.90363148285337,
    -227.62666885420532
  ],
  "e_dmrg_su2": [
    -227.99040131783661,
    -227.77164417522633,
    -227.6362807546924,
    -227.59690731538777,
    -227.59365559974032,
    -227.5516279787957
  ],
  "root_assignment_dmrg_to_fci": [
    0,
    1
  ],
  "root_overlap_matrix": [
    [
      -0.9285942319505001,
      -1.7525725986718328e-09
    ],
    [
      9.232377221606383e-09,
      0.865463122026306
    ],
    [
      9.367184974104086e-07,
      0.00018962829739514633
    ],
    [
      -5.029833024555101e-05,
      6.0964615267385886e-06
    ],
    [
      -0.0030082846155402715,
      6.076674050751272e-08
    ],
    [
      1.9902145975985215e-09,
      0.08863414135336621
    ]
  ],
  "root_assigned_abs_overlaps": [
    0.9285942319505001,
    0.865463122026306
  ],
  "grad": [
    [
      0.004814243829094039,
      -2.028008787259302e-07,
      2.179027451567612e-08
    ],
    [
      0.006268226145322166,
      0.0042227643862288965,
      -2.6196777506806042e-08
    ],
    [
      -0.006265955048588706,
      0.004227126461877433,
      4.812541022115574e-09
    ],
    [
      -0.004822521191235718,
      1.9415338432340803e-07,
      2.5035829954238144e-08
    ],
    [
      -0.006265850339590238,
      -0.0042273259743249615,
      5.213851941323555e-09
    ],
    [
      0.006268344666007973,
      -0.004222555917108323,
      -2.5658547504717297e-08
    ],
    [
      -0.0003784937608681013,
      -2.4674435867573254e-09,
      9.46426073585826e-09
    ],
    [
      -0.0003511361704469705,
      -0.0006825467700411915,
      -7.199213112398879e-11
    ],
    [
      0.0003518247773550455,
      -0.0006821102053536245,
      -1.3975168113378493e-09
    ],
    [
      0.0003805989338458173,
      2.3580667678366818e-09,
      -1.1615565576294754e-08
    ],
    [
      0.00035183951798279755,
      0.0006821309720370819,
      -1.388809258206174e-09
    ],
    [
      -0.0003511213588686397,
      0.0006825258035391684,
      1.2450619190922819e-11
    ]
  ],
  "nac": [
    [
      -0.0031694660426171877,
      0.5579343201456577,
      4.0653775291369354e-08
    ],
    [
      0.42653487240503546,
      -0.2626867142752836,
      -1.9193931594307337e-08
    ],
    [
      -0.42668709082431067,
      -0.2627389136460963,
      1.2746408632838036e-08
    ],
    [
      0.0031649376666642065,
      0.558241946831127,
      4.0813723979592034e-08
    ],
    [
      0.46591766495587794,
      -0.25769381669955194,
      1.404648466566736e-08
    ],
    [
      -0.46577646952593493,
      -0.25766803986127484,
      -6.698629196771666e-08
    ],
    [
      0.0010046548257009983,
      -0.001982800190736052,
      1.0801646796293607e-08
    ],
    [
      0.0007993676885806176,
      -0.005038636284186922,
      1.5165393745704085e-09
    ],
    [
      -0.0007681054412407844,
      -0.00507489951712581,
      -1.0856163214472012e-08
    ],
    [
      -0.0009914967824846965,
      -0.0019924416128553777,
      -2.404316173453717e-08
    ],
    [
      0.001038040084861443,
      -0.004042024089054583,
      3.5155888895585164e-09
    ],
    [
      -0.0010648733041111584,
      -0.003995436723228861,
      -2.797350706339352e-09
    ]
  ],
  "ci_overlap_with_fci": [
    0.9285942319505001,
    0.865463122026306
  ],
  "ncas": 6,
  "ncore": 18,
  "nelec_act": 6,
  "runtime_s": 14.309631824493408
}