{
  "system": "benzene_631g",
  "label": "benzene / 6-31g / CAS(6,6) SA(2)",
  "bond_dim": 16,
  "e_states_fci": [
    -230.68272299254576,
    -230.45069382380265
  ],
  "e_states_dmrg": [
    -230.67049756683616,
    -230.43361588705054
  ],
  "e_dmrg_su2": [
    -230.68272299254687,
    -230.45069382380325,
    -230.34208412528486,
    -230.29392271322897,
    -230.27051778643568,
    -230.19044195129032
  ],
  "root_assignment_dmrg_to_fci": [
    0,
    1
  ],
  "root_overlap_matrix": [
    [
      -0.995553125764295,
      -0.0026430987014869137
    ],
    [
      0.002004095590739642,
      -0.9941801439132145
    ],
    [
      -0.0031122792314526347,
      0.0036050782554525713
    ],
    [
      0.0030695798251138173,
      0.01538312726346666
    ],
    [
      0.0038283105221504935,
      -0.01922818156604609
    ],
    [
      0.005151708312810366,
      0.0011240300381117202
    ]
  ],
  "root_assigned_abs_overlaps": [
    0.995553125764295,
    0.9941801439132145
  ],
  "grad": [
    [
      -0.0029909747258491347,
      -0.000778102496255359,
      6.203395890756687e-10
    ],
    [
      0.010537888645918633,
      -0.00216881615826163,
      -1.4560087634124882e-11
    ],
    [
      -0.012341899084642081,
      -0.004664788330084053,
      3.0363241004981095e-10
    ],
    [
      0.005635756881328833,
      0.0008872377655743113,
      -6.722367965598433e-10
    ],
    [
      -0.0008439838751234177,
      -0.005264194140971465,
      1.3317485403552577e-09
    ],
    [
      -0.00525033543262819,
      0.0028967473186744357,
      -9.552328358238009e-10
    ],
    [
      0.006407363601794558,
      -0.00011816423450077766,
      9.233352522203721e-13
    ],
    [
      0.003377184114716693,
      0.005537881652454475,
      7.30264859338854e-12
    ],
    [
      -0.0034347296942631054,
      0.005515633079998603,
      -3.90798550144902e-12
    ],
    [
      -0.00633587905530714,
      -9.27339518763424e-05,
      -1.665008906735305e-10
    ],
    [
      0.0022442214399698342,
      0.003685771283875632,
      -7.108573396827637e-11
    ],
    [
      0.0029953871840607696,
      -0.005436471788583114,
      -3.8042219316382403e-10
    ]
  ],
  "nac": [
    [
      -0.048668704913882664,
      0.48022085562614053,
      3.5684799728945785e-09
    ],
    [
      0.3813533134819696,
      -0.2964269864399125,
      -5.234715713883e-10
    ],
    [
      -0.2818496432031232,
      -0.12290815985383903,
      1.2179615799801305e-09
    ],
    [
      -0.07776082430720951,
      0.3656889098708908,
      -5.762804810324862e-09
    ],
    [
      0.461864561995729,
      -0.24891367248285495,
      2.7235281724483316e-08
    ],
    [
      -0.4265757578917116,
      -0.1971389064469891,
      -6.75604807415512e-09
    ],
    [
      -1.558430189352681e-05,
      0.006135010030740987,
      5.591337560031415e-10
    ],
    [
      0.004750787583871575,
      -0.0020245727771963165,
      2.255341274151437e-12
    ],
    [
      -0.0035290664694423595,
      -0.0025531511854881557,
      -1.0527570905669807e-10
    ],
    [
      9.657218177389925e-05,
      0.0050268704670663085,
      -5.508459542964462e-10
    ],
    [
      0.008617071598866334,
      0.003571485651396842,
      -1.692718462171127e-08
    ],
    [
      -0.005398356768684873,
      -0.002526593514899718,
      -2.369035641900386e-09
    ]
  ],
  "ci_overlap_with_fci": [
    0.995553125764295,
    0.9941801439132145
  ],
  "ncas": 6,
  "ncore": 18,
  "nelec_act": 6,
  "runtime_s": 41.36941647529602
}