{
  "system": "benzene_631g",
  "label": "benzene / 6-31g / CAS(6,6) SA(2)",
  "bond_dim": 32,
  "e_states_fci": [
    -230.68272299254576,
    -230.45069382380265
  ],
  "e_states_dmrg": [
    -230.68175419945666,
    -230.4493288629132
  ],
  "e_dmrg_su2": [
    -230.6827229925467,
    -230.4506938238033,
    -230.3420841252847,
    -230.29392271322885,
    -230.27051778643568,
    -230.1904419512902
  ],
  "root_assignment_dmrg_to_fci": [
    0,
    1
  ],
  "root_overlap_matrix": [
    [
      0.9997331884686935,
      -0.0006620457705029253
    ],
    [
      -0.0005593095264097708,
      -0.9994109919488243
    ],
    [
      -0.00021214986721181626,
      -0.003865175192736924
    ],
    [
      0.00032623058701675405,
      0.002912178639211749
    ],
    [
      -0.00026190967011559003,
      -0.0019396445250870471
    ],
    [
      0.0003972509198277019,
      -0.0017607001669657646
    ]
  ],
  "root_assigned_abs_overlaps": [
    0.9997331884686935,
    0.9994109919488243
  ],
  "grad": [
    [
      -0.0035108145871540243,
      -0.0014790841108635894,
      6.637913323955897e-12
    ],
    [
      0.009982244168367928,
      -0.0020407933171018577,
      1.887372528118659e-12
    ],
    [
      -0.011384490991387976,
      -0.004498021520866438,
      -7.33207355721333e-12
    ],
    [
      0.005469354616863926,
      0.0002771167522110374,
      3.5857814583584696e-12
    ],
    [
      -0.00314675645740245,
      -0.009163556995129617,
      -2.9819592038776706e-11
    ],
    [
      -0.0050622729809268255,
      0.0036891738325063577,
      2.9920444921285186e-12
    ],
    [
      0.006430980052410828,
      -0.00012305851854826932,
      -2.1926357785236034e-12
    ],
    [
      0.00337715473464255,
      0.005553789891931593,
      -4.114030290642695e-13
    ],
    [
      -0.003428749146715339,
      0.005541095126336375,
      1.031231796788845e-12
    ],
    [
      -0.006353957106632154,
      -0.00010598327641973577,
      2.2815457163234785e-12
    ],
    [
      0.004610572633729669,
      0.00781662676450794,
      2.6592280360685934e-11
    ],
    [
      0.003016735064186456,
      -0.005467304628552486,
      -5.252465272907385e-12
    ]
  ],
  "nac": [
    [
      -0.01439399278043459,
      0.46582395592142056,
      2.9235965380855094e-10
    ],
    [
      0.36639999049238503,
      -0.25759704525885263,
      -1.9351643464319744e-10
    ],
    [
      -0.3223302653276863,
      -0.18206041408838325,
      -8.279306543327511e-10
    ],
    [
      -0.04185252938677147,
      0.4149129769366636,
      -2.2858782833360047e-09
    ],
    [
      0.4482224950337166,
      -0.2398419222145548,
      6.861741736476658e-09
    ],
    [
      -0.43717733063823383,
      -0.21572758815811766,
      -2.832073771798323e-09
    ],
    [
      -4.642704473032206e-05,
      0.005771240649626074,
      6.578932526573368e-11
    ],
    [
      0.004746208812367412,
      -0.002417038860099662,
      9.4078659777662e-11
    ],
    [
      -0.003992593305614714,
      -0.00246654952654303,
      2.420371112691494e-10
    ],
    [
      0.00017121179032501582,
      0.005271145175410653,
      6.595645651969193e-10
    ],
    [
      0.006767905267880668,
      -0.003361674309976494,
      -1.2036277101289722e-09
    ],
    [
      -0.005049668018414569,
      -0.0028116336852245316,
      8.264953924373392e-11
    ]
  ],
  "ci_overlap_with_fci": [
    0.9997331884686936,
    0.9994109919488243
  ],
  "ncas": 6,
  "ncore": 18,
  "nelec_act": 6,
  "runtime_s": 41.2694571018219
}