{
  "system": "benzene",
  "label": "benzene / sto-3g / CAS(6,6) SA(2)",
  "bond_dim": 120,
  "e_states_fci": [
    -227.9970338394001,
    -227.8011513511991
  ],
  "e_states_dmrg": [
    -227.99703383940084,
    -227.80115135120062
  ],
  "e_dmrg_su2": [
    -227.99703383940084,
    -227.80115135120064,
    -227.67379475055355,
    -227.67379474943294,
    -227.60193571879864,
    -227.56587926432024
  ],
  "root_assignment_dmrg_to_fci": [
    0,
    1
  ],
  "root_overlap_matrix": [
    [
      0.999999999999222,
      7.122397847987699e-15
    ],
    [
      9.487696007399595e-15,
      -0.9999999999951003
    ],
    [
      -5.89956197637187e-07,
      1.7295135438740075e-08
    ],
    [
      2.2912211954920127e-09,
      2.964534540562517e-06
    ],
    [
      1.5474344951354584e-09,
      2.116062088029147e-10
    ],
    [
      1.9965885455112114e-08,
      3.641274808618977e-07
    ]
  ],
  "root_assigned_abs_overlaps": [
    0.999999999999222,
    0.9999999999951003
  ],
  "grad": [
    [
      -0.009178965655486178,
      4.3357833488877625e-11,
      -1.8392222109517477e-09
    ],
    [
      -0.0045894895900271855,
      -0.007949223114471899,
      -4.266157143469508e-10
    ],
    [
      0.004589489088755529,
      -0.007949223751928572,
      1.6408580441640024e-09
    ],
    [
      0.009178966120272133,
      -2.885665742943311e-11,
      2.0560278341911277e-10
    ],
    [
      0.004589489102891012,
      0.007949223852083192,
      1.647065150343786e-09
    ],
    [
      -0.004589489568345514,
      0.007949223008112306,
      -4.234658406328284e-10
    ],
    [
      -0.00016458731655829477,
      -1.5909357774371448e-12,
      2.0560056087660205e-09
    ],
    [
      -8.229271308497817e-05,
      -0.00014253467117761838,
      -7.145439839035355e-10
    ],
    [
      8.229282562747392e-05,
      -0.0001425346648543319,
      -4.415645687005377e-10
    ],
    [
      0.00016458759105872687,
      -6.983409078719323e-13,
      -5.427089436796446e-10
    ],
    [
      8.229282658224634e-05,
      0.0001425346625506684,
      -4.441573344975873e-10
    ],
    [
      -8.22927116813571e-05,
      0.00014253466746346792,
      -7.172529899820176e-10
    ]
  ],
  "nac": [
    [
      -1.0960524765334909e-08,
      0.6993568758133906,
      1.3401127024124403e-10
    ],
    [
      0.6056608566414907,
      -0.34967847664668694,
      1.46777941182541e-08
    ],
    [
      -0.605660837061703,
      -0.3496784380156159,
      -1.532223270899501e-08
    ],
    [
      -2.4940671699557962e-08,
      0.6993568617375912,
      1.1654386093492585e-10
    ],
    [
      0.6056608500848817,
      -0.34967847453709355,
      1.5588156684054263e-08
    ],
    [
      -0.605660828969264,
      -0.34967844815242627,
      -1.448132385472693e-08
    ],
    [
      -7.476346831418445e-10,
      0.0019758780139668545,
      -7.874697090657919e-11
    ],
    [
      0.0017111585746011199,
      -0.0009879271480103973,
      7.59940326447691e-09
    ],
    [
      -0.0017111579955361458,
      -0.000987929925191334,
      -1.7291643906734991e-09
    ],
    [
      -1.5294125226949183e-09,
      0.0019758801097257334,
      -1.169919760365806e-10
    ],
    [
      0.0017111595390947368,
      -0.0009879266026687848,
      1.5013823812659975e-09
    ],
    [
      -0.0017111574883068336,
      -0.0009879290876179195,
      -7.758056105686894e-09
    ]
  ],
  "ci_overlap_with_fci": [
    0.999999999999222,
    0.9999999999951003
  ],
  "ncas": 6,
  "ncore": 18,
  "nelec_act": 6,
  "runtime_s": 13.425007104873657
}