{
  "system": "benzene",
  "label": "benzene / sto-3g / CAS(6,6) SA(2)",
  "bond_dim": 24,
  "e_states_fci": [
    -227.9970338394001,
    -227.8011513511991
  ],
  "e_states_dmrg": [
    -227.9829336419429,
    -227.7700817687041
  ],
  "e_dmrg_su2": [
    -227.99703383940084,
    -227.80115135120073,
    -227.6737947505536,
    -227.67379474943297,
    -227.60193571879853,
    -227.56587926428938
  ],
  "root_assignment_dmrg_to_fci": [
    0,
    1
  ],
  "root_overlap_matrix": [
    [
      -0.9934937445720664,
      -1.0174850430679679e-06
    ],
    [
      -8.25028206228181e-07,
      0.981912524185842
    ],
    [
      5.9860445889432845e-05,
      2.7348839760534544e-05
    ],
    [
      -0.005812543081501337,
      -6.756787913255478e-07
    ],
    [
      -4.392916827269589e-06,
      -0.00010515986824167811
    ],
    [
      -7.159866759852839e-06,
      0.0004140087778346761
    ]
  ],
  "root_assigned_abs_overlaps": [
    0.9934937445720664,
    0.981912524185842
  ],
  "grad": [
    [
      -0.006984501344291075,
      9.52069915015997e-07,
      -1.008349696604237e-09
    ],
    [
      -0.003853721644618977,
      -0.006044178086925606,
      -9.74215092585934e-10
    ],
    [
      0.0038574985730179985,
      -0.006044517736655625,
      1.8726963532412175e-09
    ],
    [
      0.006981478954359445,
      -1.6690826695921332e-07,
      1.4718138131178124e-09
    ],
    [
      0.0038553364433203223,
      0.006040844338626478,
      1.878828680374774e-09
    ],
    [
      -0.0038566321460080325,
      0.00604706736412915,
      -9.716277915500928e-10
    ],
    [
      -0.0002453720071447414,
      3.6221660522265456e-08,
      1.7329410529025651e-09
    ],
    [
      -0.00011069335496430104,
      -0.0001869558844512048,
      -8.323272687144648e-10
    ],
    [
      0.0001111833770064154,
      -0.0001875136035193089,
      -5.727262240661797e-10
    ],
    [
      0.00024540695258793615,
      -3.682123875920937e-08,
      -1.1799911984371168e-09
    ],
    [
      0.00011094976248074602,
      0.00018717802837517165,
      -5.755008314484413e-10
    ],
    [
      -0.00011093356574620196,
      0.00018729101833989332,
      -8.415417962280495e-10
    ]
  ],
  "nac": [
    [
      -0.0103023841933311,
      0.6478100190061616,
      1.7850136355151495e-09
    ],
    [
      0.5620669678191682,
      -0.33597516558274243,
      1.3024453394959795e-08
    ],
    [
      -0.5619130022262444,
      -0.3356480465943172,
      -9.594973046730137e-09
    ],
    [
      0.01010649243065351,
      0.6476136628890873,
      1.7779949105248572e-09
    ],
    [
      0.5573800542277959,
      -0.31881185885505214,
      1.3952482929343908e-08
    ],
    [
      -0.5573049938259844,
      -0.31871635413624105,
      -1.4219656359958177e-08
    ],
    [
      -0.0008966958767721897,
      0.002532546746277306,
      -1.2447977506692958e-09
    ],
    [
      0.0018680858637057291,
      0.000632443514032888,
      5.6447413485382136e-09
    ],
    [
      -0.0019091893237042946,
      0.0006387482914155827,
      -3.2473926415217986e-09
    ],
    [
      0.0008850831369282893,
      0.002526514280104123,
      -1.7765285860330573e-09
    ],
    [
      0.0014365052085310763,
      -0.0006826456726318444,
      1.496325368987823e-09
    ],
    [
      -0.001515691173640632,
      -0.0006227534248119576,
      -7.455374055912186e-09
    ]
  ],
  "ci_overlap_with_fci": [
    0.9934937445720664,
    0.981912524185842
  ],
  "ncas": 6,
  "ncore": 18,
  "nelec_act": 6,
  "runtime_s": 13.84359884262085
}