{
  "system": "benzene_321g",
  "label": "benzene / 3-21g / CAS(6,6) SA(2)",
  "bond_dim": 16,
  "e_states_fci": [
    -229.47669959843483,
    -229.240878918267
  ],
  "e_states_dmrg": [
    -229.46645513639172,
    -229.22397396780846
  ],
  "e_dmrg_su2": [
    -229.47669959843523,
    -229.24087891826687,
    -229.13294609825036,
    -229.08447692622696,
    -229.0618455738991,
    -228.97829424383355
  ],
  "root_assignment_dmrg_to_fci": [
    0,
    1
  ],
  "root_overlap_matrix": [
    [
      -0.9946338170467041,
      -0.007006180944877868
    ],
    [
      0.005112669101672542,
      -0.9938480470330412
    ],
    [
      0.0003808438517199789,
      -0.021140916724097104
    ],
    [
      -0.0004851497475897894,
      -0.024694969817475522
    ],
    [
      0.00328212344319714,
      -0.006057920771266682
    ],
    [
      0.0045982379871254975,
      0.0007628279854288954
    ]
  ],
  "root_assigned_abs_overlaps": [
    0.9946338170467041,
    0.9938480470330412
  ],
  "grad": [
    [
      -0.001651986408178166,
      -0.005172945833974658,
      -7.454820079244819e-11
    ],
    [
      0.0034833593759332065,
      0.001162091460363869,
      2.7599013761251092e-11
    ],
    [
      0.0014694628661933995,
      0.010146003419004382,
      4.49392736578467e-13
    ],
    [
      -0.002374017939391516,
      -0.015924513088422056,
      -4.544698330582646e-11
    ],
    [
      -0.0016820777398438846,
      0.0061952120963925435,
      3.6649345008803425e-11
    ],
    [
      0.007311554257447137,
      -0.007414649091744191,
      -3.1603168094518768e-12
    ],
    [
      0.0071623180998015516,
      -0.00014369826138799184,
      2.0326842070088417e-11
    ],
    [
      0.003780354750570678,
      0.006306640640903593,
      -1.2815628206496606e-11
    ],
    [
      -0.0036168435231479987,
      0.006472692703812662,
      -3.552452340876637e-12
    ],
    [
      -0.00748239535349376,
      -0.00023032968169482663,
      9.185844557533657e-12
    ],
    [
      -0.003600253995470597,
      -0.006349598821173037,
      1.2325858481409776e-11
    ],
    [
      -0.0027994743904609263,
      0.004953094457960839,
      3.298728483944498e-11
    ]
  ],
  "nac": [
    [
      -0.05667605332287186,
      -0.4364845888843569,
      5.415751056288707e-10
    ],
    [
      -0.5099416800689468,
      0.15690383483782602,
      -1.1289420737127317e-09
    ],
    [
      0.5327043094220938,
      0.1893135328653239,
      1.5108212939327107e-10
    ],
    [
      -0.08494680032513854,
      -0.22340583712480036,
      7.17638168799633e-10
    ],
    [
      -0.30503862806339294,
      0.029912332166849773,
      -3.6054284273209925e-10
    ],
    [
      0.4479366943672205,
      0.27015419906306676,
      -5.510763908709778e-09
    ],
    [
      -0.0008062740862616927,
      -0.0055753848042016255,
      2.3850089105557416e-10
    ],
    [
      -0.005379409491819697,
      0.0034849121736792044,
      5.699141263501669e-11
    ],
    [
      0.0037658072761639232,
      0.003421604477324991,
      1.3686549602412607e-10
    ],
    [
      0.0010278016971418953,
      -0.003739665926449229,
      -1.826144022087184e-11
    ],
    [
      -0.003550948950337688,
      0.0021747352201654485,
      -9.890416827802624e-11
    ],
    [
      0.0028941662522986196,
      0.005045721493275962,
      5.964971363538183e-09
    ]
  ],
  "ci_overlap_with_fci": [
    0.9946338170467041,
    0.9938480470330412
  ],
  "ncas": 6,
  "ncore": 18,
  "nelec_act": 6,
  "runtime_s": 17.351816177368164
}