{
  "system": "benzene",
  "label": "benzene / sto-3g / CAS(6,6) SA(2)",
  "bond_dim": 12,
  "e_states_fci": [
    -227.9970338394001,
    -227.8011513511991
  ],
  "e_states_dmrg": [
    -227.91575571832047,
    -227.74318985262417
  ],
  "e_dmrg_su2": [
    -227.9957828168471,
    -227.79770651436945,
    -227.67371645185824,
    -227.6669250258957,
    -227.60182174829944,
    -227.56569254513593
  ],
  "root_assignment_dmrg_to_fci": [
    0,
    1
  ],
  "root_overlap_matrix": [
    [
      0.9504829338429607,
      -7.441292993145614e-08
    ],
    [
      -3.60179539221474e-08,
      -0.9605631583787041
    ],
    [
      0.007280263695024158,
      -4.34229117638321e-08
    ],
    [
      2.4854006763983064e-05,
      0.00018345273708129053
    ],
    [
      -4.23943690349449e-05,
      5.2450552756382205e-05
    ],
    [
      1.3323303720608774e-08,
      0.03053864780023557
    ]
  ],
  "root_assigned_abs_overlaps": [
    0.9504829338429607,
    0.9605631583787041
  ],
  "grad": [
    [
      0.0020029184751992578,
      2.563078709063324e-06,
      -5.082202361276371e-10
    ],
    [
      0.0021947089641005495,
      0.0016209091069532104,
      -3.618454489499148e-09
    ],
    [
      -0.0021773161310285477,
      0.0016478724135665958,
      2.5967343689337925e-09
    ],
    [
      -0.002036603915323728,
      -2.551121971313476e-06,
      4.12773289434469e-09
    ],
    [
      -0.0021789716794899175,
      -0.0016455751902672532,
      2.6042544580027215e-09
    ],
    [
      0.002193115260594701,
      -0.001623226223076403,
      -3.6227242681335537e-09
    ],
    [
      -0.0005265645185807107,
      -6.384796562633699e-08,
      3.7012637995215878e-09
    ],
    [
      -0.0002571044090591142,
      -0.00044247194773752377,
      -1.0696801197973797e-09
    ],
    [
      0.0002566461845875806,
      -0.0004412944182516081,
      -3.483956925862455e-10
    ],
    [
      0.0005288209190175447,
      6.58646530073339e-08,
      -2.4327557986890355e-09
    ],
    [
      0.0002570512202837429,
      0.0004418669331719818,
      -3.5518642282063984e-10
    ],
    [
      -0.00025670037029261586,
      0.000441905352210634,
      -1.0745684931482523e-09
    ]
  ],
  "nac": [
    [
      -0.020131025920419116,
      0.768843106091347,
      5.90584123089182e-09
    ],
    [
      0.6818742936991169,
      -0.410758537302374,
      5.921615467208528e-09
    ],
    [
      -0.6820411058544632,
      -0.41101039224094865,
      -3.1997533034283605e-09
    ],
    [
      0.020067866271838472,
      0.7693579445965695,
      1.37368388599796e-08
    ],
    [
      0.6730037549517291,
      -0.3755948886812433,
      1.6302736335485407e-08
    ],
    [
      -0.6728308778973584,
      -0.37545062874319757,
      -2.9483693129011654e-08
    ],
    [
      -0.0001553023005544218,
      0.00453890627509094,
      6.431371028065435e-09
    ],
    [
      0.002182076276455225,
      0.002017093528403743,
      1.411979901368735e-09
    ],
    [
      -0.002180669632016226,
      0.002028397250895954,
      -4.791546428681126e-09
    ],
    [
      0.0001851511896275952,
      0.0045377756848125695,
      -8.57865909745286e-09
    ],
    [
      0.002004139227128846,
      0.0015543394480759005,
      3.1327347780514995e-09
    ],
    [
      -0.002009324317742169,
      0.0015752344939531147,
      -6.624885327920052e-09
    ]
  ],
  "ci_overlap_with_fci": [
    0.9504829338429607,
    0.9605631583787041
  ],
  "ncas": 6,
  "ncore": 18,
  "nelec_act": 6,
  "runtime_s": 13.868740558624268
}