{
  "system": "benzene",
  "label": "benzene / sto-3g / CAS(6,6) SA(2)",
  "bond_dim": 4,
  "e_states_fci": [
    -227.9970338394001,
    -227.8011513511991
  ],
  "e_states_dmrg": [
    -227.72305386861632,
    -227.69124132148397
  ],
  "e_dmrg_su2": [
    -227.9442156107733,
    -227.6876444171371,
    -227.5656038222175,
    -227.55147959612634,
    -227.5015343008282,
    -227.49977069807338
  ],
  "root_assignment_dmrg_to_fci": [
    0,
    2
  ],
  "root_overlap_matrix": [
    [
      0.6744801455892867,
      0.39231903320527056
    ],
    [
      0.024774896747461875,
      -0.01716767040995972
    ],
    [
      0.6178862970651139,
      0.428272727975376
    ],
    [
      0.13004924305696042,
      -0.08948134048232376
    ],
    [
      -0.0008182873948101683,
      -0.00025819866950380023
    ],
    [
      0.0002444209378109646,
      0.00019898706877367325
    ]
  ],
  "root_assigned_abs_overlaps": [
    0.6744801455892867,
    0.428272727975376
  ],
  "grad": [
    [
      -0.29823385875155717,
      -2.392408300603578,
      -0.004753198075391695
    ],
    [
      -1.3811596690649663,
      1.08121640163264,
      0.006269118253977457
    ],
    [
      1.5596968168246435,
      0.992060028959812,
      0.006024467598373711
    ],
    [
      0.28340189917071057,
      -2.5018768116310595,
      -0.005851690904087166
    ],
    [
      -0.8036365408503481,
      0.87666361002093,
      -0.00522264437308123
    ],
    [
      0.7593629624847344,
      0.9754028629624654,
      0.001312314826095167
    ],
    [
      0.10271816061604716,
      0.13897816692436132,
      0.0024806117862888216
    ],
    [
      -0.04217917114676428,
      0.08868025097126198,
      -0.0020767896393353506
    ],
    [
      -0.024218316557234984,
      0.13364646464443086,
      -0.004324503574914576
    ],
    [
      -0.1408506094496873,
      0.15058262901284522,
      -0.0035916397072563748
    ],
    [
      0.023508910947913464,
      0.24354219896209872,
      0.004974487239958663
    ],
    [
      -0.038410584223462385,
      0.21351249814386764,
      0.004759466569289855
    ]
  ],
  "nac": [
    [
      9.623153593667652,
      9.697190998677256,
      0.21031727531193462
    ],
    [
      11.615316331366566,
      4.73928575519894,
      -0.6045316582765209
    ],
    [
      -11.240775807266685,
      4.393801674344778,
      0.05050323610196421
    ],
    [
      -8.7760260084163,
      8.030173638846474,
      -0.7284719814926481
    ],
    [
      1.5955034748383359,
      -12.575265346730607,
      0.9006737673487971
    ],
    [
      -2.8814118227237464,
      -13.445525139199388,
      0.7907760004001566
    ],
    [
      0.2229898224075121,
      -0.03818044141456863,
      -0.0891071491903555
    ],
    [
      0.23154589350909185,
      0.05893941134425921,
      -0.33114261280272766
    ],
    [
      -0.1637166409155854,
      0.3011477882164614,
      -0.4720243587033268
    ],
    [
      -0.5500096098641676,
      -0.027290136229319892,
      -0.24537855432954642
    ],
    [
      -0.472668511739822,
      -0.6061758273570113,
      0.1932402225818869
    ],
    [
      0.6803601252083121,
      -0.5529410204249663,
      0.3251458062568334
    ]
  ],
  "ci_overlap_with_fci": [
    0.6744801455892867,
    0.428272727975376
  ],
  "ncas": 6,
  "ncore": 18,
  "nelec_act": 6,
  "runtime_s": 18.66633677482605
}