{
  "system": "benzene_631g",
  "label": "benzene / 6-31g / CAS(6,6) SA(2)",
  "bond_dim": 4,
  "e_states_fci": [
    -230.68272299254576,
    -230.45069382380265
  ],
  "e_states_dmrg": [
    -230.57801338113083,
    -230.29633749766214
  ],
  "e_dmrg_su2": [
    -230.66430244285436,
    -230.43287974927605,
    -230.32350298663246,
    -230.27532532369418,
    -230.2522729191074,
    -230.17200984936318
  ],
  "root_assignment_dmrg_to_fci": [
    0,
    1
  ],
  "root_overlap_matrix": [
    [
      0.9039948362230801,
      -0.05811321187908794
    ],
    [
      -0.08480573764757869,
      0.5683224663889487
    ],
    [
      -0.1828546504157274,
      -0.33775606360407695
    ],
    [
      0.4262504508848498,
      -0.0018273517922185248
    ],
    [
      1.964595744914107e-09,
      1.8003328357537452e-09
    ],
    [
      0.010754800936984749,
      0.0009822869993400887
    ]
  ],
  "root_assigned_abs_overlaps": [
    0.9039948362230801,
    0.5683224663889487
  ],
  "grad": [
    [
      0.024766624407614846,
      0.2659084294646481,
      2.4419701396615923e-06
    ],
    [
      0.00775675752441507,
      0.05137694065181049,
      -2.3726831666241043e-07
    ],
    [
      0.1696237673547687,
      0.055584097806548854,
      -3.415809465864114e-06
    ],
    [
      -0.005041906852995659,
      -0.44411887935099115,
      7.559364581644379e-08
    ],
    [
      -0.15402861082800612,
      0.5383968847852874,
      -1.079354588196389e-05
    ],
    [
      -0.05852709469433515,
      -0.44204613261361647,
      -3.6974038229279717e-06
    ],
    [
      0.04805537503403429,
      0.017159290386065354,
      1.5022642803213931e-06
    ],
    [
      -0.0058276848715317076,
      -0.008005479169853317,
      -3.22435633045176e-08
    ],
    [
      -0.012992772963948053,
      0.0292988360822349,
      -1.182825719186968e-06
    ],
    [
      0.019300389502009234,
      -0.04320681662613049,
      -1.2114770085441126e-06
    ],
    [
      -0.008639927567139397,
      0.04181805782236972,
      1.3803703669209593e-05
    ],
    [
      -0.02444491604640863,
      -0.062165229236974234,
      2.7470420434210896e-06
    ]
  ],
  "nac": [
    [
      -1.1880904349352077,
      1.3370906031582124,
      -0.011439393796543197
    ],
    [
      0.5757586254525074,
      0.03157927446946735,
      0.00175760053693539
    ],
    [
      1.2844246692607482,
      -0.1447643418751399,
      -0.0003417600519967446
    ],
    [
      -2.4679468754796927,
      -2.4907110011454723,
      -0.0006474053079223477
    ],
    [
      2.6778900909902097,
      6.54813367414911,
      0.0014031668235178968
    ],
    [
      0.8733769492301704,
      -2.476748328845957,
      0.013436497751522473
    ],
    [
      -0.1354378681047889,
      -0.03829184835021978,
      -0.00033368985226548396
    ],
    [
      -0.033597082527308496,
      -0.14846657209588782,
      -0.0001663285462389711
    ],
    [
      -0.04314823292155458,
      0.06979889657590142,
      5.052490650998522e-05
    ],
    [
      0.11085534471784994,
      -0.5035584590955564,
      -0.0008396233452109575
    ],
    [
      -1.0730887621317753,
      -1.6642673510282442,
      -0.006370581243807755
    ],
    [
      -0.3899334407043134,
      -0.2930640795153822,
      0.0034909923427082663
    ]
  ],
  "ci_overlap_with_fci": [
    0.9039948362230803,
    0.5683224663889487
  ],
  "ncas": 6,
  "ncore": 18,
  "nelec_act": 6,
  "runtime_s": 48.65982723236084
}