{
  "system": "benzene_321g",
  "label": "benzene / 3-21g / CAS(6,6) SA(2)",
  "bond_dim": 4,
  "e_states_fci": [
    -229.47669959843483,
    -229.240878918267
  ],
  "e_states_dmrg": [
    -229.3311089260468,
    -229.0967253315708
  ],
  "e_dmrg_su2": [
    -229.45858567587965,
    -229.2234528142687,
    -229.1146060719014,
    -229.0663772088132,
    -229.04373570614356,
    -228.95995824761425
  ],
  "root_assignment_dmrg_to_fci": [
    0,
    5
  ],
  "root_overlap_matrix": [
    [
      0.8409739260715378,
      0.08052751401052455
    ],
    [
      -0.13466635044326822,
      -0.579423609156868
    ],
    [
      0.19337558262644786,
      0.25038566751051594
    ],
    [
      0.4883469452761887,
      -0.4449716186009602
    ],
    [
      -1.4804236624378332e-08,
      5.524582029789303e-10
    ],
    [
      -0.24033680549551756,
      0.6116519190104118
    ]
  ],
  "root_assigned_abs_overlaps": [
    0.8409739260715378,
    0.6116519190104118
  ],
  "grad": [
    [
      0.035610270213668,
      0.00454395799346799,
      2.5357536259967328e-05
    ],
    [
      -0.01757876129523392,
      0.03432743365861918,
      2.0797959541843095e-05
    ],
    [
      0.02619857390935746,
      0.028636854089963068,
      -7.525271020954761e-06
    ],
    [
      -0.03414015423855399,
      -0.005141689364021821,
      -1.962345380827455e-05
    ],
    [
      -0.017682625329459967,
      -0.014833502772671814,
      5.574277102070235e-05
    ],
    [
      0.022357953950328413,
      -0.025143156606893674,
      -0.00014117487871689597
    ],
    [
      -0.0001373164166084198,
      0.005157538623195908,
      2.839462406689742e-06
    ],
    [
      -0.0024368951917521225,
      0.004043734376003687,
      1.1418412639033584e-06
    ],
    [
      -0.0020080234042537315,
      0.0025533521788866295,
      -5.037848702135998e-06
    ],
    [
      -0.0032101448794413998,
      0.0018074250173444957,
      -2.355641313937609e-06
    ],
    [
      -0.016450493241734608,
      -0.020507916865147864,
      1.2128750225155426e-05
    ],
    [
      0.009477615924802174,
      -0.015444030329459423,
      5.770877284399064e-05
    ]
  ],
  "nac": [
    [
      -0.5007241167972658,
      0.3986714666079225,
      -0.0006788227188650167
    ],
    [
      -1.8039218066112463,
      -1.3650168047101485,
      0.0028048291294933336
    ],
    [
      0.7122927792779176,
      1.271332688916246,
      -0.0013120232760923825
    ],
    [
      1.035842298900115,
      -0.18049253549307007,
      0.0011419056188032666
    ],
    [
      1.6447734462547423,
      -7.0175458868281675,
      -0.0027335288599576674
    ],
    [
      -1.5177177823470422,
      7.470687776117433,
      0.005296415895141612
    ],
    [
      -0.2925011783343306,
      -0.38544347757548375,
      -0.00030033485298994655
    ],
    [
      0.03384588110106113,
      0.010523819313142762,
      0.000367611161542356
    ],
    [
      -0.0058135576919686235,
      -0.01132796919826044,
      -0.00012423314044138808
    ],
    [
      0.041576429555516756,
      -0.04272921460824578,
      -7.502685839925887e-05
    ],
    [
      -0.5119489207463012,
      0.02766303017744699,
      -9.627256164367943e-05
    ],
    [
      1.0490258237113004,
      -0.3068414100826292,
      -0.004290801479752912
    ]
  ],
  "ci_overlap_with_fci": [
    0.8409739260715378,
    0.6116519190104118
  ],
  "ncas": 6,
  "ncore": 18,
  "nelec_act": 6,
  "runtime_s": 25.62593412399292
}