{
  "system": "benzene_321g",
  "label": "benzene / 3-21g / CAS(6,6) SA(2)",
  "bond_dim": 8,
  "e_states_fci": [
    -229.47669959843483,
    -229.240878918267
  ],
  "e_states_dmrg": [
    -229.44604985648556,
    -229.1927381208735
  ],
  "e_dmrg_su2": [
    -229.47603379658753,
    -229.2384747691475,
    -229.13175391219178,
    -229.082895483124,
    -229.05984395093753,
    -228.97113165657896
  ],
  "root_assignment_dmrg_to_fci": [
    0,
    1
  ],
  "root_overlap_matrix": [
    [
      0.9869710546594743,
      -0.009736020694344406
    ],
    [
      -0.0047172590946081665,
      -0.9607276111944281
    ],
    [
      0.00438290051693932,
      -0.016643233833795068
    ],
    [
      -0.0017327321708607512,
      0.007736781616169496
    ],
    [
      -0.013733165046532167,
      0.019981935942237516
    ],
    [
      -0.005065936159198564,
      0.00221376415363167
    ]
  ],
  "root_assigned_abs_overlaps": [
    0.9869710546594743,
    0.9607276111944281
  ],
  "grad": [
    [
      0.01476127479263719,
      0.01656941995202217,
      3.4540109077481054e-05
    ],
    [
      -0.02007386915833309,
      -0.055768890165618215,
      -8.277396712802071e-05
    ],
    [
      0.008413479417705885,
      0.006316470461155122,
      7.510114417570169e-05
    ],
    [
      -0.03941149896338758,
      0.006547813744249939,
      -4.7555958947012754e-05
    ],
    [
      0.02972383069369805,
      -0.020357880139133047,
      -9.58788520535115e-06
    ],
    [
      0.006400242077491236,
      0.004359136846497615,
      5.359306432375632e-05
    ],
    [
      0.011626234143014592,
      0.009387216964144438,
      1.1881239779040473e-05
    ],
    [
      0.006041284131662149,
      0.02951090746165895,
      -1.335320042828116e-05
    ],
    [
      -0.0032282355066493708,
      0.006633607558403605,
      3.7629948590896266e-06
    ],
    [
      -0.0001458449135337686,
      8.662772410819797e-05,
      -1.3369328544903479e-05
    ],
    [
      -0.0064292317536752954,
      -0.0009946341361010951,
      -9.940415105972443e-06
    ],
    [
      -0.0076776649607195845,
      -0.002289796271429511,
      -2.297796856011942e-06
    ]
  ],
  "nac": [
    [
      -0.5545935184523271,
      -1.0960590018570973,
      -0.0028852304627802737
    ],
    [
      0.534419464474631,
      1.6031321762815864,
      0.001176310119075888
    ],
    [
      -0.39201893623339795,
      -0.17689111175547728,
      -5.323724627227348e-05
    ],
    [
      0.6935401677973551,
      -0.35910391666322233,
      -0.00028281349727497053
    ],
    [
      -0.5643004987049981,
      0.798507436697369,
      0.0006457708980046108
    ],
    [
      0.5566249627862554,
      -0.20276565593386364,
      0.008551860398048608
    ],
    [
      -0.15673805156501455,
      -0.27241330154111754,
      -0.0011376861456996409
    ],
    [
      0.0004551728667265032,
      -0.2977045335668077,
      0.00042593795005466914
    ],
    [
      -0.00584881440732129,
      -0.014240518109965666,
      5.6680523789720086e-05
    ],
    [
      0.03596884630692083,
      0.018062449623980386,
      0.00021908696178069814
    ],
    [
      -0.058719049802389574,
      -0.05517038869308367,
      -0.0005407176278450074
    ],
    [
      -0.09473930960768484,
      0.03661906539476436,
      -0.006175953932750004
    ]
  ],
  "ci_overlap_with_fci": [
    0.9869710546594743,
    0.9607276111944281
  ],
  "ncas": 6,
  "ncore": 18,
  "nelec_act": 6,
  "runtime_s": 24.4583957195282
}