{
  "system": "benzene_631g",
  "label": "benzene / 6-31g / CAS(6,6) SA(2)",
  "bond_dim": 120,
  "e_states_fci": [
    -230.68272299254576,
    -230.45069382380265
  ],
  "e_states_dmrg": [
    -230.68272299254681,
    -230.45069382380336
  ],
  "e_dmrg_su2": [
    -230.68272299254681,
    -230.45069382380336,
    -230.34208412528483,
    -230.29392271322888,
    -230.27051778643565,
    -230.19044195129032
  ],
  "root_assignment_dmrg_to_fci": [
    0,
    1
  ],
  "root_overlap_matrix": [
    [
      -0.999999999999035,
      -1.5719370249911435e-13
    ],
    [
      -1.0983575160494752e-13,
      0.9999999999992266
    ],
    [
      -7.806576915842748e-07,
      -1.404207763161698e-07
    ],
    [
      -9.520381844397956e-08,
      1.2109855243450443e-07
    ],
    [
      4.6414937455866237e-07,
      -6.738280697952406e-07
    ],
    [
      -3.7041752146138585e-07,
      3.440222495765255e-08
    ]
  ],
  "root_assigned_abs_overlaps": [
    0.999999999999035,
    0.9999999999992266
  ],
  "grad": [
    [
      -0.0036105965852156335,
      -0.0012735510202355783,
      -5.908436895774291e-12
    ],
    [
      0.010130001893051993,
      -0.0022363369932811676,
      -1.0537707858222682e-11
    ],
    [
      -0.011382936023498078,
      -0.004433130007896011,
      3.6858916211744676e-11
    ],
    [
      0.005375149626692462,
      0.0002942192221910937,
      -7.716462574788935e-11
    ],
    [
      -0.0032586548431387703,
      -0.00975494459960354,
      1.6590049009823383e-10
    ],
    [
      -0.005205416402337643,
      0.0036767760175759456,
      -1.910038549807856e-11
    ],
    [
      0.006433446849406172,
      -0.00011929866965666746,
      2.4832119406470706e-12
    ],
    [
      0.0033797343171923415,
      0.0055550106468489025,
      -1.3055943578508402e-13
    ],
    [
      -0.003428605270163705,
      0.005542238433388228,
      2.4564219267746502e-12
    ],
    [
      -0.0063551530455806995,
      -0.00010622292668350727,
      -7.039095567227108e-12
    ],
    [
      0.0049078473544955665,
      0.008325620763544423,
      -8.799808733677877e-11
    ],
    [
      0.0030151821291921894,
      -0.005470380866223784,
      1.798581606485062e-13
    ]
  ],
  "nac": [
    [
      -0.016784754071815025,
      0.465841079438427,
      1.0427693060879174e-11
    ],
    [
      0.36867056054737773,
      -0.2587323083472773,
      6.438299793207115e-10
    ],
    [
      -0.32396436125124156,
      -0.18303890827527458,
      5.772038265965469e-09
    ],
    [
      -0.041369223276975606,
      0.4138402589569596,
      -6.601747122462386e-09
    ],
    [
      0.4483222599339632,
      -0.23507622603656972,
      3.3145582500421034e-08
    ],
    [
      -0.43599149233389106,
      -0.21706056700080098,
      1.6408896872066923e-09
    ],
    [
      -2.5424636851944877e-05,
      0.005800711330050546,
      -5.014855698806615e-10
    ],
    [
      0.004772013725283988,
      -0.002428503198214978,
      -5.408997591723411e-10
    ],
    [
      -0.003974804451665216,
      -0.0024373493785125977,
      -7.482660283012528e-11
    ],
    [
      0.00017511928398660352,
      0.00529826701555539,
      -3.0115540526169253e-09
    ],
    [
      0.007552517978684644,
      -0.0040081670073454185,
      -3.289276689836937e-08
    ],
    [
      -0.00499999395401606,
      -0.0027428306377376673,
      -1.9906621919222394e-09
    ]
  ],
  "ci_overlap_with_fci": [
    0.999999999999035,
    0.9999999999992268
  ],
  "ncas": 6,
  "ncore": 18,
  "nelec_act": 6,
  "runtime_s": 41.02812147140503
}