{
  "system": "benzene_631g",
  "label": "benzene / 6-31g / CAS(6,6) SA(2)",
  "bond_dim": 12,
  "e_states_fci": [
    -230.68272299254576,
    -230.45069382380265
  ],
  "e_states_dmrg": [
    -230.6564074374337,
    -230.42935712203823
  ],
  "e_dmrg_su2": [
    -230.68272299254681,
    -230.45069382380345,
    -230.34208412528488,
    -230.29392271322885,
    -230.27051778643582,
    -230.19044195129035
  ],
  "root_assignment_dmrg_to_fci": [
    0,
    1
  ],
  "root_overlap_matrix": [
    [
      0.9902847161477225,
      0.01815352290248438
    ],
    [
      0.013180301368222961,
      -0.9919050865509507
    ],
    [
      -0.0023741911342826235,
      8.654301894184778e-05
    ],
    [
      -0.0009045533216346983,
      0.006269278443863986
    ],
    [
      -0.0005114757087524102,
      -0.0019440532424675324
    ],
    [
      0.0028100604240101634,
      -0.0026878325609717008
    ]
  ],
  "root_assigned_abs_overlaps": [
    0.9902847161477225,
    0.9919050865509507
  ],
  "grad": [
    [
      -0.02923312835434866,
      0.03134922442018202,
      -6.309876391597628e-10
    ],
    [
      0.03755152950437507,
      -0.04260317756208887,
      4.746735401265891e-09
    ],
    [
      0.00605574637395475,
      0.04522202726438407,
      -1.3815153307425487e-10
    ],
    [
      -0.03107250073022194,
      -0.007618894121582245,
      8.469404898405997e-10
    ],
    [
      -0.007601929001192841,
      -0.04936041327374044,
      1.2444218139653272e-08
    ],
    [
      0.01500190678781347,
      0.021338606516550507,
      -3.2296596101047747e-09
    ],
    [
      0.005570966543315571,
      0.0004354573684816037,
      1.5730596215324622e-09
    ],
    [
      0.0039020471640216674,
      0.0054297064039074295,
      1.2836290840987466e-09
    ],
    [
      -0.0010531082175731028,
      0.005088384676897307,
      -1.2531099860248212e-09
    ],
    [
      -0.0038227011283569414,
      -0.0015001810364195295,
      -3.910917810522315e-09
    ],
    [
      0.0005379725889301523,
      -0.002658192194418093,
      -1.3107693141109833e-08
    ],
    [
      0.004163198469252181,
      -0.005122548462128116,
      1.3759369836225516e-09
    ]
  ],
  "nac": [
    [
      -1.5965834082145818,
      1.9918124526629837,
      -3.2542420016387634e-09
    ],
    [
      1.734587539978286,
      -2.3118335126435263,
      5.731447469599094e-09
    ],
    [
      0.6288022052914282,
      1.820736359651799,
      -4.173777793969946e-09
    ],
    [
      -1.5403031043664215,
      -1.0542564219271509,
      -2.404141281344672e-09
    ],
    [
      0.7918187666033172,
      -0.6266955155236267,
      -1.8298063978022384e-09
    ],
    [
      -0.07631296443565483,
      0.21569115820483592,
      -2.212391734621787e-09
    ],
    [
      0.0037329608583481157,
      0.022524166546622714,
      1.924568136122078e-09
    ],
    [
      0.02721347530597244,
      -0.0018644238554191117,
      2.3200276174467417e-09
    ],
    [
      0.018991423914034782,
      -0.007185580558985376,
      1.5947937326133943e-09
    ],
    [
      0.015845245424815572,
      -0.012843643700440248,
      -2.55170740964525e-09
    ],
    [
      -0.0010268992152512835,
      -0.056454613475163194,
      8.912339044699356e-09
    ],
    [
      -0.0031449057827592597,
      0.00656833703588525,
      -4.057624063805879e-09
    ]
  ],
  "ci_overlap_with_fci": [
    0.9902847161477225,
    0.9919050865509507
  ],
  "ncas": 6,
  "ncore": 18,
  "nelec_act": 6,
  "runtime_s": 48.80444145202637
}