{
  "system": "benzene_631g",
  "label": "benzene / 6-31g / CAS(6,6) SA(2)",
  "bond_dim": 24,
  "e_states_fci": [
    -230.68272299254576,
    -230.45069382380265
  ],
  "e_states_dmrg": [
    -230.67938494023556,
    -230.4473144755694
  ],
  "e_dmrg_su2": [
    -230.68272299254696,
    -230.45069382380356,
    -230.34208412528483,
    -230.29392271322897,
    -230.27051778643565,
    -230.19044195129027
  ],
  "root_assignment_dmrg_to_fci": [
    0,
    1
  ],
  "root_overlap_matrix": [
    [
      0.9986422855880192,
      0.0025674727007200526
    ],
    [
      -0.0023413401923134056,
      0.9985362269863471
    ],
    [
      0.0006516502308490176,
      0.0017870572459623988
    ],
    [
      -0.0008197193303522731,
      -0.004155809766281141
    ],
    [
      -0.0014557651328018324,
      -0.00040364708361966147
    ],
    [
      0.0007135509537813667,
      -0.0032503402114064245
    ]
  ],
  "root_assigned_abs_overlaps": [
    0.9986422855880192,
    0.9985362269863471
  ],
  "grad": [
    [
      -0.0031160547248687623,
      -0.0010849315909361367,
      -6.665742295911119e-12
    ],
    [
      0.01027429240576952,
      -0.001936751402456388,
      1.6846737099077854e-11
    ],
    [
      -0.012165472002234088,
      -0.005263032245996446,
      -6.592884738547522e-11
    ],
    [
      0.005668103128599094,
      0.001353292853940053,
      -1.0913769584025861e-10
    ],
    [
      -0.0019589935722654304,
      -0.008254689887276248,
      3.3283434393474254e-10
    ],
    [
      -0.005634923145763646,
      0.003193924320610114,
      2.233498782758586e-11
    ],
    [
      0.006424472886780685,
      -0.00012347308250385084,
      -1.2129012153595355e-11
    ],
    [
      0.003378622779482668,
      0.005545686469308348,
      -8.073204251696254e-13
    ],
    [
      -0.0034409943237165156,
      0.005532264944915061,
      9.224544656819981e-12
    ],
    [
      -0.006349049144887721,
      -9.637555862950599e-05,
      8.807833339712305e-11
    ],
    [
      0.003913697565627896,
      0.006599123857519995,
      -2.2222376729106097e-10
    ],
    [
      0.0030062981475048427,
      -0.005465038678448674,
      -5.24265615230835e-11
    ]
  ],
  "nac": [
    [
      -0.04569491916336595,
      0.488970404163978,
      -3.2804296608691056e-09
    ],
    [
      0.39118056567852083,
      -0.2944547070392424,
      -2.682978887719536e-10
    ],
    [
      -0.30667303672518614,
      -0.1474391498973555,
      4.3193763362623115e-09
    ],
    [
      -0.06636628210265122,
      0.38679896588051266,
      -1.5952372483906735e-08
    ],
    [
      0.4503843425578577,
      -0.25529496566288407,
      6.209021156202118e-08
    ],
    [
      -0.43081976405348554,
      -0.20182769622982621,
      -7.1164717225490325e-09
    ],
    [
      6.772083217561034e-05,
      0.00606408761135418,
      1.929356479518237e-10
    ],
    [
      0.005117614128985145,
      -0.0023710934437790317,
      1.778373604184451e-10
    ],
    [
      -0.0037033933037441138,
      -0.002505845266724171,
      5.834126616203284e-10
    ],
    [
      0.00015956757584113023,
      0.00517087176240569,
      -1.1576546857771175e-09
    ],
    [
      0.008450784780992837,
      0.0019107054539995076,
      -3.829483368462703e-08
    ],
    [
      -0.004862796399352955,
      -0.002830595356636756,
      1.554488277318499e-09
    ]
  ],
  "ci_overlap_with_fci": [
    0.9986422855880192,
    0.9985362269863474
  ],
  "ncas": 6,
  "ncore": 18,
  "nelec_act": 6,
  "runtime_s": 41.33159136772156
}