{
  "system": "benzene_631g",
  "label": "benzene / 6-31g / CAS(6,6) SA(2)",
  "bond_dim": 200,
  "e_states_fci": [
    -230.68272299254576,
    -230.45069382380265
  ],
  "e_states_dmrg": [
    -230.68272299254687,
    -230.45069382380342
  ],
  "e_dmrg_su2": [
    -230.68272299254687,
    -230.45069382380342,
    -230.34208412528486,
    -230.29392271322894,
    -230.2705177864357,
    -230.1904419512904
  ],
  "root_assignment_dmrg_to_fci": [
    0,
    1
  ],
  "root_overlap_matrix": [
    [
      0.9999999999990526,
      1.9111101590141288e-13
    ],
    [
      1.2714829189519605e-13,
      -0.9999999999992168
    ],
    [
      -7.806576667824996e-07,
      -1.404207561612851e-07
    ],
    [
      9.520376259303936e-08,
      -1.21098514271889e-07
    ],
    [
      4.6414931233543233e-07,
      -6.738280958799793e-07
    ],
    [
      -3.704173769381036e-07,
      3.440206265692414e-08
    ]
  ],
  "root_assigned_abs_overlaps": [
    0.9999999999990526,
    0.9999999999992168
  ],
  "grad": [
    [
      -0.0036105969542027903,
      -0.0012735507875709564,
      -5.404344184509974e-11
    ],
    [
      0.010130002241473871,
      -0.002236337339871646,
      -1.8384796832461897e-11
    ],
    [
      -0.011382935970275912,
      -0.004433129693458902,
      2.2651913017318816e-11
    ],
    [
      0.005375149444633671,
      0.0002942188653117586,
      4.234076585483003e-11
    ],
    [
      -0.0032586547213165826,
      -0.009754944481657209,
      -1.812587462420108e-10
    ],
    [
      -0.005205416382275414,
      0.0036767760548357988,
      1.0585919523747085e-10
    ],
    [
      0.00643344684836539,
      -0.00011929866679365452,
      -3.8669565891110877e-13
    ],
    [
      0.0033797343211113577,
      0.005555010645871484,
      -3.5707472878740447e-13
    ],
    [
      -0.0034286052686512687,
      0.0055422384303708255,
      2.0129441635808675e-12
    ],
    [
      -0.0063551530444613605,
      -0.00010622293104110896,
      7.733666426143061e-12
    ],
    [
      0.0049078473583548405,
      0.008325620766359395,
      3.1806655431926735e-11
    ],
    [
      0.0030151821272939396,
      -0.005470380862321478,
      4.202561517549008e-11
    ]
  ],
  "nac": [
    [
      -0.016784726225658242,
      0.46584107508501754,
      -1.206472888426702e-09
    ],
    [
      0.36867053447362025,
      -0.25873228612572363,
      6.436494994258781e-10
    ],
    [
      -0.32396435660501893,
      -0.18303892371641214,
      4.032192464128635e-09
    ],
    [
      -0.04136922220585845,
      0.41384028625144614,
      -4.392449384518085e-09
    ],
    [
      0.44832226045835544,
      -0.23507625202177834,
      1.2292469554193672e-08
    ],
    [
      -0.4359915149009771,
      -0.21706057623325034,
      -4.548266687965558e-09
    ],
    [
      -2.5424583027960016e-05,
      0.0058007116393200015,
      1.0161205263085088e-10
    ],
    [
      0.0047720131887383456,
      -0.00242850279824671,
      3.0382172153439325e-11
    ],
    [
      -0.003974804586956018,
      -0.002437348988049513,
      -1.5816019921271024e-10
    ],
    [
      0.0001751187111650607,
      0.005298267766940559,
      -2.7727512238572007e-09
    ],
    [
      0.007552519766911306,
      -0.004008167281814697,
      -1.1825133085938434e-08
    ],
    [
      -0.004999993868242313,
      -0.002742830871787761,
      -7.912979482895418e-11
    ]
  ],
  "ci_overlap_with_fci": [
    0.9999999999990526,
    0.9999999999992168
  ],
  "ncas": 6,
  "ncore": 18,
  "nelec_act": 6,
  "runtime_s": 41.12841033935547
}