{
  "system": "benzene",
  "label": "benzene / sto-3g / CAS(6,6) SA(2)",
  "bond_dim": 200,
  "e_states_fci": [
    -227.9970338394001,
    -227.8011513511991
  ],
  "e_states_dmrg": [
    -227.99703383940084,
    -227.80115135120064
  ],
  "e_dmrg_su2": [
    -227.9970338394008,
    -227.80115135120064,
    -227.67379475055353,
    -227.67379474943291,
    -227.60193571879867,
    -227.5658792642935
  ],
  "root_assignment_dmrg_to_fci": [
    0,
    1
  ],
  "root_overlap_matrix": [
    [
      -0.9999999999992314,
      1.2029979067397206e-14
    ],
    [
      1.047828965720827e-14,
      0.9999999999951185
    ],
    [
      5.899562238106948e-07,
      -1.7248508585323947e-08
    ],
    [
      2.281922916412809e-09,
      2.964534807612852e-06
    ],
    [
      -1.5474508189621414e-09,
      -2.1139014074938659e-10
    ],
    [
      -2.2130918372192943e-08,
      -1.411502886187327e-07
    ]
  ],
  "root_assigned_abs_overlaps": [
    0.9999999999992314,
    0.9999999999951185
  ],
  "grad": [
    [
      -0.009178965653149964,
      3.561125263670151e-11,
      -1.8392297589070746e-09
    ],
    [
      -0.004589489589732388,
      -0.007949223107834835,
      -4.2661107764464445e-10
    ],
    [
      0.004589489088581972,
      -0.007949223757225482,
      1.6408584666459494e-09
    ],
    [
      0.009178966119789692,
      -2.331123030653731e-11,
      2.0559881862509627e-10
    ],
    [
      0.004589489103704943,
      0.007949223843381604,
      1.6470656531372033e-09
    ],
    [
      -0.004589489571182314,
      0.007949223017784912,
      -4.2346155058199826e-10
    ],
    [
      -0.00016458731574304803,
      -9.668124246275767e-13,
      2.0560093345055613e-09
    ],
    [
      -8.229271398316182e-05,
      -0.00014253467308667254,
      -7.145456220235093e-10
    ],
    [
      8.229282454968128e-05,
      -0.00014253466232701058,
      -4.4156516779230183e-10
    ],
    [
      0.00016458759239853214,
      -1.3417248142443402e-12,
      -5.4270636719262e-10
    ],
    [
      8.229282621461198e-05,
      0.00014253466282642787,
      -4.441576817018797e-10
    ],
    [
      -8.22927114629504e-05,
      0.00014253466648217323,
      -7.172550470738289e-10
    ]
  ],
  "nac": [
    [
      2.569736176398968e-09,
      0.6993568582191553,
      1.3400670741349604e-10
    ],
    [
      0.605660829393581,
      -0.3496784502275233,
      1.4677796061306996e-08
    ],
    [
      -0.605660839205045,
      -0.3496784725677564,
      -1.5322235527684303e-08
    ],
    [
      3.2590042024858015e-09,
      0.6993568794023981,
      1.1655244504424228e-10
    ],
    [
      0.6056608426550276,
      -0.3496784568968974,
      1.5588157652810176e-08
    ],
    [
      -0.6056608408586547,
      -0.34967845950280935,
      -1.4481325383946881e-08
    ],
    [
      -1.1621673549226477e-09,
      0.0019758778420415784,
      -7.874451404915302e-11
    ],
    [
      0.0017111588413990298,
      -0.0009879269516457905,
      7.59940268835319e-09
    ],
    [
      -0.0017111580337366254,
      -0.0009879298651440597,
      -1.7291637208112695e-09
    ],
    [
      -1.0278290193137744e-09,
      0.001975879601183597,
      -1.1699247288942374e-10
    ],
    [
      0.0017111583326930697,
      -0.0009879289011719993,
      1.501381543094736e-09
    ],
    [
      -0.0017111583449623982,
      -0.0009879283666102642,
      -7.758056161110776e-09
    ]
  ],
  "ci_overlap_with_fci": [
    0.9999999999992314,
    0.9999999999951186
  ],
  "ncas": 6,
  "ncore": 18,
  "nelec_act": 6,
  "runtime_s": 13.448039054870605
}