{
  "system": "benzene",
  "label": "benzene / sto-3g / CAS(6,6) SA(2)",
  "bond_dim": 64,
  "e_states_fci": [
    -227.9970338394001,
    -227.8011513511991
  ],
  "e_states_dmrg": [
    -227.9970338394009,
    -227.80115135120073
  ],
  "e_dmrg_su2": [
    -227.99703383940093,
    -227.80115135120073,
    -227.67379475055367,
    -227.67379474943303,
    -227.6019357187987,
    -227.56587926436595
  ],
  "root_assignment_dmrg_to_fci": [
    0,
    1
  ],
  "root_overlap_matrix": [
    [
      -0.9999999999991941,
      -3.8433134022078384e-14
    ],
    [
      -5.739017841650243e-15,
      -0.9999999999950993
    ],
    [
      -5.899561944383569e-07,
      1.730296367948319e-08
    ],
    [
      -2.292802850708967e-09,
      -2.9645344452496618e-06
    ],
    [
      1.5473510075091952e-09,
      2.1160262899688707e-10
    ],
    [
      1.5701716980955202e-08,
      5.645301582452023e-07
    ]
  ],
  "root_assigned_abs_overlaps": [
    0.9999999999991941,
    0.9999999999950993
  ],
  "grad": [
    [
      -0.009178965656608954,
      4.736921912063055e-11,
      -1.8391722683486364e-09
    ],
    [
      -0.004589489592778151,
      -0.007949223122398104,
      -4.2664991814942825e-10
    ],
    [
      0.004589489092417302,
      -0.007949223742585209,
      1.6408477407335322e-09
    ],
    [
      0.00917896611868871,
      -3.557569813511373e-11,
      2.0564034621161437e-10
    ],
    [
      0.004589489108405192,
      0.007949223855534227,
      1.6470543402024242e-09
    ],
    [
      -0.004589489572219321,
      0.007949223006158615,
      -4.234992748015625e-10
    ],
    [
      -0.00016458731721615,
      -1.3982216555678196e-12,
      2.0559788744155256e-09
    ],
    [
      -8.229271410718002e-05,
      -0.00014253467210631775,
      -7.145255399559779e-10
    ],
    [
      8.229282768696202e-05,
      -0.00014253466676496585,
      -4.4155765110717665e-10
    ],
    [
      0.00016458759346334515,
      -8.756648018200101e-13,
      -5.427315208252504e-10
    ],
    [
      8.229282650360761e-05,
      0.00014253466155371143,
      -4.44150106607222e-10
    ],
    [
      -8.22927142268432e-05,
      0.00014253467107611334,
      -7.172350217720236e-10
    ]
  ],
  "nac": [
    [
      -1.9590875945448947e-08,
      0.6993569036991859,
      1.3402307318129008e-10
    ],
    [
      0.6056608881098133,
      -0.34967849049715377,
      1.4677791598114689e-08
    ],
    [
      -0.6056608631470681,
      -0.3496784433530224,
      -1.5322229873215043e-08
    ],
    [
      -3.3194443004217434e-09,
      0.6993568677463851,
      1.1654308791572388e-10
    ],
    [
      0.6056608176760896,
      -0.3496784558158663,
      1.5588153664655325e-08
    ],
    [
      -0.60566081063756,
      -0.34967846082271437,
      -1.448132176669017e-08
    ],
    [
      -4.735016677749604e-10,
      0.001975877394284061,
      -7.87530449257474e-11
    ],
    [
      0.0017111579271329017,
      -0.000987928906241639,
      7.599404562885616e-09
    ],
    [
      -0.0017111588326097476,
      -0.000987928390742331,
      -1.7291641072344421e-09
    ],
    [
      2.6164210065074654e-10,
      0.0019758799222178262,
      -1.1699196202505924e-10
    ],
    [
      0.0017111600014311345,
      -0.0009879272284560002,
      1.501382729668712e-09
    ],
    [
      -0.0017111568846423137,
      -0.0009879301053996614,
      -7.758057950219314e-09
    ]
  ],
  "ci_overlap_with_fci": [
    0.9999999999991941,
    0.9999999999950993
  ],
  "ncas": 6,
  "ncore": 18,
  "nelec_act": 6,
  "runtime_s": 13.404959440231323
}