{
  "system": "benzene_321g",
  "label": "benzene / 3-21g / CAS(6,6) SA(2)",
  "bond_dim": 32,
  "e_states_fci": [
    -229.47669959843483,
    -229.240878918267
  ],
  "e_states_dmrg": [
    -229.47586248762252,
    -229.2387141025647
  ],
  "e_dmrg_su2": [
    -229.4766995984352,
    -229.2408789182668,
    -229.1329460982503,
    -229.08447692622684,
    -229.06184557389912,
    -228.97829424383363
  ],
  "root_assignment_dmrg_to_fci": [
    0,
    1
  ],
  "root_overlap_matrix": [
    [
      0.9997603435651892,
      0.0008952307608471669
    ],
    [
      0.0007055681507937908,
      -0.9991641709665509
    ],
    [
      0.0006570591129069255,
      -0.002797469649492864
    ],
    [
      -0.0004507439278389263,
      -0.001077859769772451
    ],
    [
      -0.00021256450856907503,
      0.0017532192275807653
    ],
    [
      -0.0002575682541260671,
      -0.0003141878674338232
    ]
  ],
  "root_assigned_abs_overlaps": [
    0.9997603435651892,
    0.9991641709665509
  ],
  "grad": [
    [
      -0.0030435214047823435,
      -0.0031132164877573087,
      -1.0938189445796245e-11
    ],
    [
      0.001052044203268647,
      -0.001226167987455248,
      6.2281969756549375e-12
    ],
    [
      0.005089716896140677,
      0.009873514341299211,
      -9.157204519255972e-14
    ],
    [
      -0.0043672161063178,
      -0.012168396756689893,
      1.1579511865381244e-11
    ],
    [
      0.001048495604218637,
      0.002613516360276109,
      -3.508160925917744e-12
    ],
    [
      0.007719549104642811,
      -0.008940525687384291,
      -1.0940994562044522e-11
    ],
    [
      0.007216498716621412,
      -0.00010699891999463711,
      -4.042548580146267e-12
    ],
    [
      0.0037796238592464775,
      0.006353704770299261,
      2.277271269035362e-12
    ],
    [
      -0.0036157539161723188,
      0.006520881087246166,
      -9.461513481951989e-14
    ],
    [
      -0.007473036567602861,
      -0.0001779072745387479,
      -1.0565372199978218e-12
    ],
    [
      -0.003593162003704408,
      -0.006382488965884376,
      -6.355821021658848e-12
    ],
    [
      -0.0038132383855813473,
      0.0067540855205738244,
      1.694345882552704e-11
    ]
  ],
  "nac": [
    [
      -0.03359336158837617,
      -0.48857403415425815,
      -2.1299801422410344e-09
    ],
    [
      -0.4156776417388619,
      0.21468405813247893,
      1.94624307732977e-09
    ],
    [
      0.4134108061530174,
      0.19186338969696207,
      1.7695516702110392e-10
    ],
    [
      -0.0060219748551946116,
      -0.3705408415945222,
      -1.7059539942039127e-09
    ],
    [
      -0.3792831516327056,
      0.1677623076521451,
      1.0979512716217629e-09
    ],
    [
      0.4303844025001938,
      0.2753527676656796,
      8.456894175776683e-09
    ],
    [
      -0.00011383207873508256,
      -0.005407482142389286,
      -1.5985569056114317e-09
    ],
    [
      -0.004749182571846818,
      0.002762907155963196,
      9.45912254123728e-10
    ],
    [
      0.004248252957426053,
      0.002811721134425382,
      1.2371158324728313e-10
    ],
    [
      0.000154792641101395,
      -0.004406716714586996,
      -7.586350869261733e-10
    ],
    [
      -0.00423549105693309,
      0.0027197967013317653,
      1.0400785761473112e-09
    ],
    [
      0.006154215175006752,
      0.004582413567708553,
      -9.10249239199266e-09
    ]
  ],
  "ci_overlap_with_fci": [
    0.9997603435651892,
    0.9991641709665509
  ],
  "ncas": 6,
  "ncore": 18,
  "nelec_act": 6,
  "runtime_s": 16.998377561569214
}