{
  "system": "benzene",
  "label": "benzene / sto-3g / CAS(6,6) SA(2)",
  "bond_dim": 32,
  "e_states_fci": [
    -227.9970338394001,
    -227.8011513511991
  ],
  "e_states_dmrg": [
    -227.99108959272334,
    -227.79510515612898
  ],
  "e_dmrg_su2": [
    -227.99703383940087,
    -227.8011513512006,
    -227.67379475055358,
    -227.673794749433,
    -227.60193571879867,
    -227.56587926444135
  ],
  "root_assignment_dmrg_to_fci": [
    0,
    1
  ],
  "root_overlap_matrix": [
    [
      0.9976974308866404,
      -6.327344864781365e-08
    ],
    [
      3.677477940837458e-08,
      0.9972952202888585
    ],
    [
      2.904603241308046e-06,
      -8.481306803135227e-05
    ],
    [
      0.0007046016647553749,
      -6.547671825826859e-08
    ],
    [
      -5.612320063634517e-06,
      8.933188393963571e-05
    ],
    [
      1.848072464221968e-08,
      0.0014528266521504976
    ]
  ],
  "root_assigned_abs_overlaps": [
    0.9976974308866404,
    0.9972952202888585
  ],
  "grad": [
    [
      -0.008354369068304245,
      -2.8810422752744236e-07,
      -1.3208723966950443e-09
    ],
    [
      -0.003970121014337122,
      -0.007251943466223869,
      -7.345901281759782e-10
    ],
    [
      0.003970395281798373,
      -0.007251160817938522,
      1.7761353326373381e-09
    ],
    [
      0.008353575975659753,
      2.5984459028992223e-07,
      5.282242151992636e-10
    ],
    [
      0.003970394629616127,
      0.0072506555728454845,
      1.785442335070593e-09
    ],
    [
      -0.003970089160465548,
      0.007252479081972827,
      -7.350729008460582e-10
    ],
    [
      -0.0001949700294815971,
      -1.6430646464258768e-09,
      1.9487562594293518e-09
    ],
    [
      -9.484650181100057e-05,
      -0.00016319105077829506,
      -7.35549250976927e-10
    ],
    [
      9.49182417626973e-05,
      -0.00016323017005841531,
      -4.990214418597597e-10
    ],
    [
      0.00019502494265701237,
      1.003004279111412e-09,
      -7.729911701661763e-10
    ],
    [
      9.492554225808006e-05,
      0.00016323967391127772,
      -5.033174471324027e-10
    ],
    [
      -9.483883934398334e-05,
      0.0001631800759619408,
      -7.371434064866127e-10
    ]
  ],
  "nac": [
    [
      -0.004793164787804121,
      0.7064110809837528,
      -4.975896492473408e-10
    ],
    [
      0.619087268644795,
      -0.3573254816713261,
      1.536524491165763e-08
    ],
    [
      -0.6190265857147905,
      -0.357338773141042,
      -1.407184418668201e-08
    ],
    [
      0.004662346079386708,
      0.7064755369984834,
      5.233540640049757e-10
    ],
    [
      0.6248396332190514,
      -0.3495814575108691,
      1.666714723392647e-08
    ],
    [
      -0.6247422921347818,
      -0.3495054482836153,
      -1.4943946623404547e-08
    ],
    [
      -0.00029080969221405496,
      0.002090332023188727,
      -2.199260752881329e-10
    ],
    [
      0.001787716784499603,
      -0.0006957828903913414,
      7.232074529967055e-09
    ],
    [
      -0.0017947774186946445,
      -0.0006936187118071797,
      -2.21033877622436e-09
    ],
    [
      0.00027928904321875556,
      0.0020922756555274593,
      -6.892699585739866e-10
    ],
    [
      0.0015971997921993585,
      -0.0012412187292680432,
      1.079216653503185e-09
    ],
    [
      -0.0015920829787250657,
      -0.0012561065586663537,
      -8.098741987933422e-09
    ]
  ],
  "ci_overlap_with_fci": [
    0.9976974308866402,
    0.9972952202888585
  ],
  "ncas": 6,
  "ncore": 18,
  "nelec_act": 6,
  "runtime_s": 17.357486963272095
}