{
  "system": "benzene_321g",
  "label": "benzene / 3-21g / CAS(6,6) SA(2)",
  "bond_dim": 12,
  "e_states_fci": [
    -229.47669959843483,
    -229.240878918267
  ],
  "e_states_dmrg": [
    -229.45267504899442,
    -229.22242065083583
  ],
  "e_dmrg_su2": [
    -229.47669959843512,
    -229.2408789182668,
    -229.13294609825027,
    -229.084476926227,
    -229.06184557389915,
    -228.97829424383363
  ],
  "root_assignment_dmrg_to_fci": [
    0,
    1
  ],
  "root_overlap_matrix": [
    [
      -0.9911407113068194,
      -0.004862628402628862
    ],
    [
      -0.003355588223181473,
      0.9938279180712323
    ],
    [
      -0.0007580238054698701,
      -0.0069617020911809085
    ],
    [
      -0.0004357541007291954,
      0.002412287550964929
    ],
    [
      0.002079539147324453,
      -0.0028591144329988914
    ],
    [
      0.001849280002686915,
      -8.338778614543074e-05
    ]
  ],
  "root_assigned_abs_overlaps": [
    0.9911407113068194,
    0.9938279180712323
  ],
  "grad": [
    [
      -0.01142762861579153,
      0.013992435166855194,
      1.4201078289357838e-09
    ],
    [
      -0.008601196374005955,
      -0.009610217705692842,
      -2.1438153124983515e-09
    ],
    [
      0.017638815166669992,
      0.010632797409255004,
      9.386471271080857e-10
    ],
    [
      -0.007324121525479153,
      -0.006028885837762191,
      1.8104322854743592e-09
    ],
    [
      -0.0028482853681637277,
      -0.007223387581383377,
      -4.225415829653957e-09
    ],
    [
      0.007719148564590349,
      -0.0061643793952031595,
      2.1881149927779115e-09
    ],
    [
      0.007990817795619045,
      0.0005170970197440907,
      -1.5494012132132236e-10
    ],
    [
      0.003874725388403546,
      0.005814979686196462,
      4.799242773119387e-10
    ],
    [
      -0.0035065894572841897,
      0.0066530156930557725,
      -1.6952537991929346e-11
    ],
    [
      -0.007447921935157697,
      -0.00023106489358139557,
      -1.676769072016918e-11
    ],
    [
      -0.003208568035372418,
      -0.006170032668418648,
      -2.63675576275386e-10
    ],
    [
      0.007140804395873043,
      -0.0021823568930623687,
      -1.5659443146962642e-11
    ]
  ],
  "nac": [
    [
      -0.06783450673344213,
      -0.4476775780782158,
      -2.7344358637967314e-09
    ],
    [
      -0.5792268115642059,
      0.15411940088886983,
      -2.4640222544127966e-09
    ],
    [
      0.6022731636904569,
      0.20742208327813177,
      1.4086174928521752e-09
    ],
    [
      -0.09810543271209186,
      -0.22670753212449096,
      3.9176366430607784e-09
    ],
    [
      -0.32553026977528277,
      -0.0009659729390671678,
      -9.578135828499062e-09
    ],
    [
      0.4645373684245747,
      0.3067890181556428,
      1.3548941898360158e-08
    ],
    [
      -0.001033081860259428,
      -0.006126188185598339,
      -1.6559227424582738e-10
    ],
    [
      -0.005043889117059486,
      0.002290576357773462,
      8.327812022957536e-10
    ],
    [
      0.004853076714760734,
      0.00399415972600058,
      -2.0292737524734392e-10
    ],
    [
      0.001502976869399281,
      -0.004353676598044763,
      2.245862854787921e-11
    ],
    [
      -0.001862596455277895,
      0.002432694159135411,
      -5.483236092118198e-10
    ],
    [
      0.013239792633711807,
      -0.004385221708946628,
      -4.9022536275854e-09
    ]
  ],
  "ci_overlap_with_fci": [
    0.9911407113068194,
    0.9938279180712323
  ],
  "ncas": 6,
  "ncore": 18,
  "nelec_act": 6,
  "runtime_s": 23.591718196868896
}