{
  "system": "butadiene_321g",
  "label": "trans-butadiene / 3-21g / CAS(4,4) SA(2)",
  "bond_dim": 6,
  "e_states_fci": [
    -153.66899300402903,
    -153.66259173204537
  ],
  "e_states_dmrg": [
    -153.66243605374285,
    -153.64099283623472
  ],
  "e_dmrg_su2": [
    -153.66899300403085,
    -153.66259173204904,
    -153.5299283140189,
    -153.485593533026,
    -153.36850202334335,
    -153.35087748614805
  ],
  "root_assignment_dmrg_to_fci": [
    0,
    1
  ],
  "root_overlap_matrix": [
    [
      -0.9958573120103963,
      -0.0031520122697060587
    ],
    [
      0.0031758630139979904,
      -0.9832909507655915
    ],
    [
      -0.0018364131493063414,
      0.0004302072395561838
    ],
    [
      0.0003225170759729413,
      -0.027549960882612815
    ],
    [
      -0.018767023556735943,
      0.00036238271308208965
    ],
    [
      -0.00010259586755889867,
      0.028487902997911915
    ]
  ],
  "root_assigned_abs_overlaps": [
    0.9958573120103963,
    0.9832909507655915
  ],
  "grad": [
    [
      0.08083451007953446,
      0.02374695237619338,
      1.016624202013795e-05
    ],
    [
      -0.25563353739783046,
      -0.12961756162049187,
      -0.00015843066998259738
    ],
    [
      0.2223622189096135,
      0.13182035901642553,
      -0.00048386198836993004
    ],
    [
      -0.08895052626150185,
      -0.016587505938185188,
      8.854107654062892e-05
    ],
    [
      -0.002315901098439724,
      0.01265662401972574,
      0.0002826357486238765
    ],
    [
      0.002796413895477405,
      -0.009833236575559803,
      -0.00027731312065855753
    ],
    [
      0.07812850258986442,
      -0.0505294322586197,
      0.0002572820478928374
    ],
    [
      -0.03794545379663039,
      0.04134829841703992,
      0.00024922570240738817
    ],
    [
      -0.000602482427478998,
      0.009505081774822616,
      0.0002012591188676015
    ],
    [
      0.0013262555073982607,
      -0.012509579211325778,
      -0.0001695041573413945
    ]
  ],
  "nac": [
    [
      3.0572049803122967,
      -0.030225818224682635,
      0.11196407351293082
    ],
    [
      -10.449982285457391,
      1.1919195655584267,
      -1.5205284495463165
    ],
    [
      9.129239291167229,
      -1.1498885691291503,
      -1.1945105961736162
    ],
    [
      -2.7023284936695897,
      0.20375380288466047,
      0.028168997875878128
    ],
    [
      0.09252329913822543,
      0.01171643819939883,
      1.016244296797721
    ],
    [
      0.09296603374767032,
      -0.01310040380365331,
      -1.0076901971159131
    ],
    [
      -0.27619392772840273,
      0.3215673630293562,
      1.1664047982459977
    ],
    [
      1.2028438554277017,
      -0.5328107317570666,
      1.403474871376074
    ],
    [
      -0.03631542824002806,
      0.007679546123137967,
      -0.9901050239281067
    ],
    [
      -0.11014580701547079,
      -0.010611074453739235,
      0.9758536214379353
    ]
  ],
  "ci_overlap_with_fci": [
    0.9958573120103963,
    0.9832909507655918
  ],
  "ncas": 4,
  "ncore": 13,
  "nelec_act": 4,
  "runtime_s": 11.628846406936646
}