{
  "system": "butadiene_321g",
  "label": "trans-butadiene / 3-21g / CAS(4,4) SA(2)",
  "bond_dim": 4,
  "e_states_fci": [
    -153.66899300402903,
    -153.66259173204537
  ],
  "e_states_dmrg": [
    -153.63771420278502,
    -153.6409886719135
  ],
  "e_dmrg_su2": [
    -153.6689930040308,
    -153.662591732049,
    -153.52992831401883,
    -153.48559353302596,
    -153.36850202334335,
    -153.35087748614802
  ],
  "root_assignment_dmrg_to_fci": [
    1,
    0
  ],
  "root_overlap_matrix": [
    [
      0.0005875802267741126,
      -0.9832793520194112
    ],
    [
      -0.9713903767479896,
      -0.0008983120862317998
    ],
    [
      0.9438229976111396,
      -0.12837992208070184
    ],
    [
      -7.639085093302453e-06,
      0.02751860580626031
    ],
    [
      0.0003412571206982786,
      -0.02850809310611003
    ],
    [
      -0.8810585074309917,
      -0.13787398720436486
    ]
  ],
  "root_assigned_abs_overlaps": [
    0.9713903767479896,
    0.9832793520194112
  ],
  "grad": [
    [
      -0.06213153532746246,
      0.023610662530830925,
      1.1402586564613528e-05
    ],
    [
      0.16593344554880957,
      -0.17145904525779063,
      -0.0001124706887804605
    ],
    [
      -0.12134872302908123,
      0.16972309888690965,
      -6.4537136652054e-05
    ],
    [
      0.016214489790983944,
      -0.02420498557189607,
      -2.5132547471055194e-05
    ],
    [
      -0.0054478905400451895,
      0.011717841304303004,
      0.00010522374117604585
    ],
    [
      -0.0008126849086023099,
      -0.008849560907517692,
      -9.560180904074448e-05
    ],
    [
      0.08562943063168169,
      -0.06000790920065084,
      0.00041092402271172027
    ],
    [
      -0.0813518748112814,
      0.06268528764769862,
      -0.00023884667529125306
    ],
    [
      -0.0008387865923529811,
      0.008866361029365704,
      0.0001230182288259672
    ],
    [
      0.004154129237344283,
      -0.01208175046124891,
      -0.00011397972204277217
    ]
  ],
  "nac": [
    [
      2.1439832866455055,
      0.1555394282071838,
      -0.4588822778169388
    ],
    [
      1.3532549716507651,
      -0.711343546924015,
      8.66119748670763
    ],
    [
      -6.689062847200913,
      0.9715184115704419,
      7.857989786038684
    ],
    [
      3.460031391641371,
      -0.057183410736742976,
      -0.9351311098519255
    ],
    [
      -0.11562002649797272,
      0.05582407094549676,
      -5.779298786089978
    ],
    [
      -0.06008299384734752,
      -0.055389897856778725,
      5.719264431465026
    ],
    [
      0.31134731874462046,
      -0.39555674087199183,
      -7.730156508804568
    ],
    [
      -0.6942394272220874,
      0.00813677508786782,
      -7.532162557512914
    ],
    [
      0.14727182222280594,
      0.027829985431261476,
      6.472920347366024
    ],
    [
      0.14309700542604653,
      0.0006250132185934773,
      -6.28727335294855
    ]
  ],
  "ci_overlap_with_fci": [
    0.9713903767479896,
    0.9832793520194112
  ],
  "ncas": 4,
  "ncore": 13,
  "nelec_act": 4,
  "runtime_s": 11.721617221832275
}