{
  "system": "butadiene_631g",
  "label": "trans-butadiene / 6-31g / CAS(4,4) SA(2)",
  "bond_dim": 6,
  "e_states_fci": [
    -154.4789479935373,
    -154.47329186661355
  ],
  "e_states_dmrg": [
    -154.47188992080348,
    -154.4516666725317
  ],
  "e_dmrg_su2": [
    -154.47894799353952,
    -154.47329186661636,
    -154.34156817688665,
    -154.29549852473716,
    -154.1786844887376,
    -154.16143606149203
  ],
  "root_assignment_dmrg_to_fci": [
    0,
    1
  ],
  "root_overlap_matrix": [
    [
      0.9955310881639157,
      0.0019551520195931773
    ],
    [
      -0.0019671143694746443,
      0.98330771462077
    ],
    [
      0.0017210951659103343,
      -0.00025906004650519675
    ],
    [
      -0.00018535566939361444,
      0.030468940646112858
    ],
    [
      0.020336018783672083,
      -0.00022876297151101636
    ],
    [
      5.528021910653153e-05,
      -0.027656386687930412
    ]
  ],
  "root_assigned_abs_overlaps": [
    0.9955310881639157,
    0.98330771462077
  ],
  "grad": [
    [
      -0.35520143681422445,
      0.05289560584814961,
      -0.00016977117185922307
    ],
    [
      1.2249003137502044,
      -0.312351682541957,
      0.0005234657345513364
    ],
    [
      -1.390817432114565,
      0.32024740609719965,
      -0.00024581909045095243
    ],
    [
      0.3833383711245153,
      -0.025629393020428087,
      -3.852675545892174e-05
    ],
    [
      -0.018883155710513765,
      0.01175948048744592,
      0.0005216744917345016
    ],
    [
      -0.003307315094755306,
      -0.008282163272898019,
      -0.0005822312107832124
    ],
    [
      0.2389038615739594,
      -0.13618690078412318,
      8.524066818914821e-05
    ],
    [
      -0.1064755695934984,
      0.10134987024311264,
      -8.785691194669075e-05
    ],
    [
      0.012032311845507196,
      0.006841541641208371,
      0.00028930490073559667
    ],
    [
      0.01551005103330634,
      -0.01064376469769493,
      -0.0002954806547116379
    ]
  ],
  "nac": [
    [
      -9.279219555893642,
      0.7572732178018711,
      0.01278658894342824
    ],
    [
      29.493171272227414,
      -3.612910842051584,
      -1.235186224991496
    ],
    [
      -33.47792797111077,
      3.8408123710775883,
      -1.6069618878653256
    ],
    [
      9.452917057410913,
      -0.010735844720269274,
      0.10563030442485065
    ],
    [
      -0.362675006043557,
      -0.022519116187167537,
      1.0354026475413949
    ],
    [
      -0.0786193989201295,
      0.021893130051262928,
      -1.0554036582699542
    ],
    [
      4.158548185168414,
      -1.9127384818984614,
      1.4932973775735876
    ],
    [
      -0.48241844808066114,
      0.94774647261318,
      1.2316378055812842
    ],
    [
      0.313248220149522,
      -0.06402786933482416,
      -1.0297536013585686
    ],
    [
      0.2630820870127402,
      0.05520682191725537,
      1.0375288391541257
    ]
  ],
  "ci_overlap_with_fci": [
    0.9955310881639157,
    0.9833077146207703
  ],
  "ncas": 4,
  "ncore": 13,
  "nelec_act": 4,
  "runtime_s": 19.38679027557373
}