{
  "system": "butadiene_631g",
  "label": "trans-butadiene / 6-31g / CAS(4,4) SA(2)",
  "bond_dim": 200,
  "e_states_fci": [
    -154.4789479935373,
    -154.47329186661355
  ],
  "e_states_dmrg": [
    -154.47894799353952,
    -154.47329186661634
  ],
  "e_dmrg_su2": [
    -154.47894799353955,
    -154.47329186661634,
    -154.34156817688662,
    -154.29549852473716,
    -154.17868448873762,
    -154.16143606149203
  ],
  "root_assignment_dmrg_to_fci": [
    0,
    1
  ],
  "root_overlap_matrix": [
    [
      -0.9999999999954364,
      2.3814860086223815e-10
    ],
    [
      2.461546560924876e-10,
      0.9999999999917584
    ],
    [
      1.9452662348132354e-06,
      -3.89254057359941e-06
    ],
    [
      1.6309174632926434e-06,
      4.20896577690607e-07
    ],
    [
      9.93953207963239e-07,
      -4.663366461509954e-07
    ],
    [
      -3.770900805308337e-07,
      2.1458792487231818e-07
    ]
  ],
  "root_assigned_abs_overlaps": [
    0.9999999999954364,
    0.9999999999917584
  ],
  "grad": [
    [
      -0.006574595395474933,
      0.025506702574951218,
      -7.917717299702026e-10
    ],
    [
      0.14163255146912163,
      -0.180776170624975,
      3.9908508510528833e-07
    ],
    [
      -0.1797548565413432,
      0.18082967640242575,
      5.819058832226332e-07
    ],
    [
      0.04396947832409569,
      -0.025082700849189815,
      -3.3783422146102544e-08
    ],
    [
      -0.005718738688560515,
      0.01265440069934226,
      -3.6794684820698236e-07
    ],
    [
      -0.00040075667337884655,
      -0.00912684368396547,
      3.885400223782937e-07
    ],
    [
      0.08838589047633234,
      -0.0671976951580125,
      -4.953177250416418e-07
    ],
    [
      -0.08828463168419017,
      0.06666190129105998,
      -4.6836745378345754e-07
    ],
    [
      0.0007553508179765185,
      0.009139956884159244,
      3.7995091932506743e-07
    ],
    [
      0.005990307895437903,
      -0.012609227535778587,
      -3.832746891220347e-07
    ]
  ],
  "nac": [
    [
      -7.55095148665158e-05,
      1.1474620790251355e-05,
      -0.06555943103025272
    ],
    [
      0.00021527734305985035,
      -0.0001778232142934667,
      -4.252927896354432
    ],
    [
      -0.00030198068468900333,
      0.0001765125628799955,
      -5.63292013505341
    ],
    [
      0.00016565002020004556,
      -8.176497022866051e-06,
      0.2733572800077297
    ],
    [
      1.0135598252277878e-05,
      -1.93439641083576e-06,
      3.259631397372454
    ],
    [
      1.2577596771113911e-05,
      5.384284985098971e-06,
      -3.34513625345104
    ],
    [
      0.00010710043823278368,
      -2.536253168677961e-05,
      5.08155559667577
    ],
    [
      -0.0001112409885943189,
      2.336174158173133e-05,
      4.618413907469409
    ],
    [
      -1.1930014310611087e-05,
      -6.136168440835955e-06,
      -3.5150190241667527
    ],
    [
      -9.638242984122706e-06,
      2.519846171176404e-06,
      3.5675868841208174
    ]
  ],
  "ci_overlap_with_fci": [
    0.9999999999954364,
    0.9999999999917584
  ],
  "ncas": 4,
  "ncore": 13,
  "nelec_act": 4,
  "runtime_s": 14.996039867401123
}