{
  "system": "butadiene",
  "label": "trans-butadiene / sto-3g / CAS(4,4) SA(2)",
  "bond_dim": 2,
  "e_states_fci": [
    -152.56139819416435,
    -152.54994135452867
  ],
  "e_states_dmrg": [
    -152.21155050600333,
    -152.17797822688703
  ],
  "e_dmrg_su2": [
    -152.5443064113214,
    -152.5055406678895,
    -152.38244036823494,
    -152.33566875542223,
    -152.1747278205431,
    -152.15943801903984
  ],
  "root_assignment_dmrg_to_fci": [
    0,
    2
  ],
  "root_overlap_matrix": [
    [
      1.8239856744427308e-09,
      -5.2224134379714605e-15
    ],
    [
      -8.608306627721597e-10,
      2.4761621812616323e-18
    ],
    [
      1.5662782999858585e-09,
      -5.985699481306549e-15
    ],
    [
      -1.2592121753397997e-11,
      -2.78875511837758e-15
    ],
    [
      1.8228196130751654e-09,
      -5.397970273112975e-15
    ],
    [
      1.6655534857417974e-09,
      -5.97753649098338e-15
    ]
  ],
  "root_assigned_abs_overlaps": [
    1.8239856744427308e-09,
    5.985699481306549e-15
  ],
  "grad": [
    [
      -0.016430999172287297,
      0.02436707522792476,
      -9.452983135042342e-08
    ],
    [
      0.3589145276452259,
      -0.10336918739033461,
      -5.928709194986433e-07
    ],
    [
      -0.35891452551219505,
      0.10336918779004999,
      -5.895582293439197e-07
    ],
    [
      0.01643099731422859,
      -0.0243670750575859,
      -9.480488928178366e-08
    ],
    [
      -0.012212387613010842,
      0.01095433041123528,
      -7.803056652257733e-08
    ],
    [
      -0.007672754863477179,
      -0.011622421849069572,
      6.868270872034925e-08
    ],
    [
      0.04553237684247241,
      -0.0808190707567166,
      6.944786076051158e-07
    ],
    [
      -0.045532376941811434,
      0.08081907019540163,
      6.968976202993671e-07
    ],
    [
      0.007672754805870197,
      0.011622421737012473,
      7.032176688811215e-08
    ],
    [
      0.012212387494976669,
      -0.01095433030791354,
      -8.058626751559587e-08
    ]
  ],
  "nac": [
    [
      20.53790907456117,
      -0.291911787483769,
      7.953664857565068e-06
    ],
    [
      -52.79090937389436,
      5.162762172976866,
      5.832016845945897e-05
    ],
    [
      52.79091069115688,
      -5.162762148931375,
      5.850251517329729e-05
    ],
    [
      -20.53791044696883,
      0.291911741232671,
      7.946244709290025e-06
    ],
    [
      -0.13908759255490835,
      -0.35892615666925015,
      8.04845710871572e-06
    ],
    [
      -0.26286537529860576,
      0.32175916397567694,
      -8.466295827558245e-06
    ],
    [
      -2.8711950200087952,
      -2.25000909998172,
      -6.596188851655402e-05
    ],
    [
      2.8711948805563567,
      2.25000912116593,
      -6.587214374840306e-05
    ],
    [
      0.2628654635473092,
      -0.3217590319523955,
      -8.409087664508624e-06
    ],
    [
      0.13908769897597412,
      0.35892602566725,
      7.938365448696484e-06
    ]
  ],
  "ci_overlap_with_fci": [
    1.8239856744427308e-09,
    5.985699481306549e-15
  ],
  "ncas": 4,
  "ncore": 13,
  "nelec_act": 4,
  "runtime_s": 7.312719821929932
}