{
  "system": "butadiene_631g",
  "label": "trans-butadiene / 6-31g / CAS(4,4) SA(2)",
  "bond_dim": 20,
  "e_states_fci": [
    -154.4789479935373,
    -154.47329186661355
  ],
  "e_states_dmrg": [
    -154.47894799353955,
    -154.47329186661634
  ],
  "e_dmrg_su2": [
    -154.47894799353955,
    -154.47329186661634,
    -154.34156817688662,
    -154.29549852473718,
    -154.1786844887376,
    -154.16143606149203
  ],
  "root_assignment_dmrg_to_fci": [
    0,
    1
  ],
  "root_overlap_matrix": [
    [
      -0.9999999999954363,
      2.3820651408399506e-10
    ],
    [
      2.4621244574631684e-10,
      0.9999999999917584
    ],
    [
      1.9452662365668562e-06,
      -3.8925405661513965e-06
    ],
    [
      1.6309174618232142e-06,
      4.208965721328665e-07
    ],
    [
      9.939532054899481e-07,
      -4.6633664118258316e-07
    ],
    [
      3.770900807233506e-07,
      -2.145879243556185e-07
    ]
  ],
  "root_assigned_abs_overlaps": [
    0.9999999999954363,
    0.9999999999917584
  ],
  "grad": [
    [
      -0.006574595395023072,
      0.025506702575049247,
      -7.917716946916509e-10
    ],
    [
      0.14163255146849674,
      -0.18077617062473592,
      3.990850878818926e-07
    ],
    [
      -0.17975485654123535,
      0.18082967640200537,
      5.819058867662319e-07
    ],
    [
      0.04396947832414014,
      -0.025082700849080992,
      -3.378342240397214e-08
    ],
    [
      -0.005718738688565388,
      0.012654400699331063,
      -3.679468504193796e-07
    ],
    [
      -0.0004007566733775902,
      -0.009126843683956356,
      3.8854002464931787e-07
    ],
    [
      0.08838589047634816,
      -0.06719769515802547,
      -4.953177283033549e-07
    ],
    [
      -0.08828463168419856,
      0.0666619012910375,
      -4.683674566334765e-07
    ],
    [
      0.00075535081798636,
      0.009139956884171366,
      3.799509215803258e-07
    ],
    [
      0.005990307895439896,
      -0.012609227535782946,
      -3.8327469142187036e-07
    ]
  ],
  "nac": [
    [
      -7.550945742359829e-05,
      1.147459403252863e-05,
      -0.06555943102666813
    ],
    [
      0.00021527701016913883,
      -0.00017782322929593098,
      -4.25292789635035
    ],
    [
      -0.00030198046041776726,
      0.0001765126079210297,
      -5.63292013501599
    ],
    [
      0.00016565006886995497,
      -8.176499610699822e-06,
      0.2733572800100212
    ],
    [
      1.0135599002614205e-05,
      -1.9343951987554685e-06,
      3.259631397356326
    ],
    [
      1.2577596106297562e-05,
      5.384284979687723e-06,
      -3.345136253434503
    ],
    [
      0.00010710044400989098,
      -2.5362534455377746e-05,
      5.0815555966515715
    ],
    [
      -0.00011124099336919467,
      2.3361742367739142e-05,
      4.618413907445816
    ],
    [
      -1.193001303217741e-05,
      -6.1361676319199115e-06,
      -3.5150190241488315
    ],
    [
      -9.638241626315349e-06,
      2.5198459444630808e-06,
      3.567586884102926
    ]
  ],
  "ci_overlap_with_fci": [
    0.9999999999954364,
    0.9999999999917584
  ],
  "ncas": 4,
  "ncore": 13,
  "nelec_act": 4,
  "runtime_s": 15.007254600524902
}