{
  "system": "butadiene_321g",
  "label": "trans-butadiene / 3-21g / CAS(4,4) SA(2)",
  "bond_dim": 8,
  "e_states_fci": [
    -153.66899300402903,
    -153.66259173204537
  ],
  "e_states_dmrg": [
    -153.63887184408844,
    -153.63563937473722
  ],
  "e_dmrg_su2": [
    -153.6689930040308,
    -153.66259173204904,
    -153.52992831401886,
    -153.48559353302596,
    -153.36850202334335,
    -153.35087748614805
  ],
  "root_assignment_dmrg_to_fci": [
    1,
    0
  ],
  "root_overlap_matrix": [
    [
      0.003666192905090359,
      -0.9786994611377977
    ],
    [
      -0.9788849562606937,
      -0.0034778491110706126
    ],
    [
      0.00041876853364567645,
      0.00011617411108515352
    ],
    [
      -0.00024834787164527055,
      0.021272237354978487
    ],
    [
      -0.02192147649192815,
      5.894216067708281e-06
    ],
    [
      6.263871371073528e-07,
      -0.012031443085177333
    ]
  ],
  "root_assigned_abs_overlaps": [
    0.9788849562606937,
    0.9786994611377977
  ],
  "grad": [
    [
      -0.01563954426868827,
      0.024722606542666864,
      -0.0007459984651998474
    ],
    [
      0.11685628114548974,
      -0.1793505526531935,
      0.00045394986332648077
    ],
    [
      -0.115291388569977,
      0.18443982959603633,
      0.0008180390985978676
    ],
    [
      0.015987405798223997,
      -0.025805694703075793,
      -0.0017676529384382839
    ],
    [
      -0.007285487048166405,
      0.01250418737488812,
      0.0016536225487432511
    ],
    [
      -0.002179324162915345,
      -0.009664411132172892,
      -0.0010384787893177921
    ],
    [
      0.09060102004151194,
      -0.06700151238262504,
      0.0013345259666741854
    ],
    [
      -0.09083885735724627,
      0.06283714081193957,
      -0.0010611353400806968
    ],
    [
      0.0013826973415778238,
      0.009756365145840752,
      0.0006332725932308975
    ],
    [
      0.006407197080191622,
      -0.012437958600307317,
      -0.00028014453753625354
    ]
  ],
  "nac": [
    [
      6.5620628484538255,
      0.009854002234691317,
      -1.7413732488575062
    ],
    [
      -12.45998683613205,
      0.0979316558985457,
      -7.714520434714077
    ],
    [
      8.03732595482349,
      0.7140095281341516,
      -5.956712454043094
    ],
    [
      -1.8392711715111278,
      -0.0268346686298907,
      -3.2319720801314027
    ],
    [
      -0.21875873221487557,
      0.07681023283062913,
      11.49798129340328
    ],
    [
      -0.1876741327410824,
      -0.08057001164337173,
      -9.63604878471796
    ],
    [
      0.3124868059866542,
      -0.5686646062170716,
      13.343340041129172
    ],
    [
      -0.1873030744705503,
      -0.2425035495484407,
      2.8852852767805914
    ],
    [
      0.004167367668820287,
      0.05630076361126197,
      -4.474243752772166
    ],
    [
      -0.022979734727905245,
      -0.03633321460931349,
      5.017257046088999
    ]
  ],
  "ci_overlap_with_fci": [
    0.9788849562606939,
    0.9786994611377977
  ],
  "ncas": 4,
  "ncore": 13,
  "nelec_act": 4,
  "runtime_s": 11.561814785003662
}