{
  "system": "butadiene_321g",
  "label": "trans-butadiene / 3-21g / CAS(4,4) SA(2)",
  "bond_dim": 200,
  "e_states_fci": [
    -153.66899300402903,
    -153.66259173204537
  ],
  "e_states_dmrg": [
    -153.6689930040308,
    -153.662591732049
  ],
  "e_dmrg_su2": [
    -153.6689930040308,
    -153.662591732049,
    -153.52992831401883,
    -153.48559353302596,
    -153.36850202334335,
    -153.35087748614802
  ],
  "root_assignment_dmrg_to_fci": [
    0,
    1
  ],
  "root_overlap_matrix": [
    [
      -0.9999999999963901,
      2.2090706243735933e-10
    ],
    [
      2.2907680121896115e-10,
      0.9999999999889246
    ],
    [
      -1.9000788310744082e-06,
      4.154444153916185e-06
    ],
    [
      6.203955578744086e-07,
      1.707033535321887e-06
    ],
    [
      1.2136866891324647e-06,
      -5.621957250957609e-07
    ],
    [
      7.553570898902019e-07,
      3.3019522841455124e-07
    ]
  ],
  "root_assigned_abs_overlaps": [
    0.9999999999963901,
    0.9999999999889246
  ],
  "grad": [
    [
      -0.05164986684661785,
      0.02491149932237552,
      -2.2441399291357232e-08
    ],
    [
      0.18814309581210853,
      -0.17960756292126126,
      3.327289534463218e-07
    ],
    [
      -0.14827466149387858,
      0.17956098721134217,
      2.1545684377318177e-07
    ],
    [
      0.01219492017042751,
      -0.02525120137455833,
      -3.767312717731227e-09
    ],
    [
      -0.00630800954803188,
      0.012135658118898504,
      -2.2342622033172323e-07
    ],
    [
      -0.0012623311467009233,
      -0.009282470539134216,
      2.2258054262282992e-07
    ],
    [
      0.08901447944080587,
      -0.06386875373464745,
      -2.6383744071711767e-07
    ],
    [
      -0.08881925080096209,
      0.06428760839737557,
      -2.7242710543080063e-07
    ],
    [
      0.0009438251060807524,
      0.009254186392495947,
      2.366817166912034e-07
    ],
    [
      0.00601779930675282,
      -0.012139950872872068,
      -2.2154857804341356e-07
    ]
  ],
  "nac": [
    [
      -9.385332354941611e-05,
      5.607522691327785e-06,
      0.27623664727081754
    ],
    [
      0.00016623883893147136,
      -8.927701690241053e-05,
      -5.014606978839025
    ],
    [
      -0.0001150274734569158,
      8.89543819248865e-05,
      -3.7993384434411
    ],
    [
      3.6322870713220595e-05,
      -5.366316303858167e-06,
      -0.021491780092100104
    ],
    [
      4.4575313044421115e-06,
      -1.2699046056088288e-06,
      3.1957557602162656
    ],
    [
      6.044892141665207e-06,
      2.667144596925151e-06,
      -3.147414934301961
    ],
    [
      5.8516096841191174e-05,
      -1.2044372291029177e-05,
      4.084003289008553
    ],
    [
      -5.1069716214804717e-05,
      1.2071945346932413e-05,
      4.4894572210582195
    ],
    [
      -6.3362261624792456e-06,
      -2.3311536698760343e-06,
      -2.999472836360687
    ],
    [
      -5.528473756682973e-06,
      1.1416234014912663e-06,
      2.9260419451121362
    ]
  ],
  "ci_overlap_with_fci": [
    0.9999999999963901,
    0.9999999999889245
  ],
  "ncas": 4,
  "ncore": 13,
  "nelec_act": 4,
  "runtime_s": 7.262014627456665
}