{
  "system": "butadiene_321g",
  "label": "trans-butadiene / 3-21g / CAS(4,4) SA(2)",
  "bond_dim": 3,
  "e_states_fci": [
    -153.66899300402903,
    -153.66259173204537
  ],
  "e_states_dmrg": [
    -153.59494837703002,
    -153.43085818269242
  ],
  "e_dmrg_su2": [
    -153.66899300403082,
    -153.662591732049,
    -153.52992831401886,
    -153.48559353302602,
    -153.36850202334338,
    -153.35087748614802
  ],
  "root_assignment_dmrg_to_fci": [
    1,
    0
  ],
  "root_overlap_matrix": [
    [
      0.4648176613272318,
      -0.309156500750304
    ],
    [
      0.8775199733784687,
      -0.14213713298799022
    ],
    [
      0.33374697805507775,
      0.17719469131202362
    ],
    [
      0.3014977555264989,
      -0.3074748558198755
    ],
    [
      -0.49793776019307595,
      0.18302619760251337
    ],
    [
      -0.0652594345536681,
      -0.05777386890950795
    ]
  ],
  "root_assigned_abs_overlaps": [
    0.8775199733784687,
    0.309156500750304
  ],
  "grad": [
    [
      0.15738849015781975,
      0.033924889991428085,
      0.012956788305911878
    ],
    [
      -0.2002341478967078,
      -0.12781477817140274,
      -0.02095494237441151
    ],
    [
      0.006888612588590082,
      0.08039113008880955,
      -0.04835173878159555
    ],
    [
      0.03724541241017665,
      0.004737791472738343,
      0.006697375352164646
    ],
    [
      -0.02148553121733826,
      0.016995295224797285,
      0.08374769207778858
    ],
    [
      -0.004729564412516374,
      -0.007064354899207176,
      -0.07185379741343939
    ],
    [
      0.07495306708135244,
      -0.029090230100520864,
      0.03496357504928475
    ],
    [
      0.0019113684297439176,
      0.03227369922930744,
      -0.002092914042561735
    ],
    [
      -0.022551762295064948,
      0.003451263035515767,
      0.012974728731492661
    ],
    [
      -0.029385944846092915,
      -0.0078047058714691975,
      -0.008086766904648882
    ]
  ],
  "nac": [
    [
      -9.182385432392275,
      -0.4114512574770555,
      -0.6482255176119196
    ],
    [
      17.8887370820899,
      -2.240138981308475,
      1.9164770313279358
    ],
    [
      -9.33800052084766,
      4.42274256054104,
      2.7400370678528887
    ],
    [
      1.1331441925352619,
      -1.1989965764737394,
      -0.4332003243078843
    ],
    [
      0.6557643757049508,
      -0.21977338730466273,
      -3.535109139531674
    ],
    [
      0.1177048976783206,
      -0.0952552233102309,
      2.951780688493619
    ],
    [
      0.7263717441675863,
      -1.6161322826935816,
      -1.3926561018329326
    ],
    [
      -3.9766182143021194,
      1.3712522491908454,
      -1.4076715051883257
    ],
    [
      0.7337984406359854,
      0.08430343627272681,
      0.022728145290805593
    ],
    [
      1.250280819586454,
      -0.09655011492656781,
      -0.21796590645691835
    ]
  ],
  "ci_overlap_with_fci": [
    0.8775199733784687,
    0.309156500750304
  ],
  "ncas": 4,
  "ncore": 13,
  "nelec_act": 4,
  "runtime_s": 11.566219568252563
}