{
  "system": "butadiene_321g",
  "label": "trans-butadiene / 3-21g / CAS(4,4) SA(2)",
  "bond_dim": 2,
  "e_states_fci": [
    -153.66899300402903,
    -153.66259173204537
  ],
  "e_states_dmrg": [
    -153.38809827110362,
    -153.62777274332555
  ],
  "e_dmrg_su2": [
    -153.63789863732148,
    -153.62488805499245,
    -153.39007044462582
  ],
  "root_assignment_dmrg_to_fci": [
    4,
    0
  ],
  "root_overlap_matrix": [
    [
      0.0005548691988757764,
      -0.9694125780191569
    ],
    [
      0.0001590980706717426,
      -0.9423689982991825
    ],
    [
      -0.002101881760201378,
      0.057088983179590935
    ],
    [
      0.0021592736575641175,
      -0.19354521051139756
    ],
    [
      -0.00216005801767152,
      0.19653892009097795
    ],
    [
      0.0020934622080258335,
      -0.042783992063826166
    ]
  ],
  "root_assigned_abs_overlaps": [
    0.00216005801767152,
    0.9694125780191569
  ],
  "grad": [
    [
      0.13595873321463545,
      0.0251682463435468,
      -0.012515769561750227
    ],
    [
      -0.05650674444557091,
      -0.07156546002359837,
      -0.02389953059155825
    ],
    [
      0.03311238941434724,
      0.09939842230575882,
      0.0219122863625287
    ],
    [
      -0.12226339471093095,
      -0.020812149779115115,
      -0.001712764474816058
    ],
    [
      -0.018800653153344865,
      0.014236936257297429,
      0.006383591520742632
    ],
    [
      -0.012738484830130807,
      -0.013921612657153085,
      -0.0017947783782747769
    ],
    [
      0.037062023542132706,
      -0.07723049865386394,
      0.017843827851093393
    ],
    [
      -0.018309354254774122,
      0.04446086564362524,
      -0.003053529498671699
    ],
    [
      0.010039563082086481,
      0.014402467035038606,
      -0.007407424919188081
    ],
    [
      0.012445922141573529,
      -0.014137216471531891,
      0.004244091689898268
    ]
  ],
  "nac": [
    [
      1.4210218536124068,
      0.14017741126032698,
      0.1830406118473694
    ],
    [
      -3.548707177808249,
      -0.2125927108317875,
      0.22582393009998541
    ],
    [
      1.1212983340086582,
      -0.08544759393205668,
      -0.43584372089684326
    ],
    [
      0.7627249131048008,
      0.14754284679174373,
      0.05543479511990675
    ],
    [
      -0.014585542409126698,
      0.009569769279240707,
      0.01849670438245596
    ],
    [
      0.02575153844027551,
      -0.016549860712787592,
      -0.09943405886529136
    ],
    [
      0.2678201267213172,
      0.140460772098706,
      -0.08687401588357344
    ],
    [
      0.2379706751624654,
      -0.11510630403018014,
      0.10583006582954364
    ],
    [
      0.020419431857390317,
      -0.007696533002128276,
      0.05473782520870784
    ],
    [
      -0.02387539626128708,
      -0.0003577973004408591,
      -0.021202621692521153
    ]
  ],
  "ci_overlap_with_fci": [
    0.00216005801767152,
    0.9694125780191569
  ],
  "ncas": 4,
  "ncore": 13,
  "nelec_act": 4,
  "runtime_s": 11.431178569793701
}