{
  "system": "butadiene",
  "label": "trans-butadiene / sto-3g / CAS(4,4) SA(2)",
  "bond_dim": 6,
  "e_states_fci": [
    -152.56139819416435,
    -152.54994135452867
  ],
  "e_states_dmrg": [
    -152.5077665202795,
    -152.53830831709507
  ],
  "e_dmrg_su2": [
    -152.56139819416532,
    -152.54994135453032,
    -152.41784849345623,
    -152.4161759620629,
    -152.21859619349766,
    -152.1841731647698
  ],
  "root_assignment_dmrg_to_fci": [
    1,
    0
  ],
  "root_overlap_matrix": [
    [
      -9.084513908526712e-06,
      -0.9906531075100136
    ],
    [
      -0.9534307542165529,
      9.537198477344938e-06
    ],
    [
      -9.264957097476634e-14,
      -3.3841691254302114e-14
    ],
    [
      8.169272151658257e-08,
      0.0008998284401323595
    ],
    [
      2.3371527725012487e-14,
      -1.5709560458028978e-13
    ],
    [
      1.2762306023431532e-07,
      0.08093475980380987
    ]
  ],
  "root_assigned_abs_overlaps": [
    0.9534307542165529,
    0.9906531075100136
  ],
  "grad": [
    [
      0.04977535113132334,
      0.02213247360287092,
      -9.284912551469647e-07
    ],
    [
      -0.0007798574618319148,
      -0.08612227923899131,
      1.0160258832264213e-06
    ],
    [
      0.0007798574702950617,
      0.08612227923930071,
      1.0159415384199822e-06
    ],
    [
      -0.049775351134632606,
      -0.022132473604200446,
      -9.284172450853625e-07
    ],
    [
      -0.011569722288069637,
      0.011386534155538176,
      -1.4198746348810213e-07
    ],
    [
      -0.007775767518953881,
      -0.01191711049443729,
      4.240801139522917e-07
    ],
    [
      0.0339984712541226,
      -0.06810973827502362,
      -3.696580399290769e-07
    ],
    [
      -0.033998471259253864,
      0.06810973827598799,
      -3.695663290948011e-07
    ],
    [
      0.007775767518732475,
      0.011917110494529082,
      4.2407388048649306e-07
    ],
    [
      0.0115697222882685,
      -0.011386534155580167,
      -1.420010833409163e-07
    ]
  ],
  "nac": [
    [
      0.019657963410222686,
      0.013980201283698911,
      -0.32647646620203313
    ],
    [
      0.124151271077113,
      -0.0331969078567126,
      1.5038162852805954
    ],
    [
      -0.12415127203595848,
      0.03319689416314962,
      1.5038162834084565
    ],
    [
      -0.019657968921199084,
      -0.013980193120996449,
      -0.3264764649060405
    ],
    [
      -0.06544791269832251,
      0.03612075338771129,
      -0.7224761645966689
    ],
    [
      -0.06041432565771452,
      -0.039223578927784664,
      0.8036147221429805
    ],
    [
      0.03861371151372916,
      -0.1696547457846887,
      -1.2492388916375203
    ],
    [
      -0.03861370843939084,
      0.16965475148935713,
      -1.2492388947194708
    ],
    [
      0.06041432815617725,
      0.03922357990890333,
      0.8036147197992444
    ],
    [
      0.06544791269386604,
      -0.036120754542645635,
      -0.7224761617240303
    ]
  ],
  "ci_overlap_with_fci": [
    0.9534307542165529,
    0.9906531075100136
  ],
  "ncas": 4,
  "ncore": 13,
  "nelec_act": 4,
  "runtime_s": 7.392875909805298
}