{
  "system": "butadiene",
  "label": "trans-butadiene / sto-3g / CAS(4,4) SA(2)",
  "bond_dim": 5,
  "e_states_fci": [
    -152.56139819416435,
    -152.54994135452867
  ],
  "e_states_dmrg": [
    -152.50776652028878,
    -152.5376543653026
  ],
  "e_dmrg_su2": [
    -152.56139819416532,
    -152.5499413545303,
    -152.41784849345626,
    -152.41617596206288,
    -152.21859619349758,
    -152.18417316476982
  ],
  "root_assignment_dmrg_to_fci": [
    0,
    1
  ],
  "root_overlap_matrix": [
    [
      -0.9534307541638463,
      -1.4447023018914532e-05
    ],
    [
      1.2809574205591377e-05,
      -0.9864270799792988
    ],
    [
      -1.2652125945152225e-13,
      3.4437155938181096e-09
    ],
    [
      2.630682543683256e-06,
      -0.30483798330835876
    ],
    [
      -1.8473807459114334e-13,
      5.878217414606101e-11
    ],
    [
      1.571444885885192e-07,
      -0.07269202506076239
    ]
  ],
  "root_assigned_abs_overlaps": [
    0.9534307541638463,
    0.9864270799792988
  ],
  "grad": [
    [
      0.04873132253090598,
      0.02216323916054682,
      1.0831882364593315e-06
    ],
    [
      0.0010779920058701375,
      -0.08637409953367588,
      -2.3925585259838067e-06
    ],
    [
      -0.0010779920058758968,
      0.08637409953331424,
      -2.391970388620989e-06
    ],
    [
      -0.04873132253106398,
      -0.022163239160243733,
      1.0826467376543266e-06
    ],
    [
      -0.011537152525491583,
      0.011361208041276633,
      7.159474799443108e-07
    ],
    [
      -0.00773430532010038,
      -0.011891618706677175,
      -9.925916709771835e-07
    ],
    [
      0.03414018141849377,
      -0.06817007279980465,
      1.5862965306776427e-06
    ],
    [
      -0.03414018141839145,
      0.0681700727998499,
      1.5855592290968687e-06
    ],
    [
      0.00773430532017913,
      0.011891618706720558,
      -9.925646451108662e-07
    ],
    [
      0.01153715252546329,
      -0.011361208041304026,
      7.160470168603829e-07
    ]
  ],
  "nac": [
    [
      0.03226058053119315,
      0.013821253114443684,
      -0.33677237106897817
    ],
    [
      0.10773332910712276,
      -0.025979076811531162,
      1.4740357441237215
    ],
    [
      -0.10773333761061024,
      0.02597930146222217,
      1.4740357560972022
    ],
    [
      -0.032260499561426625,
      -0.013821383451475874,
      -0.3367723837703124
    ],
    [
      -0.06813866647394091,
      0.03758362768539369,
      -0.6640363352760956
    ],
    [
      -0.06304992503407188,
      -0.0408172779164482,
      0.7563148671430059
    ],
    [
      0.034723758005332936,
      -0.17393080341239964,
      -1.2195268807569382
    ],
    [
      -0.034723803784190196,
      0.1739307093179029,
      -1.2195268541135305
    ],
    [
      0.06304989550737386,
      0.04081726703864793,
      0.7563148872864888
    ],
    [
      0.06813867641933666,
      -0.03758361702688831,
      -0.6640363557322086
    ]
  ],
  "ci_overlap_with_fci": [
    0.9534307541638463,
    0.9864270799792988
  ],
  "ncas": 4,
  "ncore": 13,
  "nelec_act": 4,
  "runtime_s": 7.400174379348755
}