{
  "system": "butadiene_631g",
  "label": "trans-butadiene / 6-31g / CAS(4,4) SA(2)",
  "bond_dim": 12,
  "e_states_fci": [
    -154.4789479935373,
    -154.47329186661355
  ],
  "e_states_dmrg": [
    -154.47876086174753,
    -154.47325574491327
  ],
  "e_dmrg_su2": [
    -154.47894799353955,
    -154.4732918666163,
    -154.34156817688662,
    -154.29549852473718,
    -154.17868448873762,
    -154.16143606149203
  ],
  "root_assignment_dmrg_to_fci": [
    0,
    1
  ],
  "root_overlap_matrix": [
    [
      0.999838160632766,
      -3.4930898787767135e-06
    ],
    [
      3.4858508425059804e-06,
      -0.9999750363902362
    ],
    [
      -0.00011075466505820746,
      -6.396268188652857e-06
    ],
    [
      9.050152648517346e-06,
      0.00019001633510319917
    ],
    [
      -5.6766778476485376e-06,
      1.565990338840457e-06
    ],
    [
      -1.460521285273623e-05,
      -0.0002338234469180119
    ]
  ],
  "root_assigned_abs_overlaps": [
    0.999838160632766,
    0.9999750363902362
  ],
  "grad": [
    [
      -0.008961353247040338,
      0.024376834440003988,
      0.0005899785501979742
    ],
    [
      0.14810845201642453,
      -0.18160279027531395,
      0.009252263136537991
    ],
    [
      -0.18834886969304102,
      0.181379671893034,
      0.010721966973311759
    ],
    [
      0.04777506300200418,
      -0.02325063233263948,
      -0.000718198185691131
    ],
    [
      -0.0058053809119217314,
      0.012462583468530098,
      -0.0069690959697121515
    ],
    [
      -4.384529485753361e-05,
      -0.00874667287430032,
      0.006817644502236585
    ],
    [
      0.08884190025536313,
      -0.06736898612204248,
      -0.010209885320384544
    ],
    [
      -0.08805183629902442,
      0.0665523166235975,
      -0.009457766345013656
    ],
    [
      0.0003557323459135759,
      0.008859078565516283,
      0.007484442507856298
    ],
    [
      0.006130137826157043,
      -0.012661403386390251,
      -0.0075113498493386355
    ]
  ],
  "nac": [
    [
      0.27591332016673575,
      -0.015214772941266826,
      -0.09048060281727872
    ],
    [
      -0.4502695800493774,
      -0.0032401475204609756,
      -4.860541668197703
    ],
    [
      0.5301365360679724,
      -0.011325950594098395,
      -6.562504623343269
    ],
    [
      -0.22056668932189324,
      -0.013389955361806998,
      0.31981901296851867
    ],
    [
      -0.003249812139959071,
      -0.014026211576857616,
      3.7986240243107936
    ],
    [
      -0.010010709559425242,
      0.009704471789301405,
      -3.897880388786233
    ],
    [
      -0.07267439517489319,
      -0.003270543785678067,
      5.871087603396628
    ],
    [
      -0.05409994528683816,
      0.046933655371658146,
      5.348786770277531
    ],
    [
      -0.0007157193255205186,
      0.0011631243642246537,
      -4.0587159154609544
    ],
    [
      0.005508148607309976,
      0.0026661508534170744,
      4.120772109992105
    ]
  ],
  "ci_overlap_with_fci": [
    0.999838160632766,
    0.9999750363902362
  ],
  "ncas": 4,
  "ncore": 13,
  "nelec_act": 4,
  "runtime_s": 19.35286831855774
}