{
  "system": "butadiene_631g",
  "label": "trans-butadiene / 6-31g / CAS(4,4) SA(2)",
  "bond_dim": 4,
  "e_states_fci": [
    -154.4789479935373,
    -154.47329186661355
  ],
  "e_states_dmrg": [
    -154.44717674050872,
    -154.4516652820218
  ],
  "e_dmrg_su2": [
    -154.4789479935395,
    -154.4732918666163,
    -154.34156817688662,
    -154.29549852473713,
    -154.17868448873756,
    -154.16143606149197
  ],
  "root_assignment_dmrg_to_fci": [
    1,
    0
  ],
  "root_overlap_matrix": [
    [
      -0.0003580176537685186,
      0.983304016038855
    ],
    [
      -0.9711880241075638,
      -0.0005286947133984706
    ],
    [
      -0.9627572025497315,
      0.07805373405272636
    ],
    [
      2.9746464539529872e-05,
      -0.030459547950537694
    ],
    [
      -0.000171130134593164,
      0.027661840183370458
    ],
    [
      -0.9389670921407574,
      -0.08911499887663565
    ]
  ],
  "root_assigned_abs_overlaps": [
    0.9711880241075638,
    0.983304016038855
  ],
  "grad": [
    [
      0.0030839450159617088,
      0.024390144168648153,
      -1.5130880661729662e-05
    ],
    [
      0.09892700806379284,
      -0.17114609178672152,
      -3.335600715644793e-05
    ],
    [
      -0.15936536398118412,
      0.17281860189895187,
      -7.153935421158258e-05
    ],
    [
      0.06038537977665093,
      -0.023914616158610822,
      6.306340454726621e-06
    ],
    [
      -0.004099007943139098,
      0.012736236530004141,
      -8.677511817475073e-05
    ],
    [
      0.0010728262280960228,
      -0.00889015818948196,
      9.189953948337398e-05
    ],
    [
      0.0801605087245919,
      -0.06515719047589075,
      -0.00017306725585977318
    ],
    [
      -0.08576421543863488,
      0.06260729853095527,
      0.00027579644426479474
    ],
    [
      0.00035549840511446724,
      0.008705278785769259,
      -3.873230878005942e-05
    ],
    [
      0.005243421148740188,
      -0.012149503303606611,
      4.459860064144611e-05
    ]
  ],
  "nac": [
    [
      -4.02728721738419,
      0.057411767180411286,
      -0.6604379219152317
    ],
    [
      6.78229502381181,
      -0.7203538609031293,
      5.655216224276749
    ],
    [
      -1.0118094403608526,
      0.5308139458128635,
      6.27048353688154
    ],
    [
      -2.1363076873450138,
      -0.10354207126070007,
      -0.2829320221334347
    ],
    [
      -0.09032138783590811,
      -0.018441850107819697,
      -4.535177123363356
    ],
    [
      -0.08410341978638673,
      -0.003319575607916568,
      4.688721914569157
    ],
    [
      0.6052409677089426,
      -0.07057050921811397,
      -5.515808893984688
    ],
    [
      -0.15103285263440816,
      0.3328010543324722,
      -5.5874458767195465
    ],
    [
      0.0387056214395976,
      0.03969311916470377,
      4.069145639702908
    ],
    [
      0.0746235780455833,
      -0.04449211506085148,
      -4.113429400423524
    ]
  ],
  "ci_overlap_with_fci": [
    0.9711880241075638,
    0.983304016038855
  ],
  "ncas": 4,
  "ncore": 13,
  "nelec_act": 4,
  "runtime_s": 19.408398151397705
}