{
  "system": "butadiene_631g",
  "label": "trans-butadiene / 6-31g / CAS(4,4) SA(2)",
  "bond_dim": 5,
  "e_states_fci": [
    -154.4789479935373,
    -154.47329186661355
  ],
  "e_states_dmrg": [
    -154.44840646740806,
    -154.45166543370664
  ],
  "e_dmrg_su2": [
    -154.47894799353955,
    -154.4732918666163,
    -154.34156817688665,
    -154.29549852473718,
    -154.17868448873762,
    -154.16143606149203
  ],
  "root_assignment_dmrg_to_fci": [
    1,
    0
  ],
  "root_overlap_matrix": [
    [
      -0.00043536623867836106,
      0.9833044863426217
    ],
    [
      -0.9733999606302448,
      -0.0005123351122299671
    ],
    [
      -0.16031165349362989,
      0.03080972300931391
    ],
    [
      -4.074652030691011e-05,
      0.030470122068402952
    ],
    [
      0.00023472041960319833,
      -0.02766994452511979
    ],
    [
      -0.005736481199095443,
      -0.0002910133674799563
    ]
  ],
  "root_assigned_abs_overlaps": [
    0.9733999606302448,
    0.9833044863426217
  ],
  "grad": [
    [
      0.006111018225656573,
      0.025220511071989676,
      -4.35269961707497e-05
    ],
    [
      0.07997034979345316,
      -0.16711738461003375,
      8.999729447019053e-05
    ],
    [
      -0.15966814356064318,
      0.1707287780302845,
      -4.960990664546403e-05
    ],
    [
      0.07027071728174594,
      -0.022291978916962663,
      2.700111322731915e-05
    ],
    [
      -0.004386895621217215,
      0.012924756444166734,
      -6.149397646590663e-05
    ],
    [
      0.0012841733157896917,
      -0.008967076802348237,
      6.811225764519519e-05
    ],
    [
      0.08245279284314774,
      -0.0665910344193371,
      -6.138882567494449e-05
    ],
    [
      -0.07941872745886563,
      0.0597588520138196,
      3.136408223413777e-05
    ],
    [
      -0.000459023598810112,
      0.008293431885351674,
      1.3147826086446107e-05
    ],
    [
      0.0038437387797062624,
      -0.011958854696922053,
      -1.3602868706226221e-05
    ]
  ],
  "nac": [
    [
      -5.726750156899038,
      0.049232547636697405,
      -0.6705928049534663
    ],
    [
      12.488136664473952,
      -1.8673255143201517,
      7.940201038624461
    ],
    [
      -2.3337318437178647,
      1.373628261984361,
      9.063339364667671
    ],
    [
      -3.9732567927508775,
      -0.38829548787039514,
      -0.4661220921227908
    ],
    [
      -0.26378588865050945,
      -0.03571098351212825,
      -6.136182158403364
    ],
    [
      -0.3087541259800383,
      -0.04120124203006899,
      6.301272662940961
    ],
    [
      0.875033792981693,
      -0.07170103612727728,
      -8.25940703628287
    ],
    [
      -1.1623247446715632,
      0.9548560012516343,
      -7.735257263053068
    ],
    [
      0.13890239236383234,
      0.11775430048373656,
      5.836398326231988
    ],
    [
      0.2666523557515447,
      -0.09123696490671732,
      -5.88502094123346
    ]
  ],
  "ci_overlap_with_fci": [
    0.9733999606302448,
    0.9833044863426217
  ],
  "ncas": 4,
  "ncore": 13,
  "nelec_act": 4,
  "runtime_s": 19.36852478981018
}