{
  "system": "butadiene_321g",
  "label": "trans-butadiene / 3-21g / CAS(4,4) SA(2)",
  "bond_dim": 20,
  "e_states_fci": [
    -153.66899300402903,
    -153.66259173204537
  ],
  "e_states_dmrg": [
    -153.66899300403082,
    -153.66259173204907
  ],
  "e_dmrg_su2": [
    -153.66899300403082,
    -153.66259173204907,
    -153.52992831401886,
    -153.485593533026,
    -153.36850202334338,
    -153.35087748614805
  ],
  "root_assignment_dmrg_to_fci": [
    0,
    1
  ],
  "root_overlap_matrix": [
    [
      0.99999999999639,
      -2.2079461376590746e-10
    ],
    [
      2.2896457395068537e-10,
      0.9999999999889246
    ],
    [
      -1.900078827666808e-06,
      4.154444168845735e-06
    ],
    [
      -6.203955647674319e-07,
      -1.7070335331317347e-06
    ],
    [
      1.2136866846097455e-06,
      -5.621957149515664e-07
    ],
    [
      -7.553570896203525e-07,
      -3.301952328249263e-07
    ]
  ],
  "root_assigned_abs_overlaps": [
    0.99999999999639,
    0.9999999999889246
  ],
  "grad": [
    [
      -0.05164986684673595,
      0.024911499322463563,
      -2.2441398880431585e-08
    ],
    [
      0.18814309581259905,
      -0.17960756292151484,
      3.3272894620338794e-07
    ],
    [
      -0.1482746614943567,
      0.17956098721145644,
      2.1545683830056722e-07
    ],
    [
      0.012194920170516925,
      -0.025251201374477287,
      -3.7673127876056485e-09
    ],
    [
      -0.006308009548040408,
      0.01213565811890421,
      -2.2342621577374794e-07
    ],
    [
      -0.0012623311467026134,
      -0.009282470539125558,
      2.2258053814284424e-07
    ],
    [
      0.08901447944081609,
      -0.06386875373467235,
      -2.6383743483872543e-07
    ],
    [
      -0.08881925080094694,
      0.06428760839735899,
      -2.724270988921355e-07
    ],
    [
      0.0009438251060809627,
      0.009254186392499164,
      2.366817124933833e-07
    ],
    [
      0.006017799306750195,
      -0.012139950872876082,
      -2.2154857396957927e-07
    ]
  ],
  "nac": [
    [
      -9.385334599616314e-05,
      5.60752694967791e-06,
      0.2762366472676449
    ],
    [
      0.00016623894313398652,
      -8.927702385967363e-05,
      -5.014606978844553
    ],
    [
      -0.00011502757627608856,
      8.895438847686178e-05,
      -3.799338443469797
    ],
    [
      3.6322889831628075e-05,
      -5.366320823855999e-06,
      -0.02149178009243282
    ],
    [
      4.45753114909164e-06,
      -1.2699038522808083e-06,
      3.1957557602301447
    ],
    [
      6.0448921832322095e-06,
      2.6671448741666433e-06,
      -3.1474149343156146
    ],
    [
      5.851609332885668e-05,
      -1.2044371620388018e-05,
      4.08400328902595
    ],
    [
      -5.106971408228507e-05,
      1.2071944881030308e-05,
      4.489457221078618
    ],
    [
      -6.336224879173336e-06,
      -2.3311541392331704e-06,
      -2.999472836373854
    ],
    [
      -5.528472884519905e-06,
      1.1416242759032252e-06,
      2.926041945124952
    ]
  ],
  "ci_overlap_with_fci": [
    0.99999999999639,
    0.9999999999889246
  ],
  "ncas": 4,
  "ncore": 13,
  "nelec_act": 4,
  "runtime_s": 7.188183784484863
}