{
  "system": "butadiene",
  "label": "trans-butadiene / sto-3g / CAS(4,4) SA(2)",
  "bond_dim": 200,
  "e_states_fci": [
    -152.56139819416435,
    -152.54994135452867
  ],
  "e_states_dmrg": [
    -152.56139819416532,
    -152.54994135453032
  ],
  "e_dmrg_su2": [
    -152.56139819416532,
    -152.5499413545303,
    -152.41784849345626,
    -152.416175962063,
    -152.2185961934977,
    -152.18417316476982
  ],
  "root_assignment_dmrg_to_fci": [
    0,
    1
  ],
  "root_overlap_matrix": [
    [
      -0.9999999999992617,
      -7.97812914871657e-12
    ],
    [
      8.2909972296984e-12,
      -0.9999999999977464
    ],
    [
      -8.912952286953065e-14,
      1.3639165700327681e-14
    ],
    [
      1.3270322702319623e-07,
      1.3017730008750228e-06
    ],
    [
      8.953624468277624e-15,
      -1.0313345564001332e-15
    ],
    [
      -2.1844154486759924e-08,
      1.225222630592281e-06
    ]
  ],
  "root_assigned_abs_overlaps": [
    0.9999999999992617,
    0.9999999999977464
  ],
  "grad": [
    [
      0.06894466534165847,
      0.022260157390435756,
      -2.0605545693778757e-08
    ],
    [
      -0.009373174415051477,
      -0.086682808808043,
      -2.5303169251928735e-07
    ],
    [
      0.009373174414661845,
      0.0866828088082051,
      -2.5303172507063577e-07
    ],
    [
      -0.06894466534139182,
      -0.022260157390393793,
      -2.0605543203755327e-08
    ],
    [
      -0.011646033105750722,
      0.011605373666320303,
      9.158572220211803e-08
    ],
    [
      -0.007813029972618245,
      -0.012132513701294364,
      -9.070390507096875e-08
    ],
    [
      0.034151200262945595,
      -0.06802641633216308,
      2.727554432190428e-07
    ],
    [
      -0.03415120026290874,
      0.06802641633197055,
      2.727554197400543e-07
    ],
    [
      0.007813029972662495,
      0.012132513701328708,
      -9.070392350565866e-08
    ],
    [
      0.011646033105793485,
      -0.011605373666363186,
      9.158574990286944e-08
    ]
  ],
  "nac": [
    [
      -2.922693189090649e-05,
      1.1091240947495268e-06,
      -0.5762881889849193
    ],
    [
      5.862677121999408e-05,
      -3.5970539772973595e-05,
      -3.866257019416786
    ],
    [
      -5.862836616190393e-05,
      3.597213781844154e-05,
      -3.866257019405657
    ],
    [
      2.9227693180460182e-05,
      -1.1086570397477209e-06,
      -0.576288189000665
    ],
    [
      2.5391619976323794e-06,
      -9.170930195289806e-07,
      0.9681169532337102
    ],
    [
      2.6262768043175555e-06,
      1.212686884262799e-06,
      -0.9353138391924821
    ],
    [
      2.44719178823596e-05,
      -3.0589966461043407e-06,
      4.4182347221787674
    ],
    [
      -2.4471647015810957e-05,
      3.0570297332953065e-06,
      4.418234722174701
    ],
    [
      -2.6259837424208183e-06,
      -1.2123553952393642e-06,
      -0.9353138391338643
    ],
    [
      -2.538896061263605e-06,
      9.166625948485971e-07,
      0.9681169531755573
    ]
  ],
  "ci_overlap_with_fci": [
    0.9999999999992617,
    0.9999999999977464
  ],
  "ncas": 4,
  "ncore": 13,
  "nelec_act": 4,
  "runtime_s": 4.077324151992798
}