{
  "system": "butadiene",
  "label": "trans-butadiene / sto-3g / CAS(4,4) SA(2)",
  "bond_dim": 3,
  "e_states_fci": [
    -152.56139819416435,
    -152.54994135452867
  ],
  "e_states_dmrg": [
    -152.5097418722106,
    -152.50532562280202
  ],
  "e_dmrg_su2": [
    -152.5613981941653,
    -152.54994135453026,
    -152.4178484934562,
    -152.41617596206297,
    -152.21859619349766,
    -152.1841731647698
  ],
  "root_assignment_dmrg_to_fci": [
    0,
    1
  ],
  "root_overlap_matrix": [
    [
      0.7239920009196843,
      0.6320099662568599
    ],
    [
      0.674135164726434,
      0.6714207278557234
    ],
    [
      0.005143168362216441,
      0.005122458440855564
    ],
    [
      -0.0054507564675190245,
      -0.005428808039584965
    ],
    [
      -0.1417958581740636,
      0.11848602699741156
    ],
    [
      -0.018079743976864918,
      -0.01800694265440915
    ]
  ],
  "root_assigned_abs_overlaps": [
    0.7239920009196843,
    0.6714207278557234
  ],
  "grad": [
    [
      -0.047848333979990776,
      0.036062277670751736,
      0.010767222146708048
    ],
    [
      0.21151960113662738,
      -0.27091162115072953,
      -0.04879767931177251
    ],
    [
      -0.24254029769647478,
      0.26640737361089173,
      -0.03852068780806446
    ],
    [
      0.06772723345536275,
      -0.029699710531249965,
      0.008298279350126728
    ],
    [
      -0.0001842758128426797,
      0.006545702963581174,
      0.02365437214801541
    ],
    [
      0.006765025109705884,
      -0.006545614690514741,
      -0.02235545443810401
    ],
    [
      0.14955175408987365,
      -0.07466367444757288,
      0.031724726736904685
    ],
    [
      -0.13739327271940363,
      0.07346103683081433,
      0.034888879649871536
    ],
    [
      -0.00616007401379929,
      0.0055081019614708834,
      -0.019365843304243156
    ],
    [
      -0.0014373595690438806,
      -0.00616387221743786,
      0.019706184830559526
    ]
  ],
  "nac": [
    [
      -105.53176948325125,
      2.310367142383324,
      -11.04171766727375
    ],
    [
      102.01217877356642,
      -55.580521699572934,
      -12.948971576640892
    ],
    [
      -105.71318286111918,
      53.0379849206035,
      -16.898016387052554
    ],
    [
      105.15849859153842,
      1.3134158068788575,
      -12.10217000712865
    ],
    [
      -6.841330130130528,
      15.941369981815816,
      6.882963231641295
    ],
    [
      -5.916358105548569,
      -16.333847468783855,
      -6.462156171853926
    ],
    [
      33.151486650093254,
      35.57099500046783,
      24.59863622813485
    ],
    [
      -29.093517336771747,
      -36.03889552322542,
      23.95697191032348
    ],
    [
      6.9078904798445535,
      16.24514885817571,
      -5.165124081846888
    ],
    [
      5.86696935383795,
      -16.466017018742335,
      9.179584518968943
    ]
  ],
  "ci_overlap_with_fci": [
    0.7239920009196843,
    0.6714207278557234
  ],
  "ncas": 4,
  "ncore": 13,
  "nelec_act": 4,
  "runtime_s": 7.375495910644531
}