{
  "system": "butadiene_321g",
  "label": "trans-butadiene / 3-21g / CAS(4,4) SA(2)",
  "bond_dim": 5,
  "e_states_fci": [
    -153.66899300402903,
    -153.66259173204537
  ],
  "e_states_dmrg": [
    -153.63900383601919,
    -153.64098946748766
  ],
  "e_dmrg_su2": [
    -153.66899300403082,
    -153.66259173204907,
    -153.52992831401886,
    -153.48559353302596,
    -153.36850202334335,
    -153.35087748614805
  ],
  "root_assignment_dmrg_to_fci": [
    1,
    0
  ],
  "root_overlap_matrix": [
    [
      -0.0008603727830519093,
      0.9832819385451579
    ],
    [
      -0.9736650013058203,
      -0.00099197936106144
    ],
    [
      0.17470794948997986,
      -0.05296516849403625
    ],
    [
      -8.450178680307068e-05,
      0.027554878008469633
    ],
    [
      -0.0003593433500146076,
      0.028524455544277398
    ],
    [
      0.005967881612775656,
      0.0003307729821032811
    ]
  ],
  "root_assigned_abs_overlaps": [
    0.9736650013058203,
    0.9832819385451579
  ],
  "grad": [
    [
      -0.07404981130744714,
      0.02161926869549969,
      3.591388824719578e-05
    ],
    [
      0.173276526382372,
      -0.1687545861638028,
      -9.310274282188513e-05
    ],
    [
      -0.11084485610568076,
      0.1646228082664471,
      8.600009647669469e-05
    ],
    [
      0.01854629668955199,
      -0.025081962720761665,
      -6.740352417191112e-05
    ],
    [
      -0.0037663256102368065,
      0.011442080208695471,
      5.3525976210265626e-05
    ],
    [
      0.00015787895707220292,
      -0.008325954514434287,
      -5.295935303204954e-05
    ],
    [
      0.07796643258312044,
      -0.05664075908373204,
      0.0001250953051562956
    ],
    [
      -0.08409015494666035,
      0.06448447896461865,
      -9.805464455882541e-05
    ],
    [
      -0.0013874846972475458,
      0.00881692189055488,
      0.00010559977089196866
    ],
    [
      0.004191498055156656,
      -0.01218229554307771,
      -9.461477239770463e-05
    ]
  ],
  "nac": [
    [
      5.496166352884324,
      0.7024258680035013,
      -0.8953421729090306
    ],
    [
      2.5301311031695177,
      -2.3742695959224522,
      14.94812340318082
    ],
    [
      -14.52576641475452,
      3.269887532226522,
      13.181094841976838
    ],
    [
      5.000167335137888,
      -0.06232472519137909,
      -1.1342215271589917
    ],
    [
      -0.4898327313728992,
      0.14998848833108727,
      -9.913290794721078
    ],
    [
      -0.2544011180016743,
      -0.20179391054261428,
      9.832666013677288
    ],
    [
      2.2761967178628097,
      -1.5514699559177738,
      -12.752378419227943
    ],
    [
      -1.2006733083075463,
      -0.057788609617389214,
      -13.51786990373523
    ],
    [
      0.6322782555804645,
      0.13357347079391635,
      10.444385422428333
    ],
    [
      0.535539349811945,
      -0.008228458660709852,
      -10.204334445365307
    ]
  ],
  "ci_overlap_with_fci": [
    0.9736650013058203,
    0.9832819385451579
  ],
  "ncas": 4,
  "ncore": 13,
  "nelec_act": 4,
  "runtime_s": 11.786531686782837
}