{
  "system": "butadiene",
  "label": "trans-butadiene / sto-3g / CAS(4,4) SA(2)",
  "bond_dim": 4,
  "e_states_fci": [
    -152.56139819416435,
    -152.54994135452867
  ],
  "e_states_dmrg": [
    -152.28652417010227,
    -152.50414585904144
  ],
  "e_dmrg_su2": [
    -152.56139819416532,
    -152.54994135453032,
    -152.41784849345626,
    -152.416175962063,
    -152.21859619349755,
    -152.1841731647698
  ],
  "root_assignment_dmrg_to_fci": [
    0,
    1
  ],
  "root_overlap_matrix": [
    [
      -6.8903396657930855e-06,
      -0.24039713131099666
    ],
    [
      -3.0000789910085512e-06,
      -0.9494144850191251
    ],
    [
      5.8328538311356736e-15,
      -3.708540962283746e-08
    ],
    [
      5.772274258920638e-06,
      0.04553014636066943
    ],
    [
      1.6754687154246152e-13,
      1.4589836381247413e-08
    ],
    [
      2.7756611107552875e-06,
      0.0034100364912265577
    ]
  ],
  "root_assigned_abs_overlaps": [
    6.8903396657930855e-06,
    0.9494144850191251
  ],
  "grad": [
    [
      0.02713711121544668,
      0.01805338801263074,
      -3.409230124589085e-08
    ],
    [
      0.17687006039149666,
      0.06655216350032041,
      -1.219646067001604e-07
    ],
    [
      -0.17687008079412037,
      -0.0665521660317684,
      -1.0211359698254046e-07
    ],
    [
      -0.02713709785627441,
      -0.018053387412863834,
      -3.661039790219641e-08
    ],
    [
      -0.021798709053675792,
      0.012911049617295112,
      1.538784526126373e-06
    ],
    [
      -0.01768333857620093,
      -0.01484443903432775,
      -1.712692793103837e-06
    ],
    [
      -0.06897340605320272,
      -0.05910757367022253,
      3.1903802691177593e-07
    ],
    [
      0.06897341324250639,
      0.059107575739134846,
      3.285899323996473e-07
    ],
    [
      0.017683338518414922,
      0.014844438645609512,
      -1.7107013578904092e-06
    ],
    [
      0.02179870896558129,
      -0.012911049365810619,
      1.5317625683871822e-06
    ]
  ],
  "nac": [
    [
      0.6185074857362813,
      -0.03177350821888398,
      1.1266576606302972e-06
    ],
    [
      -1.4796768942363305,
      0.31216087463472725,
      -1.335700715124747e-06
    ],
    [
      1.4796769192930528,
      -0.3121608703283979,
      -1.2765177597262936e-06
    ],
    [
      -0.6185075057843151,
      0.03177350716384382,
      9.693346608474083e-07
    ],
    [
      -0.02416768603632756,
      0.005396104568948317,
      -4.780246805710869e-06
    ],
    [
      -0.031099969893969723,
      -0.00618501116894498,
      5.369626217006559e-06
    ],
    [
      -0.13722466660285673,
      -0.18930296311649977,
      -2.3791801236967924e-07
    ],
    [
      0.13722465567486308,
      0.1893029597289588,
      -2.615979284710624e-07
    ],
    [
      0.031099972742251375,
      0.006185016902826434,
      5.334720599214728e-06
    ],
    [
      0.02416768910759286,
      -0.005396110166554493,
      -4.766038410154524e-06
    ]
  ],
  "ci_overlap_with_fci": [
    6.8903396657930855e-06,
    0.9494144850191251
  ],
  "ncas": 4,
  "ncore": 13,
  "nelec_act": 4,
  "runtime_s": 7.391278982162476
}