{
  "system": "butadiene_631g",
  "label": "trans-butadiene / 6-31g / CAS(4,4) SA(2)",
  "bond_dim": 2,
  "e_states_fci": [
    -154.4789479935373,
    -154.47329186661355
  ],
  "e_states_dmrg": [
    -154.19923444489436,
    -154.43817661641356
  ],
  "e_dmrg_su2": [
    -154.44734511898534,
    -154.43496601205825,
    -154.19891226514716
  ],
  "root_assignment_dmrg_to_fci": [
    4,
    0
  ],
  "root_overlap_matrix": [
    [
      0.0003261558739425588,
      -0.9692965013563704
    ],
    [
      -3.033912019273985e-06,
      -0.9513702218719846
    ],
    [
      0.00229499983941139,
      -0.056845340768028954
    ],
    [
      -0.0023175892272117634,
      0.21355722521648868
    ],
    [
      0.0023180825671892374,
      -0.1994898454554083
    ],
    [
      0.0022931528872197162,
      -0.05146950833829611
    ]
  ],
  "root_assigned_abs_overlaps": [
    0.0023180825671892374,
    0.9692965013563704
  ],
  "grad": [
    [
      0.04483430529313237,
      0.008858873342927316,
      -8.857887738169927e-05
    ],
    [
      0.11917648740269549,
      -0.12385849873826403,
      0.020420699032673188
    ],
    [
      0.11210068588950683,
      0.07868018453600394,
      -0.028039507529745523
    ],
    [
      -0.21242737621927277,
      -0.03494321680965062,
      -0.013075797881380254
    ],
    [
      -0.006070316473698316,
      0.01276977321971167,
      0.008212736841185328
    ],
    [
      -0.008076819809427205,
      -0.011874020843608661,
      -0.012080669111765795
    ],
    [
      -0.003557657995817018,
      -0.02523482275960054,
      -0.008030200884465342
    ],
    [
      -0.07121631134932703,
      0.09786248245110254,
      0.027822957370935122
    ],
    [
      0.006747590637997118,
      0.007538251151649883,
      -0.006873768684485089
    ],
    [
      0.018489412624254742,
      -0.009799005550261176,
      0.011732129724434992
    ]
  ],
  "nac": [
    [
      -2.8085965706271043,
      -0.39304604442563446,
      0.03652463378326303
    ],
    [
      3.4633211092329237,
      -0.5662618262615188,
      -0.1723826179658725
    ],
    [
      3.4448779803884406,
      0.2786896805550134,
      -0.010256048134335397
    ],
    [
      -2.686080700815455,
      -0.326965416014857,
      0.04828323279120784
    ],
    [
      0.17187411056440174,
      -0.05631779959159357,
      0.04095835013325106
    ],
    [
      0.030191955966566097,
      0.0826289550176771,
      -0.04649374719828312
    ],
    [
      -0.7086618222763243,
      0.6574490689176555,
      0.019094758470782545
    ],
    [
      -1.0433689407681377,
      0.36152142667964265,
      0.12045206588796319
    ],
    [
      -0.14832447264223117,
      -0.14912205722102412,
      -0.1745149106403005
    ],
    [
      0.01834728462296107,
      0.11142401195837182,
      0.1383458475631917
    ]
  ],
  "ci_overlap_with_fci": [
    0.0023180825671892374,
    0.9692965013563704
  ],
  "ncas": 4,
  "ncore": 13,
  "nelec_act": 4,
  "runtime_s": 19.298041105270386
}