{
  "system": "butadiene_631g",
  "label": "trans-butadiene / 6-31g / CAS(4,4) SA(2)",
  "bond_dim": 3,
  "e_states_fci": [
    -154.4789479935373,
    -154.47329186661355
  ],
  "e_states_dmrg": [
    -154.3127407535249,
    -153.94032614596227
  ],
  "e_dmrg_su2": [
    -154.47894799353955,
    -154.47329186661634,
    -154.34156817688662,
    -154.29549852473718,
    -154.1786844887376,
    -154.16143606149203
  ],
  "root_assignment_dmrg_to_fci": [
    1,
    0
  ],
  "root_overlap_matrix": [
    [
      0.14595604453227648,
      -0.20105697041732845
    ],
    [
      0.6924502389601268,
      -0.04273991919841513
    ],
    [
      0.5151366109239721,
      -0.13454275031384572
    ],
    [
      0.6489099828906257,
      0.013826357919699668
    ],
    [
      -0.14288868643205052,
      -0.15676846645136747
    ],
    [
      0.07330145024929169,
      -0.10375643964521869
    ]
  ],
  "root_assigned_abs_overlaps": [
    0.6924502389601268,
    0.20105697041732845
  ],
  "grad": [
    [
      0.5391802494186244,
      0.036680055289828845,
      0.009357358192477688
    ],
    [
      -0.48523862026989906,
      -0.03929960744005545,
      -0.02715881996013754
    ],
    [
      -0.11132489016489489,
      0.01622556223948969,
      -0.020952072635862094
    ],
    [
      0.0451313750972764,
      -0.012670206894129524,
      5.3443055669327895e-05
    ],
    [
      -0.033987670246550084,
      0.021703528292850882,
      -0.014984247710639536
    ],
    [
      -0.02595841982353242,
      -0.026057188145122617,
      0.015877575660105794
    ],
    [
      0.010087669181876618,
      -0.06911978449636574,
      0.024853007992943182
    ],
    [
      0.024766985230553637,
      0.07018790121442248,
      0.00748984343212504
    ],
    [
      0.018579711437543056,
      0.015960989578029494,
      -0.006221928861313724
    ],
    [
      0.018763610138937986,
      -0.01361124963894697,
      0.011685840834631044
    ]
  ],
  "nac": [
    [
      0.9701167346986541,
      0.021500625274256717,
      0.023664492381954887
    ],
    [
      -0.9075999680542577,
      0.19688532259734495,
      -0.1159789530390094
    ],
    [
      -0.1777582310068075,
      -0.23120577562582523,
      -0.08899277930420459
    ],
    [
      0.22973120979413458,
      0.031140592781819087,
      0.01203473633869177
    ],
    [
      -0.039204404709212916,
      0.011315983608386813,
      -0.029950784645705553
    ],
    [
      -0.03299468442106944,
      -0.02100701554936898,
      0.0302854356313225
    ],
    [
      -0.05138389488325698,
      -0.05763841498775306,
      0.09363283305849875
    ],
    [
      0.19918042355193658,
      0.04410243130107997,
      0.06738054502252747
    ],
    [
      0.017661192788896194,
      0.003240470448576977,
      -0.05569470414992445
    ],
    [
      0.006009181613749529,
      0.0016656532253527293,
      0.06296300110013377
    ]
  ],
  "ci_overlap_with_fci": [
    0.6924502389601268,
    0.20105697041732837
  ],
  "ncas": 4,
  "ncore": 13,
  "nelec_act": 4,
  "runtime_s": 20.31092858314514
}