{
  "system": "butadiene",
  "label": "trans-butadiene / sto-3g / CAS(4,4) SA(2)",
  "bond_dim": 20,
  "e_states_fci": [
    -152.56139819416435,
    -152.54994135452867
  ],
  "e_states_dmrg": [
    -152.56139819416532,
    -152.5499413545303
  ],
  "e_dmrg_su2": [
    -152.56139819416532,
    -152.5499413545303,
    -152.41784849345626,
    -152.416175962063,
    -152.2185961934977,
    -152.18417316476982
  ],
  "root_assignment_dmrg_to_fci": [
    0,
    1
  ],
  "root_overlap_matrix": [
    [
      -0.9999999999992617,
      -7.978126676023167e-12
    ],
    [
      8.290982664699154e-12,
      -0.9999999999977464
    ],
    [
      9.248336173872076e-14,
      6.240906084916948e-15
    ],
    [
      -1.327032333969906e-07,
      -1.3017730063225776e-06
    ],
    [
      -7.198277043977238e-15,
      1.5993522884154713e-15
    ],
    [
      -2.1844154502134495e-08,
      1.2252226365620331e-06
    ]
  ],
  "root_assigned_abs_overlaps": [
    0.9999999999992617,
    0.9999999999977464
  ],
  "grad": [
    [
      0.06894466534162064,
      0.022260157390415036,
      -2.060554629155533e-08
    ],
    [
      -0.009373174414951224,
      -0.08668280880809291,
      -2.5303171255635e-07
    ],
    [
      0.009373174414728735,
      0.08668280880814937,
      -2.5303170507786856e-07
    ],
    [
      -0.06894466534141921,
      -0.022260157390414828,
      -2.0605542983836417e-08
    ],
    [
      -0.01164603310576181,
      0.011605373666333827,
      9.158564971646476e-08
    ],
    [
      -0.007813029972630336,
      -0.012132513701306032,
      -9.070383514593888e-08
    ],
    [
      0.034151200262918166,
      -0.06802641633209347,
      2.7275540963717713e-07
    ],
    [
      -0.034151200262932634,
      0.06802641633204114,
      2.727554537213708e-07
    ],
    [
      0.007813029972649366,
      0.012132513701317904,
      -9.070399255988706e-08
    ],
    [
      0.011646033105783363,
      -0.011605373666349037,
      9.1585821540426e-08
    ]
  ],
  "nac": [
    [
      -2.9226322610158542e-05,
      1.1095710321437803e-06,
      -0.5762881888637352
    ],
    [
      5.8625365225430006e-05,
      -3.596884374706886e-05,
      -3.8662570193407575
    ],
    [
      -5.862995268120633e-05,
      3.5973724933793587e-05,
      -3.8662570193024064
    ],
    [
      2.922845709256838e-05,
      -1.1081881888210745e-06,
      -0.5762881889235635
    ],
    [
      2.5394456684711983e-06,
      -9.175011923538617e-07,
      0.9681169532299064
    ],
    [
      2.6265824000462553e-06,
      1.212996365903054e-06,
      -0.9353138392644939
    ],
    [
      2.4472132650792096e-05,
      -3.0610205024780324e-06,
      4.418234722048375
    ],
    [
      -2.4471373499411016e-05,
      3.0550529260055547e-06,
      4.418234722072479
    ],
    [
      -2.6257046064047196e-06,
      -1.2120062207008184e-06,
      -0.935313839091797
    ],
    [
      -2.5386407667935348e-06,
      9.162139134139618e-07,
      0.9681169530642962
    ]
  ],
  "ci_overlap_with_fci": [
    0.9999999999992617,
    0.9999999999977464
  ],
  "ncas": 4,
  "ncore": 13,
  "nelec_act": 4,
  "runtime_s": 4.103500604629517
}