{
  "system": "butadiene",
  "label": "trans-butadiene / sto-3g / CAS(4,4) SA(2)",
  "bond_dim": 12,
  "e_states_fci": [
    -152.56139819416435,
    -152.54994135452867
  ],
  "e_states_dmrg": [
    -152.5613981941653,
    -152.54980870149714
  ],
  "e_dmrg_su2": [
    -152.5613981941653,
    -152.54994135453026,
    -152.4178484934562,
    -152.41617596206297,
    -152.2185961934975,
    -152.18417316476976
  ],
  "root_assignment_dmrg_to_fci": [
    0,
    1
  ],
  "root_overlap_matrix": [
    [
      -0.9999999999992623,
      5.506854280782972e-10
    ],
    [
      -8.92430305766021e-11,
      0.9998823798583361
    ],
    [
      7.730631463877784e-14,
      -4.276468619911029e-14
    ],
    [
      1.3267609935286186e-07,
      4.1724417857602404e-05
    ],
    [
      1.0587882388088465e-14,
      4.4983581564062e-14
    ],
    [
      2.158811210434891e-08,
      -0.0008125704311314325
    ]
  ],
  "root_assigned_abs_overlaps": [
    0.9999999999992623,
    0.9998823798583361
  ],
  "grad": [
    [
      0.06890807445951336,
      0.02226257952823599,
      -1.8275717627323563e-08
    ],
    [
      -0.009409601842828741,
      -0.0867127793476385,
      -2.511691383739363e-07
    ],
    [
      0.009409598624617821,
      0.08671277885512647,
      -2.5116302088654235e-07
    ],
    [
      -0.06890807276860555,
      -0.022262579277926593,
      -1.827460438163676e-08
    ],
    [
      -0.011645782353222585,
      0.011605701863741304,
      9.378337913216173e-08
    ],
    [
      -0.007812157948287386,
      -0.012132760883796955,
      -9.298691815649315e-08
    ],
    [
      0.03417087729389906,
      -0.06803759719401399,
      2.686440466737031e-07
    ],
    [
      -0.03417087596361205,
      0.06803759742443426,
      2.686471177616295e-07
    ],
    [
      0.007812158093509037,
      0.012132760921317171,
      -9.299448558970482e-08
    ],
    [
      0.011645782405018547,
      -0.011605701889477484,
      9.378934144815681e-08
    ]
  ],
  "nac": [
    [
      -2.9137601938711646e-05,
      1.2324137600245843e-06,
      -0.479773678585202
    ],
    [
      5.672248802707983e-05,
      -3.612625635009266e-05,
      -3.7668428832413015
    ],
    [
      -5.662100890629102e-05,
      3.6086218050702094e-05,
      -3.7668430475450045
    ],
    [
      2.904961306275305e-05,
      -1.2435343290080004e-06,
      -0.4797735818620489
    ],
    [
      2.5130824607295444e-06,
      -9.074163104292218e-07,
      1.0657755062959084
    ],
    [
      2.635707474863805e-06,
      1.1945820456161071e-06,
      -1.036457779111979
    ],
    [
      2.4340645819523975e-05,
      -3.0447047600097715e-06,
      4.225729772576608
    ],
    [
      -2.4340364722864436e-05,
      3.09335566610308e-06,
      4.225729507914649
    ],
    [
      -2.642325790388154e-06,
      -1.2039284929127803e-06,
      -1.036458040236941
    ],
    [
      -2.519543805632798e-06,
      9.192707180719346e-07,
      1.065775776741508
    ]
  ],
  "ci_overlap_with_fci": [
    0.9999999999992623,
    0.9998823798583361
  ],
  "ncas": 4,
  "ncore": 13,
  "nelec_act": 4,
  "runtime_s": 4.120231866836548
}