{
  "system": "butadiene_321g",
  "label": "trans-butadiene / 3-21g / CAS(4,4) SA(2)",
  "bond_dim": 12,
  "e_states_fci": [
    -153.66899300402903,
    -153.66259173204537
  ],
  "e_states_dmrg": [
    -153.668748440143,
    -153.66255319909544
  ],
  "e_dmrg_su2": [
    -153.66899300403082,
    -153.66259173204907,
    -153.5299283140189,
    -153.485593533026,
    -153.36850202334335,
    -153.35087748614805
  ],
  "root_assignment_dmrg_to_fci": [
    0,
    1
  ],
  "root_overlap_matrix": [
    [
      -0.9997859536219316,
      2.9907837624741665e-06
    ],
    [
      -2.9835792730060218e-06,
      0.9999730672148165
    ],
    [
      -9.792607024477225e-05,
      -6.193645812348686e-06
    ],
    [
      -9.619336212540405e-06,
      -0.00023207543257411066
    ],
    [
      -4.231747108191777e-06,
      -8.971746518452167e-07
    ],
    [
      1.3608672595763076e-05,
      0.00027748173934949135
    ]
  ],
  "root_assigned_abs_overlaps": [
    0.9997859536219316,
    0.9999730672148165
  ],
  "grad": [
    [
      -0.05112466172083288,
      0.02490027135531182,
      -8.036571614293098e-08
    ],
    [
      0.18699229525191324,
      -0.17957543017935024,
      2.597408866195467e-07
    ],
    [
      -0.14732865352270408,
      0.17952754183836425,
      1.1047418230652685e-06
    ],
    [
      0.011933955330049068,
      -0.02525536340053684,
      -1.559541076548373e-07
    ],
    [
      -0.006304971081479363,
      0.012138728153686874,
      -9.568322097600943e-07
    ],
    [
      -0.001264889761332338,
      -0.009285992520188809,
      1.0319719458402264e-06
    ],
    [
      0.08895651129388057,
      -0.06382653420523876,
      -1.1382753471545177e-06
    ],
    [
      -0.08881971613810548,
      0.06426294572188909,
      5.016101298344505e-08
    ],
    [
      0.0009406132338211303,
      0.009259523030487923,
      -6.841848802568436e-09
    ],
    [
      0.006019517114760824,
      -0.012145689794444178,
      -1.0834643899454668e-07
    ]
  ],
  "nac": [
    [
      -4659818194.872706,
      -4797034572.968305,
      -10509465066.607761
    ],
    [
      124094633878.84683,
      73969914357.11351,
      174505865926.46576
    ],
    [
      -24023814898.951424,
      -87345867871.47221,
      99112726803.96434
    ],
    [
      -120542209272.27081,
      8323124323.0142145,
      2780612988.318626
    ],
    [
      18646922885.09711,
      -24320387269.490284,
      -102639678974.6892
    ],
    [
      19331548692.955116,
      24890915555.760853,
      99202421715.44777
    ],
    [
      -32822130302.671215,
      -75311501323.48094,
      -128596134087.17519
    ],
    [
      91388520853.50108,
      87011340445.79242,
      -138350136082.5829
    ],
    [
      -36071080867.46476,
      -53199457570.39264,
      97001697527.54843
    ],
    [
      -35342572774.16988,
      50778953926.12226,
      -92507910750.7038
    ]
  ],
  "ci_overlap_with_fci": [
    0.9997859536219316,
    0.9999730672148165
  ],
  "ncas": 4,
  "ncore": 13,
  "nelec_act": 4,
  "runtime_s": 11.602267742156982
}