{
  "system": "butadiene",
  "label": "trans-butadiene / sto-3g / CAS(4,4) SA(2)",
  "bond_dim": 8,
  "e_states_fci": [
    -152.56139819416435,
    -152.54994135452867
  ],
  "e_states_dmrg": [
    -152.5077665202789,
    -152.5333967437081
  ],
  "e_dmrg_su2": [
    -152.5613981941653,
    -152.54994135453026,
    -152.41784849345623,
    -152.41617596206297,
    -152.21859619349758,
    -152.1841731647698
  ],
  "root_assignment_dmrg_to_fci": [
    0,
    1
  ],
  "root_overlap_matrix": [
    [
      0.9534307542626368,
      3.638787271239964e-07
    ],
    [
      2.5309631862059816e-08,
      0.991956064887389
    ],
    [
      -5.2062210244136144e-14,
      2.3172710079835467e-14
    ],
    [
      1.7999108433094996e-07,
      -0.0010237066776014898
    ],
    [
      -1.8370724969444928e-14,
      -1.469619907544124e-14
    ],
    [
      3.224793156922756e-08,
      0.005320801877653725
    ]
  ],
  "root_assigned_abs_overlaps": [
    0.9534307542626368,
    0.991956064887389
  ],
  "grad": [
    [
      0.051142179995428395,
      0.022122099723155323,
      -6.278095899808835e-08
    ],
    [
      0.00042093401945256237,
      -0.08576084719970649,
      -2.414548977337843e-07
    ],
    [
      -0.0004209340199018141,
      0.08576084719997593,
      -2.414549031016098e-07
    ],
    [
      -0.051142179990934136,
      -0.022122099724329054,
      -6.278095991622148e-08
    ],
    [
      -0.011546950388253808,
      0.011382307839732802,
      1.1818465016306105e-07
    ],
    [
      -0.0077499214891714125,
      -0.011908310268051399,
      -1.0532426470579416e-07
    ],
    [
      0.033741770204436916,
      -0.06806710900161156,
      2.91375475103942e-07
    ],
    [
      -0.03374177020866214,
      0.06806710900247546,
      2.913754773646886e-07
    ],
    [
      0.00774992148905356,
      0.011908310268253241,
      -1.0532426750516101e-07
    ],
    [
      0.011546950388541442,
      -0.011382307839888464,
      1.1818464932897882e-07
    ]
  ],
  "nac": [
    [
      0.01798296681082776,
      0.016270980183643452,
      0.03785584049079448
    ],
    [
      0.13274475078517545,
      -0.03904653379620005,
      1.6246440032313705
    ],
    [
      -0.1327447507887177,
      0.03904653379477198,
      1.6246440029224383
    ],
    [
      -0.01798296683577744,
      -0.016270980174589812,
      0.037855838755520434
    ],
    [
      -0.07742766369009689,
      0.04222793991779126,
      -0.9471538446110301
    ],
    [
      -0.07149742537425664,
      -0.045923578340326385,
      0.9340231192764692
    ],
    [
      0.045811809088846335,
      -0.20160060784061262,
      -1.6403286892492688
    ],
    [
      -0.04581180905715755,
      0.20160060783356637,
      -1.6403286886765527
    ],
    [
      0.07149742537368119,
      0.045923578337642115,
      0.9340231182723314
    ],
    [
      0.07742766368660588,
      -0.0422279399157668,
      -0.9471538433984763
    ]
  ],
  "ci_overlap_with_fci": [
    0.9534307542626368,
    0.991956064887389
  ],
  "ncas": 4,
  "ncore": 13,
  "nelec_act": 4,
  "runtime_s": 7.419867038726807
}