{
  "system": "butadiene_631g",
  "label": "trans-butadiene / 6-31g / CAS(4,4) SA(2)",
  "bond_dim": 8,
  "e_states_fci": [
    -154.4789479935373,
    -154.47329186661355
  ],
  "e_states_dmrg": [
    -154.44815887854767,
    -154.44636414410857
  ],
  "e_dmrg_su2": [
    -154.47894799353952,
    -154.47329186661634,
    -154.34156817688662,
    -154.29549852473716,
    -154.1786844887376,
    -154.16143606149203
  ],
  "root_assignment_dmrg_to_fci": [
    1,
    0
  ],
  "root_overlap_matrix": [
    [
      0.001050523323704097,
      -0.9788487727755064
    ],
    [
      -0.9785318915549617,
      -0.0008621078749005852
    ],
    [
      -0.0005957342830925744,
      -8.604782485849987e-05
    ],
    [
      0.00017496470036323225,
      -0.022497375917420053
    ],
    [
      0.02223668848780733,
      -5.2784682357995934e-05
    ],
    [
      7.016862322021718e-05,
      0.012619218087890289
    ]
  ],
  "root_assigned_abs_overlaps": [
    0.9785318915549617,
    0.9788487727755064
  ],
  "grad": [
    [
      -0.013225994888403259,
      0.02562202367407858,
      -0.0007515577260305602
    ],
    [
      0.11248143307886971,
      -0.1840230854562804,
      -7.825144706420122e-05
    ],
    [
      -0.11142278814901285,
      0.17985414523423546,
      0.0007645729763050502
    ],
    [
      0.01151299547446158,
      -0.025036570963672223,
      -0.0007406243685416797
    ],
    [
      -0.005828401753721287,
      0.01282469886629924,
      -0.00027065260610279726
    ],
    [
      -0.000673533019467802,
      -0.009463924739458734,
      0.00036966274238801774
    ],
    [
      0.0888915000571762,
      -0.06508362755915639,
      -0.0009092090378148865
    ],
    [
      -0.08977429363647185,
      0.06877508827422603,
      0.001040173267015566
    ],
    [
      0.0013401538711146615,
      0.009415162226028428,
      -0.0006580875951483801
    ],
    [
      0.006698928965461147,
      -0.012883909556291722,
      0.0012339737949940463
    ]
  ],
  "nac": [
    [
      3.46613841273691,
      -0.036297729433785224,
      2.1713369525831343
    ],
    [
      -14.75349086882057,
      -0.987580415463438,
      -7.677996192571617
    ],
    [
      21.54264641543961,
      -0.19069547844480708,
      -17.302598688815706
    ],
    [
      -10.335219346252124,
      -0.03395860971223586,
      -1.9446212807631453
    ],
    [
      0.10549693961552425,
      0.0456153451073755,
      6.8176216062932475
    ],
    [
      0.03749153409839121,
      -0.06590614664264001,
      -8.205863261367144
    ],
    [
      0.028562970942305987,
      0.6132481670052683,
      -3.0790098692382935
    ],
    [
      -0.6000665064509647,
      0.6566566145643287,
      26.982650879186362
    ],
    [
      0.2235904855165513,
      0.0940058039646949,
      -21.35679533884617
    ],
    [
      0.28478480314348437,
      -0.09508770433498304,
      23.584075382828253
    ]
  ],
  "ci_overlap_with_fci": [
    0.9785318915549617,
    0.9788487727755064
  ],
  "ncas": 4,
  "ncore": 13,
  "nelec_act": 4,
  "runtime_s": 19.39280390739441
}