{
  "system": "c2_321g",
  "label": "C2 / 3-21g / CAS(8,8) SA(2), R=1.25 Ang",
  "bond_dim": 32,
  "e_states_fci": [
    -75.20124351678275,
    -75.11236463819046
  ],
  "e_states_dmrg": [
    -75.16404025548192,
    -75.0861099932198
  ],
  "e_dmrg_su2": [
    -75.1976296908495,
    -75.11096776906336,
    -75.10835085630114,
    -75.06478980213652,
    -75.06009654830811,
    -75.05976937724793
  ],
  "root_assignment_dmrg_to_fci": [
    0,
    1
  ],
  "root_overlap_matrix": [
    [
      -0.9888149391564662,
      -3.2663514280999175e-08
    ],
    [
      1.811916164227608e-08,
      -0.9196589161402925
    ],
    [
      -2.2861650901385947e-08,
      0.3732449618727054
    ],
    [
      0.009501408555352697,
      -2.9334872374346727e-08
    ],
    [
      0.011413982489701067,
      -5.980517167152503e-08
    ],
    [
      -0.00017121544339527704,
      -1.789861314211078e-07
    ]
  ],
  "root_assigned_abs_overlaps": [
    0.9888149391564662,
    0.9196589161402925
  ],
  "grad": [
    [
      -5.369777130896907e-10,
      -5.740275534961016e-11,
      0.0013729764977678527
    ],
    [
      5.369777130897229e-10,
      5.7402755349455475e-11,
      -0.0013729764977679637
    ]
  ],
  "nac": [
    [
      0.022849197036798028,
      -0.020183578146474365,
      0.013464248802630092
    ],
    [
      0.022849219754360203,
      -0.020183568340656707,
      -0.01346424893949127
    ]
  ],
  "ci_overlap_with_fci": [
    0.9888149391564662,
    0.9196589161402925
  ],
  "ncas": 8,
  "ncore": 2,
  "nelec_act": 8,
  "runtime_s": 4.210432052612305
}