{
  "system": "c2_321g",
  "label": "C2 / 3-21g / CAS(8,8) SA(2), R=1.25 Ang",
  "bond_dim": 70,
  "e_states_fci": [
    -75.20124351678275,
    -75.11236463819046
  ],
  "e_states_dmrg": [
    -75.19593374031956,
    -75.10989310226144
  ],
  "e_dmrg_su2": [
    -75.20124351678433,
    -75.11236463819093,
    -75.11228787298904,
    -75.06708364714966,
    -75.06117769675919,
    -75.0611762770472
  ],
  "root_assignment_dmrg_to_fci": [
    0,
    1
  ],
  "root_overlap_matrix": [
    [
      0.9989352361118111,
      -3.25608668007339e-11
    ],
    [
      -1.2789657607856213e-10,
      -0.9995085577329903
    ],
    [
      -9.170099749599428e-09,
      0.0041497416170257215
    ],
    [
      0.0009583108423005943,
      5.3160655560980975e-08
    ],
    [
      0.0006666760659511176,
      -2.0393075296580973e-09
    ],
    [
      -1.5652945894290525e-07,
      -2.1272982666052384e-07
    ]
  ],
  "root_assigned_abs_overlaps": [
    0.9989352361118111,
    0.9995085577329903
  ],
  "grad": [
    [
      3.0677291488206196e-11,
      1.3080430369500026e-11,
      0.022221649318210066
    ],
    [
      -3.0677291488458744e-11,
      -1.3080430369513753e-11,
      -0.022221649318214243
    ]
  ],
  "nac": [
    [
      0.013889203023167632,
      -0.03403067633595394,
      -0.013817622722689266
    ],
    [
      0.013889188660068956,
      -0.03403067994538666,
      0.013817622658884943
    ]
  ],
  "ci_overlap_with_fci": [
    0.9989352361118113,
    0.9995085577329903
  ],
  "ncas": 8,
  "ncore": 2,
  "nelec_act": 8,
  "runtime_s": 4.445088624954224
}