{
  "system": "c2_321g",
  "label": "C2 / 3-21g / CAS(8,8) SA(2), R=1.25 Ang",
  "bond_dim": 200,
  "e_states_fci": [
    -75.20124351678275,
    -75.11236463819046
  ],
  "e_states_dmrg": [
    -75.20124339083924,
    -75.11236329219895
  ],
  "e_dmrg_su2": [
    -75.20124351678433,
    -75.11236463819097,
    -75.11228787298924,
    -75.06708364714953,
    -75.0611776967591,
    -75.06117627704721
  ],
  "root_assignment_dmrg_to_fci": [
    0,
    1
  ],
  "root_overlap_matrix": [
    [
      -0.9999999804416145,
      -2.7888196072380973e-12
    ],
    [
      3.1349663734129533e-12,
      -0.9999997794490748
    ],
    [
      7.041828133041285e-09,
      7.657425033863718e-05
    ],
    [
      -3.2496272316491927e-06,
      5.2438749000664365e-08
    ],
    [
      -2.1002035107073772e-08,
      -2.1033446927278317e-07
    ],
    [
      1.0652654012782753e-06,
      -2.023491253302693e-09
    ]
  ],
  "root_assigned_abs_overlaps": [
    0.9999999804416145,
    0.9999997794490748
  ],
  "grad": [
    [
      1.4230154574103344e-11,
      -7.564323416926075e-11,
      0.026404339093709553
    ],
    [
      -1.4230154574129607e-11,
      7.564323416921743e-11,
      -0.026404339093715097
    ]
  ],
  "nac": [
    [
      0.014261277287279375,
      -0.0345279276920448,
      2.3990894901786297e-05
    ],
    [
      0.014261239172174795,
      -0.03452792310698681,
      -2.4019201229840667e-05
    ]
  ],
  "ci_overlap_with_fci": [
    0.9999999804416145,
    0.9999997794490748
  ],
  "ncas": 8,
  "ncore": 2,
  "nelec_act": 8,
  "runtime_s": 4.628989219665527
}