{
  "system": "c2_321g",
  "label": "C2 / 3-21g / CAS(8,8) SA(2), R=1.25 Ang",
  "bond_dim": 120,
  "e_states_fci": [
    -75.20124351678275,
    -75.11236463819046
  ],
  "e_states_dmrg": [
    -75.20092485150222,
    -75.11189553989345
  ],
  "e_dmrg_su2": [
    -75.20124351678433,
    -75.11236463819105,
    -75.11228787298913,
    -75.06708364714972,
    -75.06117769675917,
    -75.06117627704701
  ],
  "root_assignment_dmrg_to_fci": [
    0,
    1
  ],
  "root_overlap_matrix": [
    [
      -0.999952332361062,
      -3.5232443580636417e-12
    ],
    [
      -2.8690348736139724e-10,
      0.9991476311186597
    ],
    [
      -7.271875640728602e-09,
      -0.03920562725047097
    ],
    [
      -5.186980975926958e-05,
      -5.2357764488447216e-08
    ],
    [
      0.00023895937644372728,
      7.291548169388022e-10
    ],
    [
      -4.123380592611327e-08,
      -2.1137558660892032e-07
    ]
  ],
  "root_assigned_abs_overlaps": [
    0.999952332361062,
    0.9991476311186597
  ],
  "grad": [
    [
      -1.7605667990935714e-12,
      4.722152611715688e-13,
      0.026134887979389856
    ],
    [
      1.7605667991003957e-12,
      -4.722152611049808e-13,
      -0.026134887979390675
    ]
  ],
  "nac": [
    [
      0.01549815613754547,
      -0.033718115873128736,
      0.008238168646803996
    ],
    [
      0.015498160046442057,
      -0.03371811429567009,
      -0.008238168688843325
    ]
  ],
  "ci_overlap_with_fci": [
    0.999952332361062,
    0.9991476311186597
  ],
  "ncas": 8,
  "ncore": 2,
  "nelec_act": 8,
  "runtime_s": 4.682581186294556
}