{
  "system": "c2_321g",
  "label": "C2 / 3-21g / CAS(8,8) SA(2), R=1.25 Ang",
  "bond_dim": 8,
  "e_states_fci": [
    -75.20124351678275,
    -75.11236463819046
  ],
  "e_states_dmrg": [
    -75.05487459948108,
    -75.00541159107644
  ],
  "e_dmrg_su2": [
    -75.11581084581871,
    -75.04348204843276,
    -75.04173706700513,
    -75.02098975000455,
    -75.01909017680089,
    -75.00607193656883
  ],
  "root_assignment_dmrg_to_fci": [
    0,
    3
  ],
  "root_overlap_matrix": [
    [
      -0.9113297065060608,
      2.904812881655892e-09
    ],
    [
      -7.246215400177847e-09,
      0.0034365140803262286
    ],
    [
      0.06019615194649637,
      7.566178468475792e-07
    ],
    [
      4.286527602739469e-08,
      -0.9536828872727912
    ],
    [
      -0.017801235639563817,
      -4.8869057248571567e-08
    ],
    [
      1.7619364569157762e-05,
      1.488201139483292e-07
    ]
  ],
  "root_assigned_abs_overlaps": [
    0.9113297065060608,
    0.9536828872727912
  ],
  "grad": [
    [
      5.197663467419238e-10,
      1.5096764182142832e-10,
      0.08273420958810018
    ],
    [
      -5.197663467417544e-10,
      -1.5096764182020078e-10,
      -0.08273420958812483
    ]
  ],
  "nac": [
    [
      0.010369997233391319,
      -0.02534856677038963,
      0.36375091550147065
    ],
    [
      0.0103651029006356,
      -0.025363469147215427,
      -0.3637509155015556
    ]
  ],
  "ci_overlap_with_fci": [
    0.9113297065060608,
    0.9536828872727912
  ],
  "ncas": 8,
  "ncore": 2,
  "nelec_act": 8,
  "runtime_s": 12.114822387695312
}