{
  "system": "c2_321g",
  "label": "C2 / 3-21g / CAS(8,8) SA(2), R=1.25 Ang",
  "bond_dim": 16,
  "e_states_fci": [
    -75.20124351678275,
    -75.11236463819046
  ],
  "e_states_dmrg": [
    -75.1293307530961,
    -75.04510314947734
  ],
  "e_dmrg_su2": [
    -75.18243110548927,
    -75.10279765750016,
    -75.09418998802629,
    -75.05152524635187,
    -75.04624326549002,
    -75.04381386593101
  ],
  "root_assignment_dmrg_to_fci": [
    0,
    1
  ],
  "root_overlap_matrix": [
    [
      -0.961286974727663,
      -5.009781811704335e-08
    ],
    [
      -6.095886507522314e-08,
      0.9703054865047498
    ],
    [
      -1.758009595737089e-08,
      0.014017723280914775
    ],
    [
      0.07177740732690513,
      7.275624442351688e-08
    ],
    [
      -0.018287876078552145,
      -7.239221557948441e-07
    ],
    [
      0.0003217707579734333,
      2.692815137855429e-06
    ]
  ],
  "root_assigned_abs_overlaps": [
    0.961286974727663,
    0.9703054865047498
  ],
  "grad": [
    [
      -3.2359480103854014e-11,
      -3.829298659040966e-11,
      0.10875488067880756
    ],
    [
      3.235948010322453e-11,
      3.829298659036499e-11,
      -0.10875488067880368
    ]
  ],
  "nac": [
    [
      0.010836302047725233,
      -0.027507547917231315,
      0.2304092190452766
    ],
    [
      0.010836319589731783,
      -0.027507547424239245,
      -0.2304092184591415
    ]
  ],
  "ci_overlap_with_fci": [
    0.961286974727663,
    0.9703054865047498
  ],
  "ncas": 8,
  "ncore": 2,
  "nelec_act": 8,
  "runtime_s": 11.959502458572388
}