{
  "system": "c2_321g",
  "label": "C2 / 3-21g / CAS(8,8) SA(2), R=1.25 Ang",
  "bond_dim": 4,
  "e_states_fci": [
    -75.20124351678275,
    -75.11236463819046
  ],
  "e_states_dmrg": [
    -74.88032280365888,
    -74.88480230849775
  ],
  "e_dmrg_su2": [
    -75.03981149078105,
    -75.00118421476513,
    -74.98761910203022,
    -74.98753351120597,
    -74.98345638341564,
    -74.96360528450428
  ],
  "root_assignment_dmrg_to_fci": [
    1,
    2
  ],
  "root_overlap_matrix": [
    [
      -0.011646836679849764,
      -1.1852281627314447e-06
    ],
    [
      0.011894119665791833,
      1.2288593925372743e-06
    ],
    [
      -0.011754332761352324,
      -1.1998547265800253e-06
    ],
    [
      0.0014605317205630304,
      2.2297208602095354e-07
    ],
    [
      -1.1516765057884859e-09,
      7.584186184225341e-11
    ],
    [
      7.35924244795831e-09,
      -8.066699989203847e-11
    ]
  ],
  "root_assigned_abs_overlaps": [
    0.011894119665791833,
    1.1998547265800253e-06
  ],
  "grad": [
    [
      -0.008532311083427543,
      0.029724687654108108,
      0.16531945296357028
    ],
    [
      0.008532311083427904,
      -0.0297246876541079,
      -0.16531945296362027
    ]
  ],
  "nac": [
    [
      10.030304261451587,
      -1.5607329282334166,
      518.4540051735923
    ],
    [
      -10.030304266894841,
      1.5607329795960916,
      -518.4540052068937
    ]
  ],
  "ci_overlap_with_fci": [
    0.011894119665791833,
    1.1998547265800253e-06
  ],
  "ncas": 8,
  "ncore": 2,
  "nelec_act": 8,
  "runtime_s": 12.803745031356812
}