{
  "system": "c2_321g",
  "label": "C2 / 3-21g / CAS(8,8) SA(2), R=1.25 Ang",
  "bond_dim": 64,
  "e_states_fci": [
    -75.20124351678275,
    -75.11236463819046
  ],
  "e_states_dmrg": [
    -75.19501993513354,
    -75.10894214508355
  ],
  "e_dmrg_su2": [
    -75.20124351678439,
    -75.11236463819083,
    -75.11228787298934,
    -75.06708364714964,
    -75.06117769675889,
    -75.06117627704735
  ],
  "root_assignment_dmrg_to_fci": [
    0,
    1
  ],
  "root_overlap_matrix": [
    [
      -0.9987190643907409,
      4.039563455592445e-11
    ],
    [
      -2.310381801657608e-10,
      -0.9993155912330115
    ],
    [
      -8.366334864672944e-09,
      0.0034419804118269114
    ],
    [
      -0.0009487269251728381,
      -5.0443943291599136e-08
    ],
    [
      -3.202324473845254e-07,
      -2.1407551527118372e-07
    ],
    [
      0.0005992504200971385,
      -1.3760562994808558e-08
    ]
  ],
  "root_assigned_abs_overlaps": [
    0.9987190643907409,
    0.9993155912330115
  ],
  "grad": [
    [
      1.6489252942388125e-11,
      2.384668073275771e-14,
      0.021427445816772292
    ],
    [
      -1.648925294216551e-11,
      -2.384668070794229e-14,
      -0.021427445816777566
    ]
  ],
  "nac": [
    [
      0.01396660933266989,
      -0.03415194096511741,
      -0.011970882572973482
    ],
    [
      0.013966616762874372,
      -0.03415195131181605,
      0.011970884071237859
    ]
  ],
  "ci_overlap_with_fci": [
    0.9987190643907409,
    0.9993155912330115
  ],
  "ncas": 8,
  "ncore": 2,
  "nelec_act": 8,
  "runtime_s": 4.366509199142456
}