{
  "system": "c2_631g",
  "label": "C2 / 6-31g / CAS(8,8) SA(2), R=1.25 Ang",
  "bond_dim": 16,
  "e_states_fci": [
    -75.59839391267803,
    -75.50970830588678
  ],
  "e_states_dmrg": [
    -75.52581889609093,
    -75.44140963580332
  ],
  "e_dmrg_su2": [
    -75.5781210812076,
    -75.5007256641941,
    -75.48936203177037,
    -75.45465137261178,
    -75.4451266054398,
    -75.43740613267434
  ],
  "root_assignment_dmrg_to_fci": [
    0,
    1
  ],
  "root_overlap_matrix": [
    [
      0.9612729394285291,
      -5.509002784764475e-08
    ],
    [
      2.640574809737292e-08,
      -0.9688980061140442
    ],
    [
      -1.410303631837705e-06,
      -0.046713047936892044
    ],
    [
      0.06989948172031638,
      1.8128271691168477e-07
    ],
    [
      0.023383209716170424,
      -4.850269460936641e-07
    ],
    [
      0.0007649391545692661,
      2.225442608582763e-06
    ]
  ],
  "root_assigned_abs_overlaps": [
    0.9612729394285291,
    0.9688980061140442
  ],
  "grad": [
    [
      7.014782087418918e-10,
      3.4004831289202277e-10,
      0.14652348941629068
    ],
    [
      -7.014782087451435e-10,
      -3.4004831289160835e-10,
      -0.1465234894162828
    ]
  ],
  "nac": [
    [
      0.0001639200809248533,
      -0.026181097450767767,
      0.47823657435579103
    ],
    [
      0.00016390226137957706,
      -0.026181059427295372,
      -0.47823657356342303
    ]
  ],
  "ci_overlap_with_fci": [
    0.9612729394285291,
    0.9688980061140442
  ],
  "ncas": 8,
  "ncore": 2,
  "nelec_act": 8,
  "runtime_s": 12.811949014663696
}