{
  "system": "c2_631g",
  "label": "C2 / 6-31g / CAS(8,8) SA(2), R=1.25 Ang",
  "bond_dim": 200,
  "e_states_fci": [
    -75.59839391267803,
    -75.50970830588678
  ],
  "e_states_dmrg": [
    -75.59839379138725,
    -75.5097069775939
  ],
  "e_dmrg_su2": [
    -75.5983939126793,
    -75.50970830588778,
    -75.50965524041283,
    -75.4655888312499,
    -75.46031573347659,
    -75.46031440276737
  ],
  "root_assignment_dmrg_to_fci": [
    0,
    1
  ],
  "root_overlap_matrix": [
    [
      -0.9999999812456299,
      4.856503892919691e-12
    ],
    [
      -1.6707241914138213e-09,
      -0.9999990607047035
    ],
    [
      -1.3789011893728618e-06,
      0.001208058715934224
    ],
    [
      2.7985928323870403e-06,
      1.0652401253754692e-07
    ],
    [
      -5.8057580842144086e-08,
      2.5927037915278168e-06
    ],
    [
      1.1496242940987348e-06,
      -1.198125447918473e-07
    ]
  ],
  "root_assigned_abs_overlaps": [
    0.9999999812456299,
    0.9999990607047035
  ],
  "grad": [
    [
      5.2124925029947185e-12,
      5.010379007814006e-11,
      0.03791979596697102
    ],
    [
      -5.212492501934273e-12,
      -5.0103790078097486e-11,
      -0.037919795966962794
    ]
  ],
  "nac": [
    [
      -0.001421395601604494,
      -0.03403424504821998,
      2.0707215526513937e-05
    ],
    [
      -0.0014212354094643971,
      -0.03403424616658773,
      -2.070866676868287e-05
    ]
  ],
  "ci_overlap_with_fci": [
    0.9999999812456299,
    0.9999990607047035
  ],
  "ncas": 8,
  "ncore": 2,
  "nelec_act": 8,
  "runtime_s": 5.478386402130127
}