{
  "system": "c2_631g",
  "label": "C2 / 6-31g / CAS(8,8) SA(2), R=1.25 Ang",
  "bond_dim": 4,
  "e_states_fci": [
    -75.59839391267803,
    -75.50970830588678
  ],
  "e_states_dmrg": [
    -75.33913026699088,
    -75.18844266011587
  ],
  "e_dmrg_su2": [
    -75.45327169201934,
    -75.41615183172942,
    -75.39756856903291,
    -75.38368038365503,
    -75.3783241856656,
    -75.3601843014957
  ],
  "root_assignment_dmrg_to_fci": [
    0,
    2
  ],
  "root_overlap_matrix": [
    [
      -0.01458601599090862,
      2.1737599936120388e-06
    ],
    [
      -0.012376222929126992,
      -5.269614762792001e-07
    ],
    [
      0.0037969987173546212,
      -1.5617573912072418e-06
    ],
    [
      0.002006441361773111,
      4.679111840360396e-07
    ],
    [
      9.268418315090431e-10,
      4.857323372166158e-12
    ],
    [
      -2.5733068414972387e-09,
      4.429252590435363e-12
    ]
  ],
  "root_assigned_abs_overlaps": [
    0.01458601599090862,
    1.5617573912072418e-06
  ],
  "grad": [
    [
      -0.07484796059773868,
      0.05246261431261171,
      0.4528972452017964
    ],
    [
      0.0748479605977325,
      -0.05246261431262248,
      -0.4528972452028446
    ]
  ],
  "nac": [
    [
      1.6213234798336573,
      -0.14637171684274608,
      9.701800325131407
    ],
    [
      -1.6213235350416397,
      0.14637176027134077,
      -9.701802257405967
    ]
  ],
  "ci_overlap_with_fci": [
    0.01458601599090862,
    1.561757391207242e-06
  ],
  "ncas": 8,
  "ncore": 2,
  "nelec_act": 8,
  "runtime_s": 14.263858556747437
}