{
  "system": "c2_631g",
  "label": "C2 / 6-31g / CAS(8,8) SA(2), R=1.25 Ang",
  "bond_dim": 70,
  "e_states_fci": [
    -75.59839391267803,
    -75.50970830588678
  ],
  "e_states_dmrg": [
    -75.59306376150272,
    -75.50730969784979
  ],
  "e_dmrg_su2": [
    -75.59839391267904,
    -75.50970830588818,
    -75.50965524041283,
    -75.4655888312498,
    -75.46031573347614,
    -75.46031440276717
  ],
  "root_assignment_dmrg_to_fci": [
    0,
    1
  ],
  "root_overlap_matrix": [
    [
      -0.9989346490835781,
      8.591429531573994e-10
    ],
    [
      5.907837956633299e-08,
      -0.9985959830216607
    ],
    [
      -1.3779320628596563e-06,
      -0.04313086977719818
    ],
    [
      0.001009281945852633,
      -8.884048011465786e-08
    ],
    [
      0.0014289927230172472,
      2.6701558756404787e-07
    ],
    [
      -5.750464206692653e-05,
      2.579700379281649e-06
    ]
  ],
  "root_assigned_abs_overlaps": [
    0.9989346490835781,
    0.9985959830216607
  ],
  "grad": [
    [
      1.7008816634167597e-11,
      -1.078737234298618e-11,
      0.03368678540251746
    ],
    [
      -1.7008816635247067e-11,
      1.0787372342890434e-11,
      -0.03368678540251774
    ]
  ],
  "nac": [
    [
      7.339327587231529e-05,
      -0.033489233249652264,
      -0.012551935962901349
    ],
    [
      7.339011866464944e-05,
      -0.033489204059168824,
      0.012551940065970574
    ]
  ],
  "ci_overlap_with_fci": [
    0.9989346490835781,
    0.9985959830216607
  ],
  "ncas": 8,
  "ncore": 2,
  "nelec_act": 8,
  "runtime_s": 4.740888833999634
}