{
  "system": "c2_631g",
  "label": "C2 / 6-31g / CAS(8,8) SA(2), R=1.25 Ang",
  "bond_dim": 64,
  "e_states_fci": [
    -75.59839391267803,
    -75.50970830588678
  ],
  "e_states_dmrg": [
    -75.5920901958176,
    -75.50621815188893
  ],
  "e_dmrg_su2": [
    -75.59839391267924,
    -75.50970830588783,
    -75.50965524041261,
    -75.46558883125017,
    -75.46031573347666,
    -75.46031440276755
  ],
  "root_assignment_dmrg_to_fci": [
    0,
    1
  ],
  "root_overlap_matrix": [
    [
      0.9987109665751931,
      -1.2382396540514053e-09
    ],
    [
      5.1988772275822134e-08,
      -0.9985790346324744
    ],
    [
      -1.3781118143500244e-06,
      -0.03823973763197662
    ],
    [
      0.0010061933293663422,
      -1.7597046453179094e-08
    ],
    [
      -3.569624020887405e-06,
      2.5723558732664033e-06
    ],
    [
      -0.0005619274820136896,
      -2.8957373962266517e-07
    ]
  ],
  "root_assigned_abs_overlaps": [
    0.9987109665751931,
    0.9985790346324744
  ],
  "grad": [
    [
      -9.933455426374353e-12,
      -3.5778894229287817e-10,
      0.032919731204361494
    ],
    [
      9.933455427083246e-12,
      3.5778894229286493e-10,
      -0.03291973120435566
    ]
  ],
  "nac": [
    [
      -8.929726831708975e-05,
      -0.03359465862357928,
      -0.004777693620710357
    ],
    [
      -8.929827464680893e-05,
      -0.033594669516223134,
      0.004777691841060876
    ]
  ],
  "ci_overlap_with_fci": [
    0.9987109665751932,
    0.9985790346324747
  ],
  "ncas": 8,
  "ncore": 2,
  "nelec_act": 8,
  "runtime_s": 4.643073320388794
}