{
  "system": "c2_631g",
  "label": "C2 / 6-31g / CAS(8,8) SA(2), R=1.25 Ang",
  "bond_dim": 32,
  "e_states_fci": [
    -75.59839391267803,
    -75.50970830588678
  ],
  "e_states_dmrg": [
    -75.56045163928604,
    -75.48280798332516
  ],
  "e_dmrg_su2": [
    -75.59429813453579,
    -75.5079792301766,
    -75.5053771942564,
    -75.46314382543007,
    -75.45915255584657,
    -75.45891449372401
  ],
  "root_assignment_dmrg_to_fci": [
    0,
    1
  ],
  "root_overlap_matrix": [
    [
      -0.988635148710011,
      1.7666889561321524e-08
    ],
    [
      2.3126588085017726e-07,
      0.9780286477577861
    ],
    [
      -1.2615104245815443e-06,
      0.16898939911945965
    ],
    [
      -0.00828264221496021,
      9.6843100733949e-08
    ],
    [
      0.010975353079919141,
      -1.0836615246981395e-06
    ],
    [
      0.006697830444931982,
      2.206022492120357e-06
    ]
  ],
  "root_assigned_abs_overlaps": [
    0.988635148710011,
    0.9780286477577861
  ],
  "grad": [
    [
      3.13952328159928e-10,
      -7.930457158277054e-10,
      0.016933750561297534
    ],
    [
      -3.139523281613789e-10,
      7.930457158279725e-10,
      -0.0169337505613118
    ]
  ],
  "nac": [
    [
      -0.0057390302565525865,
      -0.025718152026712765,
      0.0473874780131076
    ],
    [
      -0.0057390399150447245,
      -0.025718139161487824,
      -0.04738747688947312
    ]
  ],
  "ci_overlap_with_fci": [
    0.988635148710011,
    0.9780286477577861
  ],
  "ncas": 8,
  "ncore": 2,
  "nelec_act": 8,
  "runtime_s": 4.498041152954102
}