{
  "system": "c2_631g",
  "label": "C2 / 6-31g / CAS(8,8) SA(2), R=1.25 Ang",
  "bond_dim": 8,
  "e_states_fci": [
    -75.59839391267803,
    -75.50970830588678
  ],
  "e_states_dmrg": [
    -75.45004545510486,
    -75.40131726160925
  ],
  "e_dmrg_su2": [
    -75.51256019086554,
    -75.44009499348343,
    -75.43827389795963,
    -75.41980957907069,
    -75.41788778003612,
    -75.40480995851848
  ],
  "root_assignment_dmrg_to_fci": [
    0,
    3
  ],
  "root_overlap_matrix": [
    [
      0.9105237986693258,
      -1.1835389095863385e-08
    ],
    [
      1.306209332166283e-06,
      0.044912878026298175
    ],
    [
      -0.0641590581016063,
      -3.7022206684170095e-07
    ],
    [
      7.557179364371316e-08,
      -0.9521244124538364
    ],
    [
      0.013227925485483068,
      -1.3594031374384174e-07
    ],
    [
      -1.3893813405246001e-05,
      -2.1047467039494185e-06
    ]
  ],
  "root_assigned_abs_overlaps": [
    0.9105237986693258,
    0.9521244124538364
  ],
  "grad": [
    [
      -1.1647905530072567e-11,
      -3.363629138720393e-11,
      0.10845161513728907
    ],
    [
      1.1647905523481385e-11,
      3.363629138671961e-11,
      -0.10845161513730261
    ]
  ],
  "nac": [
    [
      0.00013037887411937495,
      -0.023446912854756818,
      0.6952004049692068
    ],
    [
      0.00013064324674942097,
      -0.02344701631819172,
      -0.6952004049700014
    ]
  ],
  "ci_overlap_with_fci": [
    0.9105237986693258,
    0.9521244124538364
  ],
  "ncas": 8,
  "ncore": 2,
  "nelec_act": 8,
  "runtime_s": 13.309513807296753
}