{
  "system": "c2_631g",
  "label": "C2 / 6-31g / CAS(8,8) SA(2), R=1.25 Ang",
  "bond_dim": 120,
  "e_states_fci": [
    -75.59839391267803,
    -75.50970830588678
  ],
  "e_states_dmrg": [
    -75.59810305136739,
    -75.50922501498715
  ],
  "e_dmrg_su2": [
    -75.59839391267948,
    -75.50970830588744,
    -75.50965524041268,
    -75.46558883125002,
    -75.46031573347634,
    -75.46031440276744
  ],
  "root_assignment_dmrg_to_fci": [
    0,
    2
  ],
  "root_overlap_matrix": [
    [
      0.9999546647727736,
      -6.627238614205995e-11
    ],
    [
      -1.3635841449996137e-06,
      -0.15020705667574363
    ],
    [
      2.071932512834089e-07,
      -0.9885662233041956
    ],
    [
      0.0002429995246608918,
      -1.0549820426156704e-07
    ],
    [
      -0.0003143282586489937,
      -2.62839388960281e-07
    ],
    [
      1.1479185041062917e-06,
      2.5819582954419314e-06
    ]
  ],
  "root_assigned_abs_overlaps": [
    0.9999546647727736,
    0.9885662233041956
  ],
  "grad": [
    [
      7.343325306274709e-13,
      5.818873070304563e-12,
      0.03769799933141587
    ],
    [
      -7.343325294417075e-13,
      -5.818873070204629e-12,
      -0.03769799933139998
    ]
  ],
  "nac": [
    [
      0.0036995043752612216,
      -0.03362754004357007,
      0.006891886279396539
    ],
    [
      0.003699505842781029,
      -0.03362754208365111,
      -0.00689188683971191
    ]
  ],
  "ci_overlap_with_fci": [
    0.9999546647727737,
    0.9885662233041956
  ],
  "ncas": 8,
  "ncore": 2,
  "nelec_act": 8,
  "runtime_s": 4.95052170753479
}