{
  "system": "c2",
  "label": "C2 / sto-3g / CAS(8,8) SA(2), R=1.25 Ang",
  "bond_dim": 70,
  "e_states_fci": [
    -74.69014294415976,
    -74.58385180723893
  ],
  "e_states_dmrg": [
    -74.68823861268473,
    -74.58295623927285
  ],
  "e_dmrg_su2": [
    -74.69014294416061,
    -74.5838518072398
  ],
  "root_assignment_dmrg_to_fci": [
    0,
    1
  ],
  "root_overlap_matrix": [
    [
      0.999609671560421,
      1.9704270282543433e-11
    ],
    [
      4.0746429869412075e-10,
      -0.4770826028720013
    ]
  ],
  "root_assigned_abs_overlaps": [
    0.999609671560421,
    0.4770826028720013
  ],
  "grad": [
    [
      1.8635865848879092e-12,
      6.94448159340474e-12,
      0.018371117725838153
    ],
    [
      -1.8635865848760266e-12,
      -6.944481593395744e-12,
      -0.018371117725831977
    ]
  ],
  "nac": [
    [
      0.011815501050054127,
      -0.037230545653361216,
      -0.0054504583977290685
    ],
    [
      0.01181550546845021,
      -0.03723055051200694,
      0.005450458329034565
    ]
  ],
  "ci_overlap_with_fci": [
    0.999609671560421,
    0.4770826028720013
  ],
  "ncas": 8,
  "ncore": 2,
  "nelec_act": 8,
  "runtime_s": 2.672287940979004
}