{
  "system": "c2",
  "label": "C2 / sto-3g / CAS(8,8) SA(2), R=1.25 Ang",
  "bond_dim": 64,
  "e_states_fci": [
    -74.69014294415976,
    -74.58385180723893
  ],
  "e_states_dmrg": [
    -74.68737756913728,
    -74.58267288000809
  ],
  "e_dmrg_su2": [
    -74.69014294416054,
    -74.58385180723965
  ],
  "root_assignment_dmrg_to_fci": [
    0,
    1
  ],
  "root_overlap_matrix": [
    [
      -0.9994477206698962,
      -1.2551665183075572e-09
    ],
    [
      2.714783197508788e-10,
      -0.8969059157330557
    ]
  ],
  "root_assigned_abs_overlaps": [
    0.9994477206698962,
    0.8969059157330557
  ],
  "grad": [
    [
      -3.428982543994564e-12,
      9.723648557827488e-12,
      0.017889155957667394
    ],
    [
      3.428982543992729e-12,
      -9.723648557787305e-12,
      -0.01788915595765767
    ]
  ],
  "nac": [
    [
      0.031095192389114658,
      -0.023527639330835952,
      -0.006241758480169894
    ],
    [
      0.031095197928366403,
      -0.023527664975073033,
      0.00624175795239672
    ]
  ],
  "ci_overlap_with_fci": [
    0.9994477206698964,
    0.8969059157330557
  ],
  "ncas": 8,
  "ncore": 2,
  "nelec_act": 8,
  "runtime_s": 2.617234230041504
}