{
  "system": "c2",
  "label": "C2 / sto-3g / CAS(8,8) SA(2), R=1.25 Ang",
  "bond_dim": 32,
  "e_states_fci": [
    -74.69014294415976,
    -74.58385180723893
  ],
  "e_states_dmrg": [
    -74.67146360007925,
    -74.57682527231756
  ],
  "e_dmrg_su2": [
    -74.68876151370442,
    -74.58317992295794
  ],
  "root_assignment_dmrg_to_fci": [
    0,
    1
  ],
  "root_overlap_matrix": [
    [
      0.9944155515258228,
      6.3914510480963396e-09
    ],
    [
      3.9345431473025683e-10,
      0.1258309869414671
    ]
  ],
  "root_assigned_abs_overlaps": [
    0.9944155515258228,
    0.1258309869414671
  ],
  "grad": [
    [
      3.924756098732759e-12,
      -5.084620735921318e-12,
      0.007747775191747781
    ],
    [
      -3.924756098728223e-12,
      5.084620735897162e-12,
      -0.007747775191744404
    ]
  ],
  "nac": [
    [
      0.01113966733710023,
      0.03401545577277477,
      -0.019814114471214887
    ],
    [
      0.011139665211322734,
      0.034015450256893405,
      0.019814118785382223
    ]
  ],
  "ci_overlap_with_fci": [
    0.9944155515258228,
    0.1258309869414671
  ],
  "ncas": 8,
  "ncore": 2,
  "nelec_act": 8,
  "runtime_s": 3.1139538288116455
}