{
  "system": "c2",
  "label": "C2 / sto-3g / CAS(8,8) SA(2), R=1.25 Ang",
  "bond_dim": 8,
  "e_states_fci": [
    -74.69014294415976,
    -74.58385180723893
  ],
  "e_states_dmrg": [
    -74.5729782097284,
    -74.52067996862192
  ],
  "e_dmrg_su2": [
    -74.6186856712061,
    -74.55462364423744
  ],
  "root_assignment_dmrg_to_fci": [
    0,
    1
  ],
  "root_overlap_matrix": [
    [
      -0.9194572836150199,
      -3.00039827302148e-08
    ],
    [
      9.086572444200707e-09,
      0.0015080107630584428
    ]
  ],
  "root_assigned_abs_overlaps": [
    0.9194572836150199,
    0.0015080107630584428
  ],
  "grad": [
    [
      -1.0630560535792813e-11,
      4.225864520512498e-12,
      -0.18860407185514574
    ],
    [
      1.0630560535870322e-11,
      -4.225864520484632e-12,
      0.18860407185514963
    ]
  ],
  "nac": [
    [
      0.002877622886093207,
      0.014824303530426776,
      -2.3571820894065625
    ],
    [
      0.0028776221163057795,
      0.014824303810705475,
      2.35718208945343
    ]
  ],
  "ci_overlap_with_fci": [
    0.9194572836150199,
    0.001508010763058442
  ],
  "ncas": 8,
  "ncore": 2,
  "nelec_act": 8,
  "runtime_s": 3.681581497192383
}