{
  "system": "c2",
  "label": "C2 / sto-3g / CAS(8,8) SA(2), R=1.25 Ang",
  "bond_dim": 4,
  "e_states_fci": [
    -74.69014294415976,
    -74.58385180723893
  ],
  "e_states_dmrg": [
    -74.55070562841686,
    -74.4430553440244
  ],
  "e_dmrg_su2": [
    -74.56819794943748,
    -74.49587102849183
  ],
  "root_assignment_dmrg_to_fci": [
    0,
    1
  ],
  "root_overlap_matrix": [
    [
      -0.9009075548049884,
      -3.3169579369687755e-08
    ],
    [
      -1.3815294385644009e-08,
      -0.0012816977642855021
    ]
  ],
  "root_assigned_abs_overlaps": [
    0.9009075548049884,
    0.0012816977642855021
  ],
  "grad": [
    [
      -1.4401926259623146e-10,
      3.610013006690284e-11,
      -0.5685543563130886
    ],
    [
      1.4401926259597855e-10,
      -3.6100130066539165e-11,
      0.5685543563130961
    ]
  ],
  "nac": [
    [
      0.002691193106864945,
      0.01388403034802031,
      -2.831487070811466
    ],
    [
      0.0027155648237931,
      0.01400980081246978,
      2.831487070862154
    ]
  ],
  "ci_overlap_with_fci": [
    0.9009075548049884,
    0.0012816977642855021
  ],
  "ncas": 8,
  "ncore": 2,
  "nelec_act": 8,
  "runtime_s": 7.157243013381958
}