{
  "system": "c2",
  "label": "C2 / sto-3g / CAS(8,8) SA(2), R=1.25 Ang",
  "bond_dim": 16,
  "e_states_fci": [
    -74.69014294415976,
    -74.58385180723893
  ],
  "e_states_dmrg": [
    -74.64012690960278,
    -74.55292039177355
  ],
  "e_dmrg_su2": [
    -74.65955675317505,
    -74.5716780821927
  ],
  "root_assignment_dmrg_to_fci": [
    0,
    1
  ],
  "root_overlap_matrix": [
    [
      0.9761662406665375,
      1.442051405144547e-08
    ],
    [
      -1.797832345543122e-09,
      -0.0013414967047904113
    ]
  ],
  "root_assigned_abs_overlaps": [
    0.9761662406665375,
    0.0013414967047904113
  ],
  "grad": [
    [
      6.894458225725585e-11,
      3.576025596182821e-10,
      -0.021320790490071947
    ],
    [
      -6.894458225725161e-11,
      -3.576025596182019e-10,
      0.021320790490073793
    ]
  ],
  "nac": [
    [
      0.005662631257368905,
      0.029213911262273722,
      -0.566104126040134
    ],
    [
      0.005662622287987514,
      0.029213865003976255,
      0.566104117155271
    ]
  ],
  "ci_overlap_with_fci": [
    0.9761662406665371,
    0.0013414967047904115
  ],
  "ncas": 8,
  "ncore": 2,
  "nelec_act": 8,
  "runtime_s": 2.9903194904327393
}