{
  "system": "c2",
  "label": "C2 / sto-3g / CAS(8,8) SA(2), R=1.25 Ang",
  "bond_dim": 200,
  "e_states_fci": [
    -74.69014294415976,
    -74.58385180723893
  ],
  "e_states_dmrg": [
    -74.69014280841247,
    -74.5838502828727
  ],
  "e_dmrg_su2": [
    -74.69014294416053,
    -74.58385180723971,
    -74.5838518072397,
    -74.52611775706205,
    -74.51645541094489,
    -74.51645541094489
  ],
  "root_assignment_dmrg_to_fci": [
    0,
    2
  ],
  "root_overlap_matrix": [
    [
      -0.9999999806231005,
      2.205283077649625e-12
    ],
    [
      -7.56282989646041e-10,
      -0.0013574956253024025
    ],
    [
      -1.855308298963411e-12,
      -0.9999988381287488
    ],
    [
      -5.909364414932323e-07,
      -1.1366775003120483e-07
    ],
    [
      1.4839069998471219e-06,
      -2.403579355674446e-09
    ],
    [
      -1.883388331001421e-10,
      -1.1664771046827583e-08
    ]
  ],
  "root_assigned_abs_overlaps": [
    0.9999999806231005,
    0.9999988381287488
  ],
  "grad": [
    [
      1.4205943452599148e-12,
      -1.4698541792501701e-12,
      0.01964685955098833
    ],
    [
      -1.4205943452669458e-12,
      1.4698541792385896e-12,
      -0.019646859550985683
    ]
  ],
  "nac": [
    [
      0.03827183724924368,
      -0.007418588562992907,
      6.7982769309455545e-06
    ],
    [
      0.03827194485596431,
      -0.007418266982070875,
      -6.81434040684325e-06
    ]
  ],
  "ci_overlap_with_fci": [
    0.9999999806231005,
    0.9999988381287488
  ],
  "ncas": 8,
  "ncore": 2,
  "nelec_act": 8,
  "runtime_s": 16.445678234100342
}