{
  "system": "c2",
  "label": "C2 / sto-3g / CAS(8,8) SA(2), R=1.25 Ang",
  "bond_dim": 120,
  "e_states_fci": [
    -74.69014294415976,
    -74.58385180723893
  ],
  "e_states_dmrg": [
    -74.68978030844042,
    -74.5833600851451
  ],
  "e_dmrg_su2": [
    -74.6901243255535,
    -74.58383940329051,
    -74.58383940329014,
    -74.52611673645737,
    -74.51645541094494,
    -74.5164554109449
  ],
  "root_assignment_dmrg_to_fci": [
    0,
    2
  ],
  "root_overlap_matrix": [
    [
      -0.9999456247577028,
      -4.1473023986309444e-11
    ],
    [
      -7.244237190069595e-10,
      -0.01717536039369722
    ],
    [
      -1.0468521076933921e-10,
      -0.9997677546882335
    ],
    [
      0.00011188053935967668,
      -1.134662332355838e-07
    ],
    [
      0.00045359846666562925,
      1.5413747467624613e-09
    ],
    [
      -6.616402831395629e-06,
      1.1615393942407414e-08
    ]
  ],
  "root_assigned_abs_overlaps": [
    0.9999456247577028,
    0.9997677546882335
  ],
  "grad": [
    [
      8.470261208537544e-13,
      -7.769964334568005e-13,
      0.019395132324792973
    ],
    [
      -8.470261208587175e-13,
      7.76996433467528e-13,
      -0.01939513232478322
    ]
  ],
  "nac": [
    [
      0.03805950322645829,
      -0.008003380182499567,
      0.005446099730861003
    ],
    [
      0.038059499149260274,
      -0.008003381390242838,
      -0.005446099177705389
    ]
  ],
  "ci_overlap_with_fci": [
    0.999945624757703,
    0.9997677546882335
  ],
  "ncas": 8,
  "ncore": 2,
  "nelec_act": 8,
  "runtime_s": 24.288764476776123
}