{
  "system": "ethylene_631g",
  "label": "ethylene / 6-31g / CAS(2,2) SA(2)",
  "bond_dim": 200,
  "e_states_fci": [
    -78.02581865251192,
    -77.63893761648364
  ],
  "e_states_dmrg": [
    -78.02581865251345,
    -77.6389376164837
  ],
  "e_dmrg_su2": [
    -78.02581865251345,
    -77.6389376164837,
    -77.45491287579281
  ],
  "root_assignment_dmrg_to_fci": [
    0,
    1
  ],
  "root_overlap_matrix": [
    [
      -0.9999999999987088,
      3.837721906836174e-15
    ],
    [
      -3.837702213180192e-15,
      -1.0
    ],
    [
      -1.6071583651945924e-06,
      -1.2253709062907974e-14
    ]
  ],
  "root_assigned_abs_overlaps": [
    0.9999999999987088,
    1.0
  ],
  "grad": [
    [
      -8.113261294317105e-17,
      -2.640566927334372e-15,
      -0.015404999890385303
    ],
    [
      -1.0185085113915731e-16,
      -1.5929469135497957e-15,
      0.015404999890395833
    ],
    [
      -9.421146839501971e-16,
      0.008999016826543603,
      0.0028663766517111736
    ],
    [
      9.936904536977706e-16,
      -0.008999016826547359,
      0.0028663766517132167
    ],
    [
      1.0282111232476352e-15,
      0.008999016826553356,
      -0.0028663766517098483
    ],
    [
      -8.968034289128638e-16,
      -0.008999016826549064,
      -0.00286637665170922
    ]
  ],
  "nac": [
    [
      5.895562059729024e-16,
      2.96270146871386e-14,
      -0.2581342523556163
    ],
    [
      -5.167162892974807e-16,
      -2.0900253763557182e-14,
      -0.25813425235545695
    ],
    [
      -2.2448053505943995e-15,
      0.005809687484449954,
      0.010118335745095089
    ],
    [
      2.7283165010221598e-15,
      -0.005809687484463729,
      0.010118335745097599
    ],
    [
      -2.5626765334203726e-15,
      -0.005809687484448322,
      0.01011833574508838
    ],
    [
      2.1613379795936717e-15,
      0.005809687484452949,
      0.010118335745100683
    ]
  ],
  "ci_overlap_with_fci": [
    0.9999999999987088,
    1.0
  ],
  "ncas": 2,
  "ncore": 7,
  "nelec_act": 2,
  "runtime_s": 1.850196361541748
}