{
  "system": "ethylene",
  "label": "ethylene / sto-3g / CAS(2,2) SA(2)",
  "bond_dim": 4,
  "e_states_fci": [
    -77.11652970064782,
    -76.59671374846691
  ],
  "e_states_dmrg": [
    -77.11652970064786,
    -76.59671374846694
  ],
  "e_dmrg_su2": [
    -77.11652970064786,
    -76.59671374846694,
    -76.40771824415646
  ],
  "root_assignment_dmrg_to_fci": [
    0,
    1
  ],
  "root_overlap_matrix": [
    [
      -0.9999999999999947,
      7.497448838406155e-15
    ],
    [
      2.6005437528733927e-15,
      -1.0
    ],
    [
      -1.0371509743603232e-07,
      1.1173389052801988e-14
    ]
  ],
  "root_assigned_abs_overlaps": [
    0.9999999999999947,
    1.0
  ],
  "grad": [
    [
      -4.569905786255675e-16,
      -1.003003812748019e-15,
      -0.004018754501290446
    ],
    [
      -4.032647355493862e-16,
      5.681470267646579e-17,
      0.004018754501289367
    ],
    [
      1.0673443857521922e-15,
      0.005248477239043932,
      -8.63682797736993e-05
    ],
    [
      -6.250889629454427e-16,
      -0.005248477239044169,
      -8.636827977419543e-05
    ],
    [
      -6.846374547150519e-16,
      0.005248477239048308,
      8.636827977234133e-05
    ],
    [
      1.102637346083241e-15,
      -0.005248477239047891,
      8.63682797728869e-05
    ]
  ],
  "nac": [
    [
      2.7022938957280225e-16,
      -8.096148152483161e-16,
      -0.31461871247779283
    ],
    [
      -1.6038822667907888e-16,
      -1.158970323034449e-16,
      -0.31461871247781387
    ],
    [
      1.0979696995455288e-15,
      0.049434013938023665,
      0.05811263810391749
    ],
    [
      -9.969804968461288e-16,
      -0.04943401393802399,
      0.05811263810391704
    ],
    [
      8.802183836433551e-16,
      -0.04943401393802615,
      0.058112638103919194
    ],
    [
      -1.0800578975459123e-15,
      0.04943401393802423,
      0.05811263810392021
    ]
  ],
  "ci_overlap_with_fci": [
    0.9999999999999947,
    1.0
  ],
  "ncas": 2,
  "ncore": 7,
  "nelec_act": 2,
  "runtime_s": 80.92333269119263
}