{
  "system": "ethylene",
  "label": "ethylene / sto-3g / CAS(2,2) SA(2)",
  "bond_dim": 2,
  "e_states_fci": [
    -77.11652970064782,
    -76.59671374846691
  ],
  "e_states_dmrg": [
    -77.11652970064786,
    -76.40771824415646
  ],
  "e_dmrg_su2": [
    -77.11652970064786,
    -76.59671374846694,
    -76.40771824415646
  ],
  "root_assignment_dmrg_to_fci": [
    0,
    2
  ],
  "root_overlap_matrix": [
    [
      0.9999999999999947,
      -7.497448838406157e-15
    ],
    [
      0.9691578537736522,
      -4.512634107446383e-15
    ],
    [
      1.0371509735276559e-07,
      -1.1173389052801987e-14
    ]
  ],
  "root_assigned_abs_overlaps": [
    0.9999999999999947,
    1.1173389052801987e-14
  ],
  "grad": [
    [
      -2.927134969121573e-17,
      3.2621663430574543e-16,
      -0.0041327566974863165
    ],
    [
      1.921466078455218e-17,
      -1.018275904134807e-15,
      0.004132756697485019
    ],
    [
      1.6544520334282206e-16,
      0.005250161620902401,
      -9.00531767283984e-05
    ],
    [
      -1.49730687577403e-16,
      -0.005250161620903339,
      -9.005317672888672e-05
    ],
    [
      -2.0786598643023657e-16,
      0.005250161620904714,
      9.005317672763273e-05
    ],
    [
      2.0220815957148198e-16,
      -0.005250161620903892,
      9.005317672846627e-05
    ]
  ],
  "nac": [
    [
      -6.103462194948763e-17,
      1.4053357102338334e-15,
      -0.24702211474979005
    ],
    [
      -3.4757214187346235e-17,
      -1.0217193683968472e-15,
      0.24702211474979235
    ],
    [
      4.72962395429315e-16,
      0.0026259450753944886,
      0.001146871163271011
    ],
    [
      -4.139631048520586e-16,
      -0.0026259450753954357,
      0.0011468711632709964
    ],
    [
      -4.099829211709833e-16,
      0.0026259450753949574,
      -0.0011468711632718074
    ],
    [
      4.467754667305667e-16,
      -0.002625945075394633,
      -0.0011468711632708663
    ]
  ],
  "ci_overlap_with_fci": [
    0.9999999999999947,
    1.1173389052801987e-14
  ],
  "ncas": 2,
  "ncore": 7,
  "nelec_act": 2,
  "runtime_s": 68.8132336139679
}