{
  "system": "ethylene_321g",
  "label": "ethylene / 3-21g / CAS(2,2) SA(2)",
  "bond_dim": 3,
  "e_states_fci": [
    -77.62371442202833,
    -77.22409246158497
  ],
  "e_states_dmrg": [
    -77.62371442202847,
    -77.22409246158495
  ],
  "e_dmrg_su2": [
    -77.62371442202847,
    -77.22409246158495,
    -77.03992018503548
  ],
  "root_assignment_dmrg_to_fci": [
    0,
    1
  ],
  "root_overlap_matrix": [
    [
      -0.9999999999998365,
      -6.943880668008065e-15
    ],
    [
      -6.943881247578506e-15,
      1.0
    ],
    [
      5.719159563557073e-07,
      1.0133859167737236e-15
    ]
  ],
  "root_assigned_abs_overlaps": [
    0.9999999999998365,
    1.0
  ],
  "grad": [
    [
      -2.052995531945487e-16,
      2.677738421606293e-15,
      -0.0066549580801810865
    ],
    [
      3.051325290002363e-17,
      -4.045867938623823e-15,
      0.006654958080175941
    ],
    [
      2.0762319545249094e-18,
      0.009054705150471905,
      0.0032699323538733093
    ],
    [
      8.570181249947697e-17,
      -0.009054705150472377,
      0.003269932353875703
    ],
    [
      1.1796699635995518e-16,
      0.00905470515046646,
      -0.0032699323538739815
    ],
    [
      -3.095874051942384e-17,
      -0.009054705150464101,
      -0.0032699323538716964
    ]
  ],
  "nac": [
    [
      3.4120343338542e-16,
      7.245939159710875e-17,
      -0.2598987800937077
    ],
    [
      -2.479608699480023e-16,
      -5.8832444200006994e-15,
      -0.2598987800936973
    ],
    [
      2.979776343742984e-16,
      0.005952630193200309,
      0.011649569984753732
    ],
    [
      -4.3083474567746556e-17,
      -0.0059526301931968366,
      0.011649569984757448
    ],
    [
      -4.704524173129921e-16,
      -0.005952630193194319,
      0.01164956998475613
    ],
    [
      1.8142239618988733e-16,
      0.005952630193196194,
      0.011649569984759828
    ]
  ],
  "ci_overlap_with_fci": [
    0.9999999999998365,
    1.0
  ],
  "ncas": 2,
  "ncore": 7,
  "nelec_act": 2,
  "runtime_s": 0.9148848056793213
}