{
  "system": "ethylene_321g",
  "label": "ethylene / 3-21g / CAS(2,2) SA(2)",
  "bond_dim": 6,
  "e_states_fci": [
    -77.62371442202833,
    -77.22409246158497
  ],
  "e_states_dmrg": [
    -77.62371442202847,
    -77.22409246158493
  ],
  "e_dmrg_su2": [
    -77.62371442202847,
    -77.22409246158495,
    -77.03992018503548
  ],
  "root_assignment_dmrg_to_fci": [
    0,
    1
  ],
  "root_overlap_matrix": [
    [
      -0.9999999999998366,
      -6.943880668008065e-15
    ],
    [
      6.943881247578506e-15,
      -1.0
    ],
    [
      5.719159573777101e-07,
      1.0133859167737307e-15
    ]
  ],
  "root_assigned_abs_overlaps": [
    0.9999999999998366,
    1.0
  ],
  "grad": [
    [
      -2.0529955319465177e-16,
      -5.009605983426601e-16,
      -0.006654958080136809
    ],
    [
      3.0513252900125e-17,
      -2.7723415468301677e-15,
      0.006654958080134821
    ],
    [
      2.0762319545450808e-18,
      0.009054705150472343,
      0.0032699323538727286
    ],
    [
      8.570181249945766e-17,
      -0.00905470515047074,
      0.0032699323538747304
    ],
    [
      1.1796699635995042e-16,
      0.009054705150466424,
      -0.0032699323538719917
    ],
    [
      -3.0958740519424816e-17,
      -0.009054705150464581,
      -0.0032699323538699218
    ]
  ],
  "nac": [
    [
      3.41203433385543e-16,
      6.042265836155467e-15,
      -0.25989878009373757
    ],
    [
      -2.4796086994809343e-16,
      1.6741994553027023e-15,
      -0.25989878009363077
    ],
    [
      2.9797763437417554e-16,
      0.005952630193186988,
      0.01164956998475126
    ],
    [
      -4.3083474567679047e-17,
      -0.005952630193195097,
      0.011649569984746928
    ],
    [
      -4.70452417312865e-16,
      -0.005952630193192613,
      0.011649569984750054
    ],
    [
      1.81422396189798e-16,
      0.005952630193191086,
      0.011649569984749055
    ]
  ],
  "ci_overlap_with_fci": [
    0.9999999999998366,
    1.0
  ],
  "ncas": 2,
  "ncore": 7,
  "nelec_act": 2,
  "runtime_s": 0.9135255813598633
}