{
  "system": "ethylene",
  "label": "ethylene / sto-3g / CAS(2,2) SA(2)",
  "bond_dim": 12,
  "e_states_fci": [
    -77.11652970064782,
    -76.59671374846691
  ],
  "e_states_dmrg": [
    -77.11652970064786,
    -76.59671374846694
  ],
  "e_dmrg_su2": [
    -77.11652970064786,
    -76.59671374846694,
    -76.40771824415646
  ],
  "root_assignment_dmrg_to_fci": [
    0,
    1
  ],
  "root_overlap_matrix": [
    [
      0.9999999999999948,
      -7.497448838406157e-15
    ],
    [
      -2.6522391221186907e-15,
      1.0
    ],
    [
      -1.0371509724174329e-07,
      1.1173389052801987e-14
    ]
  ],
  "root_assigned_abs_overlaps": [
    0.9999999999999948,
    1.0
  ],
  "grad": [
    [
      -4.569905787777259e-16,
      2.4495034645003768e-16,
      -0.004018754501284602
    ],
    [
      -4.032647357016105e-16,
      -9.095549628935904e-16,
      0.004018754501285233
    ],
    [
      1.0673443858333855e-15,
      0.005248477239043832,
      -8.636827977355e-05
    ],
    [
      -6.250889628744175e-16,
      -0.005248477239044741,
      -8.636827977357776e-05
    ],
    [
      -6.846374546440178e-16,
      0.005248477239047113,
      8.63682797727014e-05
    ],
    [
      1.1026373461643898e-15,
      -0.005248477239047179,
      8.636827977309865e-05
    ]
  ],
  "nac": [
    [
      2.702293895728159e-16,
      -1.4355786996898534e-15,
      -0.31461871247779294
    ],
    [
      -1.6038822667907375e-16,
      5.7656944502372e-16,
      -0.3146187124778126
    ],
    [
      1.097969699545519e-15,
      0.0494340139380242,
      0.05811263810391736
    ],
    [
      -9.969804968461272e-16,
      -0.049434013938023456,
      0.058112638103916335
    ],
    [
      8.802183836433507e-16,
      -0.049434013938025614,
      0.05811263810391943
    ],
    [
      -1.0800578975459147e-15,
      0.04943401393802385,
      0.05811263810391995
    ]
  ],
  "ci_overlap_with_fci": [
    0.9999999999999948,
    1.0
  ],
  "ncas": 2,
  "ncore": 7,
  "nelec_act": 2,
  "runtime_s": 73.79768204689026
}