{
  "system": "ethylene_321g",
  "label": "ethylene / 3-21g / CAS(2,2) SA(2)",
  "bond_dim": 4,
  "e_states_fci": [
    -77.62371442202833,
    -77.22409246158497
  ],
  "e_states_dmrg": [
    -77.62371442202846,
    -77.22409246158492
  ],
  "e_dmrg_su2": [
    -77.62371442202846,
    -77.22409246158492,
    -77.03992018503547
  ],
  "root_assignment_dmrg_to_fci": [
    0,
    1
  ],
  "root_overlap_matrix": [
    [
      0.9999999999998366,
      6.943880668008064e-15
    ],
    [
      6.943881247578506e-15,
      -1.0
    ],
    [
      -5.71915957816846e-07,
      -1.0133859167737337e-15
    ]
  ],
  "root_assigned_abs_overlaps": [
    0.9999999999998366,
    1.0
  ],
  "grad": [
    [
      -2.052995531945832e-16,
      5.140437361189763e-15,
      -0.006654958080130585
    ],
    [
      3.0513252900046904e-17,
      -7.599216278185089e-16,
      0.006654958080130623
    ],
    [
      2.0762319544971267e-18,
      0.00905470515046605,
      0.003269932353873076
    ],
    [
      8.570181249950426e-17,
      -0.009054705150470058,
      0.00326993235387267
    ],
    [
      1.1796699635999272e-16,
      0.009054705150468034,
      -0.00326993235387211
    ],
    [
      -3.095874051944873e-17,
      -0.009054705150468054,
      -0.0032699323538722415
    ]
  ],
  "nac": [
    [
      3.4120343338543654e-16,
      -1.5556875588696886e-15,
      -0.25989878009364314
    ],
    [
      -2.479608699480063e-16,
      5.8108844252882745e-15,
      -0.25989878009372835
    ],
    [
      2.9797763437427237e-16,
      0.005952630193190981,
      0.011649569984746347
    ],
    [
      -4.308347456773361e-17,
      -0.005952630193195426,
      0.01164956998474329
    ],
    [
      -4.704524173129319e-16,
      -0.005952630193196885,
      0.011649569984752051
    ],
    [
      1.8142239618985247e-16,
      0.005952630193193638,
      0.011649569984752025
    ]
  ],
  "ci_overlap_with_fci": [
    0.9999999999998366,
    1.0
  ],
  "ncas": 2,
  "ncore": 7,
  "nelec_act": 2,
  "runtime_s": 0.9080498218536377
}