{
  "system": "ethylene_631g",
  "label": "ethylene / 6-31g / CAS(2,2) SA(2)",
  "bond_dim": 3,
  "e_states_fci": [
    -78.02581865251192,
    -77.63893761648364
  ],
  "e_states_dmrg": [
    -78.02581865251345,
    -77.6389376164837
  ],
  "e_dmrg_su2": [
    -78.02581865251345,
    -77.6389376164837,
    -77.45491287579281
  ],
  "root_assignment_dmrg_to_fci": [
    0,
    1
  ],
  "root_overlap_matrix": [
    [
      -0.9999999999987087,
      3.83772190683618e-15
    ],
    [
      -5.978083286938452e-15,
      -1.0
    ],
    [
      -1.6071583657442384e-06,
      -1.2253709062907971e-14
    ]
  ],
  "root_assigned_abs_overlaps": [
    0.9999999999987087,
    1.0
  ],
  "grad": [
    [
      -8.113261294323158e-17,
      6.07835434722325e-15,
      -0.015404999890407577
    ],
    [
      -1.0185085113911412e-16,
      -6.650686600132969e-15,
      0.015404999890426662
    ],
    [
      -9.421146839498894e-16,
      0.00899901682653734,
      0.0028663766517079974
    ],
    [
      9.936904536974726e-16,
      -0.008999016826543705,
      0.0028663766517099953
    ],
    [
      1.0282111232474132e-15,
      0.008999016826551173,
      -0.002866376651713094
    ],
    [
      -8.968034289126342e-16,
      -0.008999016826547721,
      -0.0028663766517111264
    ]
  ],
  "nac": [
    [
      5.895562059727702e-16,
      -4.151616111907966e-14,
      -0.2581342523555908
    ],
    [
      -5.167162892973585e-16,
      2.3724057170599114e-14,
      -0.2581342523554969
    ],
    [
      -2.2448053505944185e-15,
      0.005809687484455156,
      0.010118335745097464
    ],
    [
      2.7283165010221866e-15,
      -0.005809687484442063,
      0.010118335745102146
    ],
    [
      -2.562676533420242e-15,
      -0.005809687484450438,
      0.010118335745100316
    ],
    [
      2.161337979593529e-15,
      0.005809687484454061,
      0.010118335745094926
    ]
  ],
  "ci_overlap_with_fci": [
    0.9999999999987087,
    1.0
  ],
  "ncas": 2,
  "ncore": 7,
  "nelec_act": 2,
  "runtime_s": 1.8353781700134277
}