{
  "system": "ethylene_631g",
  "label": "ethylene / 6-31g / CAS(2,2) SA(2)",
  "bond_dim": 2,
  "e_states_fci": [
    -78.02581865251192,
    -77.63893761648364
  ],
  "e_states_dmrg": [
    -77.47792525449782,
    -77.6389376164837
  ],
  "e_dmrg_su2": [
    -78.02581865251345,
    -77.6389376164837,
    -77.45491287579281
  ],
  "root_assignment_dmrg_to_fci": [
    0,
    1
  ],
  "root_overlap_matrix": [
    [
      -0.20077144429552493,
      -1.1233705416680436e-14
    ],
    [
      5.970481592179253e-15,
      1.0
    ],
    [
      0.20077144429552493,
      1.1233705416680436e-14
    ]
  ],
  "root_assigned_abs_overlaps": [
    0.20077144429552493,
    1.0
  ],
  "grad": [
    [
      5.132578606002835e-17,
      -7.033719242352347e-17,
      -0.39116343286804117
    ],
    [
      6.517850184020535e-17,
      5.535841425020893e-15,
      0.3911634328680449
    ],
    [
      2.224903485045908e-16,
      0.015503061382274468,
      0.0021414656537314253
    ],
    [
      -2.931163335835115e-16,
      -0.015503061382282496,
      0.0021414656537312657
    ],
    [
      -2.639946209199764e-16,
      0.01550306138227972,
      -0.002141465653731252
    ],
    [
      2.1811631809867774e-16,
      -0.015503061382280886,
      -0.0021414656537302942
    ]
  ],
  "nac": [
    [
      1.1083264728847915e-16,
      2.224308390487438e-14,
      -0.26376071768530046
    ],
    [
      2.665482532880378e-16,
      1.5210803460842639e-15,
      -0.20922609827815528
    ],
    [
      -3.221843961898858e-15,
      0.006160058365093873,
      0.016911070098421743
    ],
    [
      3.3889814722361353e-15,
      -0.0061600583651157,
      0.016911070098410128
    ],
    [
      1.8861504812756816e-15,
      -0.0076500825221032555,
      0.01804395468636564
    ],
    [
      -2.2993477951552113e-15,
      0.007650082522099549,
      0.018043954686358495
    ]
  ],
  "ci_overlap_with_fci": [
    0.20077144429552493,
    1.0
  ],
  "ncas": 2,
  "ncore": 7,
  "nelec_act": 2,
  "runtime_s": 1.8540687561035156
}