{
  "system": "ethylene_631g",
  "label": "ethylene / 6-31g / CAS(2,2) SA(2)",
  "bond_dim": 8,
  "e_states_fci": [
    -78.02581865251192,
    -77.63893761648364
  ],
  "e_states_dmrg": [
    -78.02581865251345,
    -77.6389376164837
  ],
  "e_dmrg_su2": [
    -78.02581865251345,
    -77.6389376164837,
    -77.45491287579281
  ],
  "root_assignment_dmrg_to_fci": [
    0,
    1
  ],
  "root_overlap_matrix": [
    [
      0.9999999999987087,
      -3.8377219068361795e-15
    ],
    [
      -5.877187941556076e-15,
      -1.0
    ],
    [
      -1.6071583657164828e-06,
      -1.2253709062907973e-14
    ]
  ],
  "root_assigned_abs_overlaps": [
    0.9999999999987087,
    1.0
  ],
  "grad": [
    [
      -8.11326129429786e-17,
      -1.3193848203158993e-14,
      -0.015404999890404357
    ],
    [
      -1.0185085113937297e-16,
      1.0250776808526242e-14,
      0.015404999890419113
    ],
    [
      -9.42114683949808e-16,
      0.008999016826540245,
      0.0028663766517110813
    ],
    [
      9.93690453697346e-16,
      -0.008999016826541407,
      0.002866376651708836
    ],
    [
      1.0282111232474895e-15,
      0.008999016826548993,
      -0.002866376651710741
    ],
    [
      -8.968034289126567e-16,
      -0.008999016826548654,
      -0.0028663766517114555
    ]
  ],
  "nac": [
    [
      5.895562059727803e-16,
      2.2979906302647658e-15,
      -0.2581342523555765
    ],
    [
      -5.167162892974049e-16,
      -1.3953021457298715e-14,
      -0.2581342523555059
    ],
    [
      -2.2448053505943238e-15,
      0.0058096874844561774,
      0.01011833574509333
    ],
    [
      2.728316501022092e-15,
      -0.005809687484452734,
      0.010118335745099743
    ],
    [
      -2.5626765334201095e-15,
      -0.00580968748445659,
      0.010118335745094218
    ],
    [
      2.1613379795934153e-15,
      0.005809687484463208,
      0.01011833574510063
    ]
  ],
  "ci_overlap_with_fci": [
    0.9999999999987087,
    1.0
  ],
  "ncas": 2,
  "ncore": 7,
  "nelec_act": 2,
  "runtime_s": 1.8408992290496826
}