{
  "system": "ethylene",
  "label": "ethylene / sto-3g / CAS(2,2) SA(2)",
  "bond_dim": 6,
  "e_states_fci": [
    -77.11652970064782,
    -76.59671374846691
  ],
  "e_states_dmrg": [
    -77.11652970064786,
    -76.59671374846694
  ],
  "e_dmrg_su2": [
    -77.11652970064786,
    -76.59671374846694,
    -76.40771824415646
  ],
  "root_assignment_dmrg_to_fci": [
    0,
    1
  ],
  "root_overlap_matrix": [
    [
      -0.9999999999999947,
      7.497448838406157e-15
    ],
    [
      -2.687769385734393e-15,
      1.0
    ],
    [
      -1.0371509729725444e-07,
      1.1173389052801987e-14
    ]
  ],
  "root_assigned_abs_overlaps": [
    0.9999999999999947,
    1.0
  ],
  "grad": [
    [
      -4.569905787776024e-16,
      2.862316864134017e-16,
      -0.0040187545012871275
    ],
    [
      -4.032647357014743e-16,
      -9.967382923336034e-16,
      0.004018754501285998
    ],
    [
      1.0673443858334758e-15,
      0.005248477239044076,
      -8.636827977355455e-05
    ],
    [
      -6.250889628746509e-16,
      -0.005248477239044987,
      -8.63682797740238e-05
    ],
    [
      -6.846374546442379e-16,
      0.005248477239047588,
      8.636827977271245e-05
    ],
    [
      1.1026373461644883e-15,
      -0.005248477239046766,
      8.636827977354859e-05
    ]
  ],
  "nac": [
    [
      2.702293895728319e-16,
      2.1344957544281154e-17,
      -0.31461871247779105
    ],
    [
      -1.6038822667905805e-16,
      -8.717700786388798e-16,
      -0.3146187124778171
    ],
    [
      1.0979696995455272e-15,
      0.049434013938023345,
      0.058112638103916495
    ],
    [
      -9.969804968461522e-16,
      -0.049434013938023824,
      0.05811263810391671
    ],
    [
      8.802183836433268e-16,
      -0.04943401393802684,
      0.058112638103919236
    ],
    [
      -1.0800578975459131e-15,
      0.049434013938024816,
      0.058112638103919804
    ]
  ],
  "ci_overlap_with_fci": [
    0.9999999999999947,
    1.0
  ],
  "ncas": 2,
  "ncore": 7,
  "nelec_act": 2,
  "runtime_s": 75.87864303588867
}