{
  "system": "ethylene_321g",
  "label": "ethylene / 3-21g / CAS(2,2) SA(2)",
  "bond_dim": 12,
  "e_states_fci": [
    -77.62371442202833,
    -77.22409246158497
  ],
  "e_states_dmrg": [
    -77.62371442202846,
    -77.22409246158492
  ],
  "e_dmrg_su2": [
    -77.62371442202846,
    -77.22409246158492,
    -77.03992018503547
  ],
  "root_assignment_dmrg_to_fci": [
    0,
    1
  ],
  "root_overlap_matrix": [
    [
      0.9999999999998366,
      6.943880668008064e-15
    ],
    [
      -6.943881247578506e-15,
      1.0
    ],
    [
      5.719159572617345e-07,
      1.0133859167737301e-15
    ]
  ],
  "root_assigned_abs_overlaps": [
    0.9999999999998366,
    1.0
  ],
  "grad": [
    [
      -2.052995531946898e-16,
      7.335059171262092e-16,
      -0.006654958080132896
    ],
    [
      3.0513252900120724e-17,
      -3.71200638281004e-15,
      0.006654958080132507
    ],
    [
      2.076231954514426e-18,
      0.009054705150470284,
      0.00326993235387333
    ],
    [
      8.57018124995116e-17,
      -0.009054705150470108,
      0.003269932353876359
    ],
    [
      1.1796699636000376e-16,
      0.009054705150468257,
      -0.0032699323538726336
    ],
    [
      -3.095874051945546e-17,
      -0.009054705150465447,
      -0.0032699323538712766
    ]
  ],
  "nac": [
    [
      3.4120343338541573e-16,
      1.1156113674713074e-14,
      -0.25989878009382095
    ],
    [
      -2.479608699479681e-16,
      -9.243359862113519e-15,
      -0.2598987800935757
    ],
    [
      2.979776343741652e-16,
      0.00595263019319119,
      0.011649569984755316
    ],
    [
      -4.308347456764699e-17,
      -0.005952630193195253,
      0.011649569984756773
    ],
    [
      -4.704524173128643e-16,
      -0.0059526301931979615,
      0.011649569984756192
    ],
    [
      1.8142239618978658e-16,
      0.0059526301931975105,
      0.011649569984759708
    ]
  ],
  "ci_overlap_with_fci": [
    0.9999999999998366,
    1.0
  ],
  "ncas": 2,
  "ncore": 7,
  "nelec_act": 2,
  "runtime_s": 0.9118144512176514
}