{
  "system": "ethylene_631g",
  "label": "ethylene / 6-31g / CAS(2,2) SA(2)",
  "bond_dim": 12,
  "e_states_fci": [
    -78.02581865251192,
    -77.63893761648364
  ],
  "e_states_dmrg": [
    -78.02581865251345,
    -77.6389376164837
  ],
  "e_dmrg_su2": [
    -78.02581865251345,
    -77.6389376164837,
    -77.45491287579283
  ],
  "root_assignment_dmrg_to_fci": [
    0,
    1
  ],
  "root_overlap_matrix": [
    [
      -0.9999999999987088,
      3.837721906836164e-15
    ],
    [
      -3.837702213180192e-15,
      -1.0
    ],
    [
      -1.607158364339635e-06,
      -1.2253709062907977e-14
    ]
  ],
  "root_assigned_abs_overlaps": [
    0.9999999999987088,
    1.0
  ],
  "grad": [
    [
      -8.113261294296953e-17,
      -5.368412936158331e-15,
      -0.015404999890341293
    ],
    [
      -1.0185085113931284e-16,
      5.478094638631605e-15,
      0.015404999890358768
    ],
    [
      -9.421146839498133e-16,
      0.008999016826543126,
      0.0028663766517097325
    ],
    [
      9.936904536973312e-16,
      -0.008999016826544047,
      0.002866376651709739
    ],
    [
      1.0282111232470493e-15,
      0.00899901682654881,
      -0.002866376651710024
    ],
    [
      -8.968034289122721e-16,
      -0.008999016826551378,
      -0.0028663766517105166
    ]
  ],
  "nac": [
    [
      5.895562059729628e-16,
      -2.2563663241890146e-15,
      -0.25813425235552523
    ],
    [
      -5.167162892975598e-16,
      3.109885898590732e-15,
      -0.25813425235557425
    ],
    [
      -2.2448053505944587e-15,
      0.005809687484453164,
      0.010118335745097806
    ],
    [
      2.7283165010222253e-15,
      -0.005809687484459012,
      0.010118335745102056
    ],
    [
      -2.562676533420175e-15,
      -0.00580968748445937,
      0.01011833574509604
    ],
    [
      2.161337979593439e-15,
      0.00580968748446059,
      0.010118335745102935
    ]
  ],
  "ci_overlap_with_fci": [
    0.9999999999987088,
    1.0
  ],
  "ncas": 2,
  "ncore": 7,
  "nelec_act": 2,
  "runtime_s": 1.8459126949310303
}