{
  "system": "ethylene_321g",
  "label": "ethylene / 3-21g / CAS(2,2) SA(2)",
  "bond_dim": 8,
  "e_states_fci": [
    -77.62371442202833,
    -77.22409246158497
  ],
  "e_states_dmrg": [
    -77.62371442202847,
    -77.22409246158495
  ],
  "e_dmrg_su2": [
    -77.62371442202847,
    -77.22409246158495,
    -77.03992018503548
  ],
  "root_assignment_dmrg_to_fci": [
    0,
    1
  ],
  "root_overlap_matrix": [
    [
      -0.9999999999998366,
      -6.943880668008064e-15
    ],
    [
      -6.943881247578506e-15,
      1.0
    ],
    [
      -5.719159578674037e-07,
      -1.013385916773734e-15
    ]
  ],
  "root_assigned_abs_overlaps": [
    0.9999999999998366,
    1.0
  ],
  "grad": [
    [
      -2.052995531946252e-16,
      3.5812324195657285e-15,
      -0.006654958080098604
    ],
    [
      3.051325290009315e-17,
      1.7563833171529897e-15,
      0.006654958080097775
    ],
    [
      2.0762319545081553e-18,
      0.009054705150469173,
      0.003269932353872442
    ],
    [
      8.570181249950392e-17,
      -0.009054705150472471,
      0.0032699323538737447
    ],
    [
      1.1796699635997938e-16,
      0.009054705150467829,
      -0.0032699323538716977
    ],
    [
      -3.095874051945198e-17,
      -0.009054705150469865,
      -0.0032699323538727884
    ]
  ],
  "nac": [
    [
      3.4120343338544206e-16,
      -7.304198670309167e-15,
      -0.2598987800937587
    ],
    [
      -2.479608699480181e-16,
      -3.706086650187447e-15,
      -0.25989878009364936
    ],
    [
      2.9797763437424003e-16,
      0.0059526301931966796,
      0.011649569984758421
    ],
    [
      -4.308347456769447e-17,
      -0.005952630193192026,
      0.011649569984758473
    ],
    [
      -4.704524173129071e-16,
      -0.005952630193202792,
      0.011649569984758386
    ],
    [
      1.814223961898344e-16,
      0.005952630193206057,
      0.011649569984759271
    ]
  ],
  "ci_overlap_with_fci": [
    0.9999999999998366,
    1.0
  ],
  "ncas": 2,
  "ncore": 7,
  "nelec_act": 2,
  "runtime_s": 0.9105615615844727
}