{
  "system": "ethylene",
  "label": "ethylene / sto-3g / CAS(2,2) SA(2)",
  "bond_dim": 3,
  "e_states_fci": [
    -77.11652970064782,
    -76.59671374846691
  ],
  "e_states_dmrg": [
    -77.11652970064786,
    -76.59671374846694
  ],
  "e_dmrg_su2": [
    -77.11652970064786,
    -76.59671374846694,
    -76.40771824415646
  ],
  "root_assignment_dmrg_to_fci": [
    0,
    1
  ],
  "root_overlap_matrix": [
    [
      -0.9999999999999948,
      7.497448838406157e-15
    ],
    [
      -2.7420056921906274e-15,
      1.0
    ],
    [
      1.0371509729725444e-07,
      -1.1173389052801987e-14
    ]
  ],
  "root_assigned_abs_overlaps": [
    0.9999999999999948,
    1.0
  ],
  "grad": [
    [
      -4.569905787776679e-16,
      3.0200392893596455e-16,
      -0.004018754501283512
    ],
    [
      -4.03264735701579e-16,
      -8.618566864034898e-16,
      0.004018754501285901
    ],
    [
      1.067344385833316e-15,
      0.005248477239043822,
      -8.636827977357082e-05
    ],
    [
      -6.250889628744003e-16,
      -0.005248477239044728,
      -8.636827977405134e-05
    ],
    [
      -6.846374546439996e-16,
      0.005248477239047543,
      8.636827977273164e-05
    ],
    [
      1.102637346164322e-15,
      -0.005248477239046731,
      8.636827977312369e-05
    ]
  ],
  "nac": [
    [
      2.7022938957281497e-16,
      -1.0298105513509465e-15,
      -0.3146187124777958
    ],
    [
      -1.6038822667906246e-16,
      -8.335945083867586e-17,
      -0.3146187124778137
    ],
    [
      1.0979696995455268e-15,
      0.04943401393802396,
      0.058112638103917244
    ],
    [
      -9.969804968461378e-16,
      -0.04943401393802375,
      0.05811263810391683
    ],
    [
      8.802183836433315e-16,
      -0.04943401393802543,
      0.05811263810391925
    ],
    [
      -1.0800578975459017e-15,
      0.04943401393802418,
      0.058112638103920276
    ]
  ],
  "ci_overlap_with_fci": [
    0.9999999999999948,
    1.0
  ],
  "ncas": 2,
  "ncore": 7,
  "nelec_act": 2,
  "runtime_s": 88.54036164283752
}