{
  "system": "ethylene",
  "label": "ethylene / sto-3g / CAS(2,2) SA(2)",
  "bond_dim": 200,
  "e_states_fci": [
    -77.11652970064782,
    -76.59671374846691
  ],
  "e_states_dmrg": [
    -77.11652970064786,
    -76.59671374846694
  ],
  "e_dmrg_su2": [
    -77.11652970064786,
    -76.59671374846694,
    -76.40771824415646
  ],
  "root_assignment_dmrg_to_fci": [
    0,
    1
  ],
  "root_overlap_matrix": [
    [
      0.9999999999999947,
      -7.497448838406157e-15
    ],
    [
      2.9143080054018763e-15,
      -1.0
    ],
    [
      -1.0371509724174329e-07,
      1.1173389052801987e-14
    ]
  ],
  "root_assigned_abs_overlaps": [
    0.9999999999999947,
    1.0
  ],
  "grad": [
    [
      -4.569905787776157e-16,
      3.109159763323544e-16,
      -0.004018754501287122
    ],
    [
      -4.0326473570148145e-16,
      -9.515204426416962e-16,
      0.004018754501285984
    ],
    [
      1.0673443858334841e-15,
      0.005248477239044072,
      -8.636827977355358e-05
    ],
    [
      -6.25088962874655e-16,
      -0.005248477239044988,
      -8.636827977402889e-05
    ],
    [
      -6.846374546442295e-16,
      0.005248477239047583,
      8.636827977248965e-05
    ],
    [
      1.1026373461644867e-15,
      -0.0052484772390467655,
      8.636827977310634e-05
    ]
  ],
  "nac": [
    [
      2.702293895728241e-16,
      -9.213780182484002e-16,
      -0.31461871247779766
    ],
    [
      -1.6038822667906293e-16,
      -5.497314518337158e-16,
      -0.3146187124778136
    ],
    [
      1.0979696995455477e-15,
      0.049434013938024705,
      0.058112638103917674
    ],
    [
      -9.969804968461629e-16,
      -0.04943401393802399,
      0.05811263810391687
    ],
    [
      8.802183836433236e-16,
      -0.04943401393802674,
      0.05811263810391969
    ],
    [
      -1.0800578975458971e-15,
      0.04943401393802428,
      0.05811263810392045
    ]
  ],
  "ci_overlap_with_fci": [
    0.9999999999999947,
    1.0
  ],
  "ncas": 2,
  "ncore": 7,
  "nelec_act": 2,
  "runtime_s": 83.60828351974487
}