{
  "system": "ethylene_321g",
  "label": "ethylene / 3-21g / CAS(2,2) SA(2)",
  "bond_dim": 200,
  "e_states_fci": [
    -77.62371442202833,
    -77.22409246158497
  ],
  "e_states_dmrg": [
    -77.62371442202846,
    -77.22409246158493
  ],
  "e_dmrg_su2": [
    -77.62371442202846,
    -77.22409246158493,
    -77.03992018503547
  ],
  "root_assignment_dmrg_to_fci": [
    0,
    1
  ],
  "root_overlap_matrix": [
    [
      0.9999999999998366,
      6.943880668008065e-15
    ],
    [
      -6.943881247578506e-15,
      1.0
    ],
    [
      5.719159575115347e-07,
      1.0133859167737317e-15
    ]
  ],
  "root_assigned_abs_overlaps": [
    0.9999999999998366,
    1.0
  ],
  "grad": [
    [
      -2.0529955319466459e-16,
      4.109802789750807e-15,
      -0.00665495808010504
    ],
    [
      3.0513252900106524e-17,
      -3.760702005026768e-15,
      0.006654958080105262
    ],
    [
      2.076231954538163e-18,
      0.009054705150469118,
      0.003269932353872096
    ],
    [
      8.570181249950092e-17,
      -0.00905470515047072,
      0.003269932353872887
    ],
    [
      1.1796699635996822e-16,
      0.009054705150468889,
      -0.0032699323538700623
    ],
    [
      -3.095874051944063e-17,
      -0.009054705150467806,
      -0.00326993235386989
    ]
  ],
  "nac": [
    [
      3.4120343338543185e-16,
      7.10136976390168e-15,
      -0.2598987800936984
    ],
    [
      -2.479608699479874e-16,
      -2.4441126471520354e-16,
      -0.2598987800936792
    ],
    [
      2.979776343742387e-16,
      0.0059526301931900815,
      0.0116495699847521
    ],
    [
      -4.3083474567698423e-17,
      -0.005952630193198399,
      0.01164956998474716
    ],
    [
      -4.704524173129319e-16,
      -0.005952630193198503,
      0.01164956998475448
    ],
    [
      1.814223961898118e-16,
      0.005952630193196854,
      0.011649569984755347
    ]
  ],
  "ci_overlap_with_fci": [
    0.9999999999998366,
    1.0
  ],
  "ncas": 2,
  "ncore": 7,
  "nelec_act": 2,
  "runtime_s": 0.9124276638031006
}