{
  "system": "ethylene",
  "label": "ethylene / sto-3g / CAS(2,2) SA(2)",
  "bond_dim": 8,
  "e_states_fci": [
    -77.11652970064782,
    -76.59671374846691
  ],
  "e_states_dmrg": [
    -77.11652970064786,
    -76.59671374846694
  ],
  "e_dmrg_su2": [
    -77.11652970064786,
    -76.59671374846694,
    -76.40771824415646
  ],
  "root_assignment_dmrg_to_fci": [
    0,
    1
  ],
  "root_overlap_matrix": [
    [
      0.9999999999999947,
      -7.497448838406155e-15
    ],
    [
      -3.1653828941696466e-15,
      1.0
    ],
    [
      1.0371509746386771e-07,
      -1.1173389052801988e-14
    ]
  ],
  "root_assigned_abs_overlaps": [
    0.9999999999999947,
    1.0
  ],
  "grad": [
    [
      -4.569905787777208e-16,
      2.3940116141845444e-16,
      -0.004018754501288026
    ],
    [
      -4.0326473570161275e-16,
      -9.1920437380924e-16,
      0.004018754501286009
    ],
    [
      1.0673443858335293e-15,
      0.0052484772390440524,
      -8.636827977354566e-05
    ],
    [
      -6.25088962874583e-16,
      -0.005248477239044962,
      -8.636827977402184e-05
    ],
    [
      -6.846374546441811e-16,
      0.005248477239047552,
      8.636827977269793e-05
    ],
    [
      1.1026373461645484e-15,
      -0.005248477239046732,
      8.636827977309604e-05
    ]
  ],
  "nac": [
    [
      2.7022938957282893e-16,
      6.281917092862642e-16,
      -0.31461871247778955
    ],
    [
      -1.6038822667906032e-16,
      -3.803691688247836e-16,
      -0.31461871247782147
    ],
    [
      1.0979696995455116e-15,
      0.049434013938024254,
      0.058112638103917
    ],
    [
      -9.969804968461337e-16,
      -0.04943401393802444,
      0.05811263810391628
    ],
    [
      8.802183836433371e-16,
      -0.04943401393802652,
      0.058112638103920033
    ],
    [
      -1.0800578975459234e-15,
      0.04943401393802473,
      0.05811263810392035
    ]
  ],
  "ci_overlap_with_fci": [
    0.9999999999999947,
    1.0
  ],
  "ncas": 2,
  "ncore": 7,
  "nelec_act": 2,
  "runtime_s": 67.19476056098938
}