{
  "system": "ethylene_321g",
  "label": "ethylene / 3-21g / CAS(2,2) SA(2)",
  "bond_dim": 2,
  "e_states_fci": [
    -77.62371442202833,
    -77.22409246158497
  ],
  "e_states_dmrg": [
    -77.06454593849037,
    -77.22409246158492
  ],
  "e_dmrg_su2": [
    -77.62371442202846,
    -77.22409246158492,
    -77.03992018503547
  ],
  "root_assignment_dmrg_to_fci": [
    0,
    1
  ],
  "root_overlap_matrix": [
    [
      0.20538373403356422,
      -2.1098191400903205e-14
    ],
    [
      -6.943881247578506e-15,
      1.0
    ],
    [
      -0.20538373403356422,
      -2.417938444211133e-15
    ]
  ],
  "root_assigned_abs_overlaps": [
    0.20538373403356422,
    1.0
  ],
  "grad": [
    [
      -1.394737902032608e-16,
      -2.9357929017773555e-15,
      -0.38813311208080475
    ],
    [
      1.8142777925889092e-16,
      2.0720416417266234e-15,
      0.38813311208080903
    ],
    [
      -4.093578209515958e-17,
      0.01548762047383458,
      0.002919671866460293
    ],
    [
      4.5800853549112293e-17,
      -0.015487620473833324,
      0.002919671866462751
    ],
    [
      -1.0625792378090989e-16,
      0.015487620473833428,
      -0.0029196718664603804
    ],
    [
      5.943886327133342e-17,
      -0.015487620473835149,
      -0.002919671866461123
    ]
  ],
  "nac": [
    [
      -9.246127335674533e-17,
      1.0478386582377337e-14,
      -0.2661557759806593
    ],
    [
      4.1897639335946565e-16,
      -3.9521305030028707e-14,
      -0.2119605863187085
    ],
    [
      -1.1072653604769092e-15,
      0.007101867416623772,
      0.018901452452449553
    ],
    [
      1.1604325852677443e-15,
      -0.007101867416617248,
      0.01890145245244938
    ],
    [
      9.31494026634812e-16,
      -0.008745702957933199,
      0.02033689000038557
    ],
    [
      -1.2612579029239474e-15,
      0.008745702957956293,
      0.02033689000038207
    ]
  ],
  "ci_overlap_with_fci": [
    0.20538373403356422,
    1.0
  ],
  "ncas": 2,
  "ncore": 7,
  "nelec_act": 2,
  "runtime_s": 0.9455080032348633
}