{
  "system": "ethylene_631g",
  "label": "ethylene / 6-31g / CAS(2,2) SA(2)",
  "bond_dim": 4,
  "e_states_fci": [
    -78.02581865251192,
    -77.63893761648364
  ],
  "e_states_dmrg": [
    -78.02581865251345,
    -77.6389376164837
  ],
  "e_dmrg_su2": [
    -78.02581865251345,
    -77.6389376164837,
    -77.45491287579281
  ],
  "root_assignment_dmrg_to_fci": [
    0,
    1
  ],
  "root_overlap_matrix": [
    [
      -0.9999999999987088,
      3.8377219068361795e-15
    ],
    [
      6.233848865942143e-15,
      1.0
    ],
    [
      1.607158365633216e-06,
      1.2253709062907973e-14
    ]
  ],
  "root_assigned_abs_overlaps": [
    0.9999999999987088,
    1.0
  ],
  "grad": [
    [
      -8.113261294295564e-17,
      -2.2031365478851408e-15,
      -0.015404999890412614
    ],
    [
      -1.0185085113940733e-16,
      2.277065836687758e-15,
      0.015404999890423366
    ],
    [
      -9.42114683949872e-16,
      0.00899901682654429,
      0.0028663766517134787
    ],
    [
      9.936904536974724e-16,
      -0.00899901682654862,
      0.0028663766517129925
    ],
    [
      1.0282111232473414e-15,
      0.008999016826548585,
      -0.002866376651712164
    ],
    [
      -8.96803428912561e-16,
      -0.00899901682654856,
      -0.002866376651710898
    ]
  ],
  "nac": [
    [
      5.895562059726142e-16,
      1.432964818661715e-15,
      -0.25813425235561505
    ],
    [
      -5.167162892972503e-16,
      5.409514640657164e-15,
      -0.25813425235549
    ],
    [
      -2.2448053505947565e-15,
      0.005809687484460124,
      0.010118335745102468
    ],
    [
      2.7283165010226047e-15,
      -0.00580968748446649,
      0.010118335745111041
    ],
    [
      -2.562676533419991e-15,
      -0.005809687484455102,
      0.010118335745093913
    ],
    [
      2.1613379795932307e-15,
      0.005809687484459155,
      0.010118335745101042
    ]
  ],
  "ci_overlap_with_fci": [
    0.9999999999987088,
    1.0
  ],
  "ncas": 2,
  "ncore": 7,
  "nelec_act": 2,
  "runtime_s": 1.846820592880249
}