{
  "system": "ethylene_631g",
  "label": "ethylene / 6-31g / CAS(2,2) SA(2)",
  "bond_dim": 6,
  "e_states_fci": [
    -78.02581865251192,
    -77.63893761648364
  ],
  "e_states_dmrg": [
    -78.02581865251345,
    -77.6389376164837
  ],
  "e_dmrg_su2": [
    -78.02581865251345,
    -77.6389376164837,
    -77.45491287579281
  ],
  "root_assignment_dmrg_to_fci": [
    0,
    1
  ],
  "root_overlap_matrix": [
    [
      -0.9999999999987088,
      3.837721906836173e-15
    ],
    [
      -3.837702213180192e-15,
      -1.0
    ],
    [
      -1.6071583651668368e-06,
      -1.2253709062907974e-14
    ]
  ],
  "root_assigned_abs_overlaps": [
    0.9999999999987088,
    1.0
  ],
  "grad": [
    [
      -8.113261294301023e-17,
      -3.2401006987538978e-15,
      -0.015404999890360458
    ],
    [
      -1.0185085113934386e-16,
      4.694445140350565e-15,
      0.01540499989036638
    ],
    [
      -9.421146839498094e-16,
      0.008999016826542965,
      0.002866376651711364
    ],
    [
      9.93690453697388e-16,
      -0.008999016826546679,
      0.002866376651712738
    ],
    [
      1.0282111232470945e-15,
      0.008999016826547555,
      -0.0028663766517064895
    ],
    [
      -8.968034289122918e-16,
      -0.008999016826548915,
      -0.0028663766517075893
    ]
  ],
  "nac": [
    [
      5.895562059724517e-16,
      7.16423344963435e-16,
      -0.25813425235554566
    ],
    [
      -5.167162892971121e-16,
      1.2528501202033909e-14,
      -0.2581342523555513
    ],
    [
      -2.244805350594707e-15,
      0.0058096874844525545,
      0.01011833574509915
    ],
    [
      2.7283165010225124e-15,
      -0.005809687484464177,
      0.01011833574510403
    ],
    [
      -2.5626765334199036e-15,
      -0.005809687484461236,
      0.010118335745102217
    ],
    [
      2.1613379795931948e-15,
      0.005809687484457111,
      0.010118335745107957
    ]
  ],
  "ci_overlap_with_fci": [
    0.9999999999987088,
    1.0
  ],
  "ncas": 2,
  "ncore": 7,
  "nelec_act": 2,
  "runtime_s": 1.8427300453186035
}