{
  "system": "formaldehyde_321g",
  "label": "formaldehyde / 3-21g / CAS(4,4) SA(2)",
  "bond_dim": 3,
  "e_states_fci": [
    -113.27780648744684,
    -113.1138239322402
  ],
  "e_states_dmrg": [
    -113.20541489215965,
    -112.75936254075806
  ],
  "e_dmrg_su2": [
    -113.27780648744702,
    -113.1138239322406,
    -112.7981161299275,
    -112.70209934579118,
    -112.64863952288871,
    -112.50799661602116
  ],
  "root_assignment_dmrg_to_fci": [
    0,
    1
  ],
  "root_overlap_matrix": [
    [
      0.9449725981607244,
      -0.10380878920741138
    ],
    [
      0.3485562066307217,
      -0.26779260679882744
    ],
    [
      0.14940801496354714,
      -0.24275007550141747
    ],
    [
      0.6064383264792158,
      0.02958072535597523
    ],
    [
      0.00032041145662541244,
      0.24646910940472955
    ],
    [
      -0.05453978903051304,
      -0.043597146919466576
    ]
  ],
  "root_assigned_abs_overlaps": [
    0.9449725981607244,
    0.26779260679882744
  ],
  "grad": [
    [
      -1.4433225862923424e-08,
      -8.311649647426297e-09,
      0.05076790034878381
    ],
    [
      2.8982388105619207e-09,
      1.4209233933910936e-09,
      -0.04170940352171816
    ],
    [
      -0.03425529079959771,
      0.01656473561016627,
      -0.00452924500468152
    ],
    [
      0.03425530233458515,
      -0.016564728719440924,
      -0.004529251822375895
    ]
  ],
  "nac": [
    [
      1.6898595337665387e-06,
      9.436218926616514e-07,
      -0.6963150393008091
    ],
    [
      -1.1976133038268546e-06,
      -5.172145726103178e-07,
      0.4234387622751901
    ],
    [
      0.5009942727232694,
      -0.019424717605815,
      0.05758398861402202
    ],
    [
      -0.5009947632890653,
      0.01942429119849751,
      0.05758408059196428
    ]
  ],
  "ci_overlap_with_fci": [
    0.9449725981607244,
    0.26779260679882744
  ],
  "ncas": 4,
  "ncore": 6,
  "nelec_act": 4,
  "runtime_s": 4.165717124938965
}