{
  "system": "formaldehyde_631g",
  "label": "formaldehyde / 6-31g / CAS(4,4) SA(2)",
  "bond_dim": 200,
  "e_states_fci": [
    -113.86376521028019,
    -113.70382583749777
  ],
  "e_states_dmrg": [
    -113.86376521028026,
    -113.7038258374981
  ],
  "e_dmrg_su2": [
    -113.86376521028026,
    -113.7038258374981,
    -113.40121808450853,
    -113.28279408574161,
    -113.23413333652576,
    -113.10119340624415
  ],
  "root_assignment_dmrg_to_fci": [
    0,
    1
  ],
  "root_overlap_matrix": [
    [
      -0.9999999999999409,
      -6.9209561657141434e-15
    ],
    [
      5.117991125383214e-15,
      -0.9999999999998141
    ],
    [
      5.856240757295579e-09,
      -3.293011626943086e-07
    ],
    [
      1.5068510577939602e-09,
      3.609813576200751e-08
    ],
    [
      -2.5486903461419227e-08,
      6.100544374207849e-10
    ],
    [
      2.733975874331253e-09,
      -2.9369139602461267e-07
    ]
  ],
  "root_assigned_abs_overlaps": [
    0.9999999999999409,
    0.9999999999998141
  ],
  "grad": [
    [
      1.4727147105794972e-09,
      -5.754287928611347e-10,
      0.05371366522016528
    ],
    [
      -7.294381296908425e-10,
      4.1960177860236146e-10,
      -0.03888459862477632
    ],
    [
      7.889664274205581e-10,
      0.012421710032678099,
      -0.0074145333422410125
    ],
    [
      -1.5322430083085178e-09,
      -0.012421709876849903,
      -0.007414533253141257
    ]
  ],
  "nac": [
    [
      -2.1601077058129913e-08,
      6.232876568809819e-09,
      2.8314988579336356e-06
    ],
    [
      -1.348317149408634e-08,
      -4.733609218010647e-09,
      -1.8586498641321445e-06
    ],
    [
      -0.2909936930269039,
      7.270408858484789e-08,
      -4.3618880303239106e-07
    ],
    [
      0.2909937056285081,
      -5.101527046223318e-08,
      -4.215665008863053e-07
    ]
  ],
  "ci_overlap_with_fci": [
    0.9999999999999409,
    0.9999999999998141
  ],
  "ncas": 4,
  "ncore": 6,
  "nelec_act": 4,
  "runtime_s": 1.461167812347412
}