{
  "system": "formaldehyde_321g",
  "label": "formaldehyde / 3-21g / CAS(4,4) SA(2)",
  "bond_dim": 4,
  "e_states_fci": [
    -113.27780648744684,
    -113.1138239322402
  ],
  "e_states_dmrg": [
    -111.97351875320537,
    -113.11239539014586
  ],
  "e_dmrg_su2": [
    -113.27780648744707,
    -113.11382393224063,
    -112.79811612992754,
    -112.70209934579123,
    -112.64863952288873,
    -112.50799661602116
  ],
  "root_assignment_dmrg_to_fci": [
    0,
    1
  ],
  "root_overlap_matrix": [
    [
      -0.049322066352355434,
      8.021167297343022e-10
    ],
    [
      -4.033503340597465e-11,
      0.9995281188988255
    ],
    [
      -0.04932206635235384,
      2.483651497766569e-08
    ],
    [
      3.7249374398097326e-10,
      -0.005529187428650872
    ],
    [
      0.04932206635235544,
      6.184476846022373e-12
    ],
    [
      4.045829427062926e-11,
      -0.004484187694786522
    ]
  ],
  "root_assigned_abs_overlaps": [
    0.049322066352355434,
    0.9995281188988255
  ],
  "grad": [
    [
      5.489634654936063e-13,
      -6.180170966002349e-07,
      1.3277481219957643
    ],
    [
      -3.8133527350899924e-13,
      -2.7641326281296724e-07,
      -0.9077587311469202
    ],
    [
      7.437830461400576e-09,
      0.3213793089029997,
      -0.20999513909328882
    ],
    [
      -7.4379980895926794e-09,
      -0.32137841447263693,
      -0.20999425175561082
    ]
  ],
  "nac": [
    [
      -1.329113043693213e-07,
      1.7931026429907806e-08,
      0.013507546444823921
    ],
    [
      6.886434802694285e-08,
      -1.0760005823216283e-08,
      -0.04479196468515006
    ],
    [
      0.05104940035079985,
      -0.012925043150248663,
      0.01564221000836784
    ],
    [
      -0.051049271160343974,
      0.012925035979093665,
      0.015642209772915378
    ]
  ],
  "ci_overlap_with_fci": [
    0.049322066352355434,
    0.9995281188988255
  ],
  "ncas": 4,
  "ncore": 6,
  "nelec_act": 4,
  "runtime_s": 1.1975822448730469
}