{
  "system": "formaldehyde_321g",
  "label": "formaldehyde / 3-21g / CAS(4,4) SA(2)",
  "bond_dim": 20,
  "e_states_fci": [
    -113.27780648744684,
    -113.1138239322402
  ],
  "e_states_dmrg": [
    -113.27780648744707,
    -113.11382393224065
  ],
  "e_dmrg_su2": [
    -113.27780648744705,
    -113.11382393224066,
    -112.79811612992754,
    -112.70209934579118,
    -112.64863952288876,
    -112.50799661602117
  ],
  "root_assignment_dmrg_to_fci": [
    0,
    1
  ],
  "root_overlap_matrix": [
    [
      -0.9999999999998925,
      -4.215741348099938e-15
    ],
    [
      -4.182067482126659e-15,
      0.9999999999998017
    ],
    [
      3.3309991819280413e-07,
      -4.05403389560003e-12
    ],
    [
      7.08854822059771e-08,
      1.9872137568185432e-12
    ],
    [
      -2.984127458374073e-13,
      2.0370155843331388e-07
    ],
    [
      -3.4668560435793756e-08,
      -5.826088529566969e-12
    ]
  ],
  "root_assigned_abs_overlaps": [
    0.9999999999998925,
    0.9999999999998017
  ],
  "grad": [
    [
      -6.056734471763178e-16,
      7.951665119083336e-10,
      0.04515118908340155
    ],
    [
      1.7353660484915595e-15,
      -4.942518623209969e-10,
      -0.036649856625808455
    ],
    [
      2.0919973978067893e-14,
      0.013040856114685457,
      -0.004250666466501969
    ],
    [
      -2.2049666579376798e-14,
      -0.01304085641559969,
      -0.004250665991106368
    ]
  ],
  "nac": [
    [
      2.1781178878127933e-08,
      -9.24728391347592e-14,
      1.4570446848101128e-11
    ],
    [
      -1.5123272038254648e-08,
      1.7151400912108512e-13,
      -8.906454752163056e-12
    ],
    [
      0.29196522126866176,
      -2.660158682336779e-13,
      -2.3731918181104407e-12
    ],
    [
      -0.2919652184896535,
      1.964815718075149e-13,
      -2.524567912640116e-12
    ]
  ],
  "ci_overlap_with_fci": [
    0.9999999999998925,
    0.9999999999998017
  ],
  "ncas": 4,
  "ncore": 6,
  "nelec_act": 4,
  "runtime_s": 0.9865984916687012
}