{
  "system": "formaldehyde_631g",
  "label": "formaldehyde / 6-31g / CAS(4,4) SA(2)",
  "bond_dim": 20,
  "e_states_fci": [
    -113.86376521028019,
    -113.70382583749777
  ],
  "e_states_dmrg": [
    -113.86376521028026,
    -113.7038258374981
  ],
  "e_dmrg_su2": [
    -113.86376521028028,
    -113.7038258374981,
    -113.40121808450854,
    -113.2827940857416,
    -113.23413333652577,
    -113.10119340624416
  ],
  "root_assignment_dmrg_to_fci": [
    0,
    1
  ],
  "root_overlap_matrix": [
    [
      -0.999999999999941,
      6.876866350622704e-15
    ],
    [
      8.265821399648031e-15,
      0.9999999999998141
    ],
    [
      5.8562306164947155e-09,
      -3.2930116281834844e-07
    ],
    [
      -1.5068552405189491e-09,
      -3.609813726214356e-08
    ],
    [
      -2.5486899884936387e-08,
      6.100489946289882e-10
    ],
    [
      -2.7339758194930203e-09,
      2.9369139604352904e-07
    ]
  ],
  "root_assigned_abs_overlaps": [
    0.999999999999941,
    0.9999999999998141
  ],
  "grad": [
    [
      1.472714710558017e-09,
      -5.754276014927773e-10,
      0.05371366522020424
    ],
    [
      -7.294381296808634e-10,
      4.1960101110352494e-10,
      -0.03888459862481705
    ],
    [
      7.88967491194387e-10,
      0.01242171003267443,
      -0.007414533342240651
    ],
    [
      -1.5322440720709912e-09,
      -0.012421709876846203,
      -0.007414533253140862
    ]
  ],
  "nac": [
    [
      -2.1601075620587788e-08,
      6.2328779232565744e-09,
      2.8314986466022445e-06
    ],
    [
      -1.3483171814698416e-08,
      -4.733612406821718e-09,
      -1.8586497364307091e-06
    ],
    [
      -0.2909936930268933,
      7.270409314199449e-08,
      -4.361887795011566e-07
    ],
    [
      0.2909937056284968,
      -5.101526668952544e-08,
      -4.2156648984977406e-07
    ]
  ],
  "ci_overlap_with_fci": [
    0.999999999999941,
    0.9999999999998141
  ],
  "ncas": 4,
  "ncore": 6,
  "nelec_act": 4,
  "runtime_s": 1.45554780960083
}