{
  "system": "formaldehyde_321g",
  "label": "formaldehyde / 3-21g / CAS(4,4) SA(2)",
  "bond_dim": 8,
  "e_states_fci": [
    -113.27780648744684,
    -113.1138239322402
  ],
  "e_states_dmrg": [
    -113.27634004371315,
    -113.1094702554311
  ],
  "e_dmrg_su2": [
    -113.27780648744707,
    -113.11382393224066,
    -112.79811612992752,
    -112.70209934579118,
    -112.64863952288877,
    -112.5079966160212
  ],
  "root_assignment_dmrg_to_fci": [
    0,
    1
  ],
  "root_overlap_matrix": [
    [
      -0.9996338739219385,
      5.054334604520234e-13
    ],
    [
      6.612559274275719e-13,
      0.9984864141438026
    ],
    [
      -0.0010880474363806401,
      3.7541215422786634e-12
    ],
    [
      -0.0005109260260347207,
      -1.4639267772585146e-12
    ],
    [
      9.60084061620507e-14,
      0.0014345436314762978
    ],
    [
      -0.0020202624542421236,
      5.6165987997173016e-12
    ]
  ],
  "root_assigned_abs_overlaps": [
    0.9996338739219385,
    0.9984864141438026
  ],
  "grad": [
    [
      -1.1995237303388121e-16,
      -3.5697794493674466e-10,
      0.0444170817838873
    ],
    [
      1.178187309378227e-15,
      -3.9355863592870075e-10,
      -0.03581417719992218
    ],
    [
      -5.661017570475404e-14,
      0.012980894413623309,
      -0.004301452554422488
    ],
    [
      5.555194076841124e-14,
      -0.012980893663087039,
      -0.004301452029535123
    ]
  ],
  "nac": [
    [
      2.4282839843867557e-08,
      2.0480709414673373e-09,
      -0.00031057730634387613
    ],
    [
      -1.1909290514446052e-08,
      -1.4219016564993228e-09,
      -0.0010538032033397253
    ],
    [
      0.29729218701601384,
      -0.0004794833659179696,
      0.0006821910071956978
    ],
    [
      -0.2972921912985311,
      0.0004794827397683651,
      0.0006821895026521583
    ]
  ],
  "ci_overlap_with_fci": [
    0.9996338739219385,
    0.9984864141438025
  ],
  "ncas": 4,
  "ncore": 6,
  "nelec_act": 4,
  "runtime_s": 1.0724725723266602
}