{
  "system": "formaldehyde_631g",
  "label": "formaldehyde / 6-31g / CAS(4,4) SA(2)",
  "bond_dim": 3,
  "e_states_fci": [
    -113.86376521028019,
    -113.70382583749777
  ],
  "e_states_dmrg": [
    -112.70954291956023,
    -113.46286724008755
  ],
  "e_dmrg_su2": [
    -113.86376521028023,
    -113.70382583749812,
    -113.40121808450857,
    -113.28279408574163,
    -113.23413333652576,
    -113.10119340624418
  ],
  "root_assignment_dmrg_to_fci": [
    3,
    0
  ],
  "root_overlap_matrix": [
    [
      -2.8317137764343093e-06,
      0.7245400109633013
    ],
    [
      0.021137349757047223,
      -0.00019215209978825428
    ],
    [
      1.805466518390827e-05,
      0.7245398885915161
    ],
    [
      0.06266967168232282,
      1.541704213785321e-05
    ],
    [
      0.0001962218603794282,
      -0.724536543832401
    ],
    [
      -0.059831335350456774,
      0.0007906127686777547
    ]
  ],
  "root_assigned_abs_overlaps": [
    0.06266967168232282,
    0.7245400109633013
  ],
  "grad": [
    [
      2.568682780229598e-07,
      3.6069598383068625e-07,
      1.1033730090381457
    ],
    [
      -2.7754247128654505e-07,
      -3.2364009381940826e-07,
      -0.9351561594808668
    ],
    [
      9.395833856468738e-05,
      0.24320840573821945,
      -0.08410842128000773
    ],
    [
      -9.393766437142644e-05,
      -0.2432084427940988,
      -0.08410842827730403
    ]
  ],
  "nac": [
    [
      -1.0996475823815513e-08,
      -2.0217522149649535e-08,
      0.07450619291705317
    ],
    [
      5.603200718443401e-10,
      9.601802941104483e-09,
      -0.10696279524087023
    ],
    [
      0.02716124991547057,
      -0.017955155183326764,
      0.016280722975346804
    ],
    [
      -0.027161256727142053,
      0.017955158809115725,
      0.016280716871723458
    ]
  ],
  "ci_overlap_with_fci": [
    0.06266967168232282,
    0.7245400109633016
  ],
  "ncas": 4,
  "ncore": 6,
  "nelec_act": 4,
  "runtime_s": 4.652538537979126
}