{
  "system": "formaldehyde",
  "label": "formaldehyde / sto-3g / CAS(4,4) SA(2)",
  "bond_dim": 200,
  "e_states_fci": [
    -112.40760255762868,
    -112.25756058219058
  ],
  "e_states_dmrg": [
    -112.40760255762888,
    -112.25756058219076
  ],
  "e_dmrg_su2": [
    -112.40760255762888,
    -112.25756058219078,
    -111.83941562584042,
    -111.77907966932732,
    -111.75552584299615,
    -111.72784874772226
  ],
  "root_assignment_dmrg_to_fci": [
    0,
    1
  ],
  "root_overlap_matrix": [
    [
      0.999999999999874,
      -6.046729086968306e-15
    ],
    [
      5.8037491249944194e-15,
      0.9999999999998402
    ],
    [
      2.415478864713063e-07,
      -2.717946678094111e-13
    ],
    [
      -1.268045366782904e-07,
      1.4892630406742284e-14
    ],
    [
      4.51100395336152e-13,
      -2.5292701844782797e-07
    ],
    [
      7.452776897069611e-10,
      8.691882962259684e-14
    ]
  ],
  "root_assigned_abs_overlaps": [
    0.999999999999874,
    0.9999999999998402
  ],
  "grad": [
    [
      -9.676673201348994e-13,
      6.534594386085858e-12,
      0.09523949816710604
    ],
    [
      -1.3710486149360985e-12,
      4.1256522305114684e-12,
      -0.094395106394289
    ],
    [
      1.176324559992945e-12,
      0.005423077930416748,
      -0.00042219588408338527
    ],
    [
      1.1623913750790804e-12,
      -0.0054230779410767765,
      -0.0004221958887262009
    ]
  ],
  "nac": [
    [
      1.9163089911919617e-09,
      3.1692426957750263e-12,
      6.34885083358809e-13
    ],
    [
      -1.932723590822768e-09,
      -1.2119689551388765e-11,
      -6.522123674544173e-13
    ],
    [
      -0.2955557181473474,
      -1.1096698242330631e-11,
      3.098381419359413e-11
    ],
    [
      0.2955557181542864,
      -1.1290458119723385e-11,
      -3.112967927526685e-11
    ]
  ],
  "ci_overlap_with_fci": [
    0.999999999999874,
    0.9999999999998402
  ],
  "ncas": 4,
  "ncore": 6,
  "nelec_act": 4,
  "runtime_s": 0.6956894397735596
}