{
  "system": "formaldehyde_321g",
  "label": "formaldehyde / 3-21g / CAS(4,4) SA(2)",
  "bond_dim": 200,
  "e_states_fci": [
    -113.27780648744684,
    -113.1138239322402
  ],
  "e_states_dmrg": [
    -113.27780648744704,
    -113.11382393224065
  ],
  "e_dmrg_su2": [
    -113.27780648744705,
    -113.11382393224063,
    -112.79811612992751,
    -112.70209934579118,
    -112.64863952288874,
    -112.50799661602116
  ],
  "root_assignment_dmrg_to_fci": [
    0,
    1
  ],
  "root_overlap_matrix": [
    [
      -0.9999999999998926,
      5.397398365780514e-15
    ],
    [
      -5.345329901475459e-15,
      -0.9999999999998018
    ],
    [
      3.330999173891275e-07,
      -4.0468440422068435e-12
    ],
    [
      -7.08854790212783e-08,
      -1.9896597144424863e-12
    ],
    [
      2.989604746285906e-13,
      -2.0370156450532198e-07
    ],
    [
      -3.4668561079120884e-08,
      -5.825791673051038e-12
    ]
  ],
  "root_assigned_abs_overlaps": [
    0.9999999999998926,
    0.9999999999998018
  ],
  "grad": [
    [
      -6.05675246689767e-16,
      7.951674628791453e-10,
      0.0451511890833939
    ],
    [
      1.7353665361638817e-15,
      -4.942517965949294e-10,
      -0.03664985662580249
    ],
    [
      2.0231609338319332e-14,
      0.013040856114687022,
      -0.004250666466502552
    ],
    [
      -2.1361300627791074e-14,
      -0.013040856415603682,
      -0.004250665991105754
    ]
  ],
  "nac": [
    [
      2.1781174027288785e-08,
      -8.208980500997104e-14,
      1.4555841897863993e-11
    ],
    [
      -1.51232704522547e-08,
      1.7217959815977956e-13,
      -8.891700694747195e-12
    ],
    [
      0.29196522126871927,
      -2.9058194876154954e-13,
      -2.3653281567686947e-12
    ],
    [
      -0.2919652184897054,
      2.0344468651346403e-13,
      -2.5167042475724e-12
    ]
  ],
  "ci_overlap_with_fci": [
    0.9999999999998926,
    0.9999999999998018
  ],
  "ncas": 4,
  "ncore": 6,
  "nelec_act": 4,
  "runtime_s": 0.9805011749267578
}