{
  "system": "formaldehyde_631g",
  "label": "formaldehyde / 6-31g / CAS(4,4) SA(2)",
  "bond_dim": 4,
  "e_states_fci": [
    -113.86376521028019,
    -113.70382583749777
  ],
  "e_states_dmrg": [
    -113.80338463955269,
    -113.70117787301069
  ],
  "e_dmrg_su2": [
    -113.86376521028029,
    -113.70382583749816,
    -113.40121808450851,
    -113.28279408574164,
    -113.23413333652582,
    -113.10119340624419
  ],
  "root_assignment_dmrg_to_fci": [
    0,
    1
  ],
  "root_overlap_matrix": [
    [
      0.969929831070694,
      -1.8471361537253842e-06
    ],
    [
      2.333406648173526e-06,
      0.9989770782211945
    ],
    [
      -0.5474114576432018,
      1.2188391859319532e-05
    ],
    [
      -0.057617038663723266,
      1.0430144343401473e-06
    ],
    [
      1.0671521978230033e-06,
      -0.012535349988297199
    ],
    [
      0.7851205431050737,
      3.268204710922584e-06
    ]
  ],
  "root_assigned_abs_overlaps": [
    0.969929831070694,
    0.9989770782211945
  ],
  "grad": [
    [
      1.6738506947429125e-09,
      6.823423747696535e-08,
      -0.055962225914388625
    ],
    [
      -3.3536280015076975e-09,
      -4.3470253008868894e-08,
      0.030783121976500974
    ],
    [
      9.228910473152197e-06,
      0.00859273945805128,
      0.01258956359655063
    ],
    [
      -9.227230695845687e-06,
      -0.008592764222036652,
      0.012589540341335928
    ]
  ],
  "nac": [
    [
      -9.913345140940907e-09,
      3.338401121069137e-07,
      -0.3284785624546887
    ],
    [
      -3.370985335558089e-08,
      -1.866985234681894e-07,
      0.13652212270969633
    ],
    [
      -0.32712054873155727,
      -0.01725617262287108,
      0.09597906908958924
    ],
    [
      0.3271205686601098,
      0.017256050585992694,
      0.0959789443495057
    ]
  ],
  "ci_overlap_with_fci": [
    0.969929831070694,
    0.9989770782211945
  ],
  "ncas": 4,
  "ncore": 6,
  "nelec_act": 4,
  "runtime_s": 1.717738151550293
}