{
  "system": "formaldehyde_631g",
  "label": "formaldehyde / 6-31g / CAS(4,4) SA(2)",
  "bond_dim": 6,
  "e_states_fci": [
    -113.86376521028019,
    -113.70382583749777
  ],
  "e_states_dmrg": [
    -113.84276514701014,
    -113.70124128873702
  ],
  "e_dmrg_su2": [
    -113.86376521028023,
    -113.70382583749813,
    -113.40121808450856,
    -113.2827940857416,
    -113.2341333365258,
    -113.10119340624416
  ],
  "root_assignment_dmrg_to_fci": [
    0,
    1
  ],
  "root_overlap_matrix": [
    [
      -0.994604344296824,
      9.074741408647005e-07
    ],
    [
      5.717867206295443e-07,
      0.9987761289857209
    ],
    [
      -0.001136786913365637,
      -1.3772678347115687e-07
    ],
    [
      0.004395141330862204,
      5.115749946728582e-07
    ],
    [
      1.599352117078317e-07,
      -0.010302307143681305
    ],
    [
      0.020135213701281615,
      3.6180255966269787e-07
    ]
  ],
  "root_assigned_abs_overlaps": [
    0.994604344296824,
    0.9987761289857209
  ],
  "grad": [
    [
      -2.7965585060094986e-09,
      9.258362541273922e-08,
      -0.0006622755050841173
    ],
    [
      -7.526896442277001e-10,
      -4.071587451443241e-08,
      -0.02066078068869499
    ],
    [
      2.0494762325931578e-05,
      0.022072140080500756,
      0.010661548117413332
    ],
    [
      -2.049121307778176e-05,
      -0.02207219194825181,
      0.01066150807635537
    ]
  ],
  "nac": [
    [
      -3.7185548023609714e-08,
      3.179782255268881e-07,
      -0.14373616215799864
    ],
    [
      -5.284553230352826e-09,
      -1.090079001217495e-07,
      0.02889765562866877
    ],
    [
      -0.2366113464171788,
      0.04472040347094898,
      0.057419413187775915
    ],
    [
      0.23661136660904492,
      -0.04472058973229343,
      0.05741924421217508
    ]
  ],
  "ci_overlap_with_fci": [
    0.994604344296824,
    0.9987761289857209
  ],
  "ncas": 4,
  "ncore": 6,
  "nelec_act": 4,
  "runtime_s": 4.655901193618774
}