{
  "system": "formaldehyde_321g",
  "label": "formaldehyde / 3-21g / CAS(4,4) SA(2)",
  "bond_dim": 6,
  "e_states_fci": [
    -113.27780648744684,
    -113.1138239322402
  ],
  "e_states_dmrg": [
    -113.25743799949947,
    -113.11122434446095
  ],
  "e_dmrg_su2": [
    -113.27780648744705,
    -113.11382393224068,
    -112.79811612992752,
    -112.7020993457912,
    -112.64863952288874,
    -112.50799661602119
  ],
  "root_assignment_dmrg_to_fci": [
    0,
    1
  ],
  "root_overlap_matrix": [
    [
      -0.9947996590184753,
      2.350776185681049e-12
    ],
    [
      -5.357343584019618e-12,
      -0.9991744044846156
    ],
    [
      -0.006466818020963559,
      1.2585229478634801e-11
    ],
    [
      0.00042299259367429773,
      1.1338501398908247e-12
    ],
    [
      -1.4618476468722257e-12,
      0.002734767346393413
    ],
    [
      0.0023634935509207846,
      7.029394842709792e-12
    ]
  ],
  "root_assigned_abs_overlaps": [
    0.9947996590184753,
    0.9991744044846156
  ],
  "grad": [
    [
      -1.130075953670492e-15,
      -4.200373651169757e-08,
      0.09971807834496657
    ],
    [
      1.079112441235819e-15,
      -2.43911005074936e-08,
      -0.05582273563356402
    ],
    [
      2.0962916303141158e-11,
      0.033416379572088796,
      -0.021947639524312106
    ],
    [
      -2.09628653396291e-11,
      -0.03341631317725224,
      -0.021947703187096115
    ]
  ],
  "nac": [
    [
      -3.459297546685893e-08,
      -2.973047339206325e-08,
      0.11187754641481025
    ],
    [
      -3.440449910083521e-08,
      -1.3491424118736901e-08,
      -0.032611883742838445
    ],
    [
      0.18102798193164024,
      0.062293819799662135,
      -0.03963282612566835
    ],
    [
      -0.18102790299803684,
      -0.062293776577749004,
      -0.039632836533567486
    ]
  ],
  "ci_overlap_with_fci": [
    0.9947996590184753,
    0.9991744044846156
  ],
  "ncas": 4,
  "ncore": 6,
  "nelec_act": 4,
  "runtime_s": 2.524876594543457
}