{
  "system": "formaldehyde_321g",
  "label": "formaldehyde / 3-21g / CAS(4,4) SA(2)",
  "bond_dim": 5,
  "e_states_fci": [
    -113.27780648744684,
    -113.1138239322402
  ],
  "e_states_dmrg": [
    -113.15648351108638,
    -113.11122392814629
  ],
  "e_dmrg_su2": [
    -113.27780648744705,
    -113.1138239322406,
    -112.79811612992748,
    -112.70209934579117,
    -112.64863952288876,
    -112.50799661602116
  ],
  "root_assignment_dmrg_to_fci": [
    0,
    1
  ],
  "root_overlap_matrix": [
    [
      -0.9215300601346292,
      7.734797817019084e-11
    ],
    [
      -5.5918256110023417e-11,
      0.9991748769958829
    ],
    [
      0.0655028490384878,
      3.408323472556157e-11
    ],
    [
      4.1178267513571953e-10,
      -0.0025897930426752036
    ],
    [
      -0.7878222125106833,
      -3.542904118589615e-10
    ],
    [
      -0.02465451774110946,
      -1.5210198863360532e-11
    ]
  ],
  "root_assigned_abs_overlaps": [
    0.9215300601346292,
    0.9991748769958829
  ],
  "grad": [
    [
      -4.6139738386342195e-14,
      1.1736745104759792e-07,
      -0.13670487631200579
    ],
    [
      1.0269290199610718e-14,
      1.4861519038577879e-07,
      0.12115870368818649
    ],
    [
      5.031701909585474e-11,
      0.006300890034260126,
      0.007773232871451735
    ],
    [
      -5.028114864766868e-11,
      -0.006301156016899803,
      0.007772939752370395
    ]
  ],
  "nac": [
    [
      -2.4298483262156223e-08,
      -2.2339464638821406e-07,
      -3.9768177450525464
    ],
    [
      -7.18869428363784e-08,
      6.624285439188889e-07,
      3.7429609494571454
    ],
    [
      0.885219587649634,
      -0.0649986840306216,
      0.11692860312015971
    ],
    [
      -0.8852194806471965,
      0.06499824499664465,
      0.11692819258343944
    ]
  ],
  "ci_overlap_with_fci": [
    0.9215300601346292,
    0.999174876995883
  ],
  "ncas": 4,
  "ncore": 6,
  "nelec_act": 4,
  "runtime_s": 1.162928819656372
}