{
  "system": "formaldehyde",
  "label": "formaldehyde / sto-3g / CAS(4,4) SA(2)",
  "bond_dim": 4,
  "e_states_fci": [
    -112.40760255762868,
    -112.25756058219058
  ],
  "e_states_dmrg": [
    -111.82920151894432,
    -111.6317742612835
  ],
  "e_dmrg_su2": [
    -112.40760255762889,
    -112.25756058219076,
    -111.83941562584037,
    -111.7790796693273,
    -111.75552584299616,
    -111.5682441870744
  ],
  "root_assignment_dmrg_to_fci": [
    3,
    1
  ],
  "root_overlap_matrix": [
    [
      -0.07742198439276227,
      7.754770255965947e-11
    ],
    [
      -0.017037685508106346,
      1.3421745810201993e-10
    ],
    [
      0.085863977550345,
      -1.2588781547282466e-10
    ],
    [
      0.09239071230868787,
      -1.001256399175566e-10
    ],
    [
      7.242339357994154e-13,
      -1.1876030450801373e-10
    ],
    [
      -1.4798730780443972e-09,
      -8.423216074588082e-14
    ]
  ],
  "root_assigned_abs_overlaps": [
    0.09239071230868787,
    1.3421745810201993e-10
  ],
  "grad": [
    [
      0.11524273471959683,
      -2.606125279708087e-05,
      1.602216405874593
    ],
    [
      -0.03589178520661825,
      3.0370422091011254e-05,
      -1.270642634876805
    ],
    [
      -0.039715303726962824,
      0.14589705411854242,
      -0.1657801498832424
    ],
    [
      -0.0396356457860176,
      -0.1459013632878403,
      -0.16579362111455132
    ]
  ],
  "nac": [
    [
      0.5558195790148157,
      2.490288245291392e-05,
      -0.45937001666904753
    ],
    [
      -0.41297046564975926,
      -5.1568600671653115e-05,
      1.1668829974089068
    ],
    [
      -0.0835779492055082,
      0.24001666334831745,
      -0.35102464967579367
    ],
    [
      -0.08353214358756086,
      -0.24001018654745954,
      -0.35106160521207025
    ]
  ],
  "ci_overlap_with_fci": [
    0.09239071230868787,
    1.3421745810201993e-10
  ],
  "ncas": 4,
  "ncore": 6,
  "nelec_act": 4,
  "runtime_s": 3.7498769760131836
}