{
  "system": "formaldehyde_631g",
  "label": "formaldehyde / 6-31g / CAS(4,4) SA(2)",
  "bond_dim": 2,
  "e_states_fci": [
    -113.86376521028019,
    -113.70382583749777
  ],
  "e_states_dmrg": [
    -113.14661334852512,
    -113.65859996241892
  ],
  "e_dmrg_su2": [
    -113.7011273711392,
    -113.35074883119098,
    -113.27991476555154,
    -113.2113278812638,
    -113.0811460177104
  ],
  "root_assignment_dmrg_to_fci": [
    1,
    0
  ],
  "root_overlap_matrix": [
    [
      1.1119720020434244e-06,
      0.9582642258255506
    ],
    [
      -2.9989252814209046e-06,
      -0.6103117953382532
    ],
    [
      -2.974617169425977e-06,
      0.002367891022575667
    ],
    [
      5.46593062036487e-08,
      0.9040315962258606
    ],
    [
      1.2816862900114972e-06,
      0.9565324586870679
    ],
    [
      -2.9649681673190238e-06,
      0.010588691602220177
    ]
  ],
  "root_assigned_abs_overlaps": [
    2.9989252814209046e-06,
    0.9582642258255506
  ],
  "grad": [
    [
      1.0773419186700188e-08,
      1.161781134360335e-05,
      0.0080211355881874
    ],
    [
      -1.0048137840653882e-08,
      -7.070596148992785e-06,
      -0.12961129736511512
    ],
    [
      -1.0833322925729222e-06,
      0.039366555831796726,
      0.06079262344372015
    ],
    [
      1.0826070112268983e-06,
      -0.039371103046997105,
      0.06079753833321219
    ]
  ],
  "nac": [
    [
      -0.0002606401100197095,
      -0.40249431437017397,
      -0.11311855331829639
    ],
    [
      0.00013658195100063258,
      0.24524865849948851,
      -0.050468100530749134
    ],
    [
      -0.0001832677234348071,
      0.01775336907177617,
      0.16739953837271443
    ],
    [
      0.000307325882156573,
      0.1394922867988404,
      -0.003812884531838616
    ]
  ],
  "ci_overlap_with_fci": [
    2.9989252814209046e-06,
    0.9582642258255506
  ],
  "ncas": 4,
  "ncore": 6,
  "nelec_act": 4,
  "runtime_s": 4.602339506149292
}