{
  "system": "formaldehyde_631g",
  "label": "formaldehyde / 6-31g / CAS(4,4) SA(2)",
  "bond_dim": 5,
  "e_states_fci": [
    -113.86376521028019,
    -113.70382583749777
  ],
  "e_states_dmrg": [
    -113.83965690352822,
    -113.70117787300656
  ],
  "e_dmrg_su2": [
    -113.86376521028025,
    -113.70382583749809,
    -113.4012180845085,
    -113.28279408574159,
    -113.23413333652579,
    -113.10119340624415
  ],
  "root_assignment_dmrg_to_fci": [
    0,
    1
  ],
  "root_overlap_matrix": [
    [
      0.991222759011982,
      -8.035532518316616e-09
    ],
    [
      1.7388564288402483e-07,
      0.998977078223131
    ],
    [
      -0.26390714110120056,
      1.0639813616175457e-05
    ],
    [
      0.007990205388444444,
      -1.1821126528272783e-06
    ],
    [
      -9.562952027298074e-07,
      0.012535349975632975
    ],
    [
      0.03972518413323825,
      -3.576526473241713e-07
    ]
  ],
  "root_assigned_abs_overlaps": [
    0.991222759011982,
    0.998977078223131
  ],
  "grad": [
    [
      1.4428825937972843e-09,
      7.438440411823028e-08,
      -0.05986760936726446
    ],
    [
      -1.7538746823969234e-09,
      -5.339601564777358e-08,
      0.021791522754000925
    ],
    [
      6.435727135395719e-06,
      0.005298723554109659,
      0.019038051956526955
    ],
    [
      -6.435416143307333e-06,
      -0.005298744542500233,
      0.019038034656744494
    ]
  ],
  "nac": [
    [
      -8.966906236978113e-09,
      2.7600733639425283e-07,
      -0.3825312682773743
    ],
    [
      -3.1353488843865216e-08,
      -1.6782982215058428e-07,
      0.20013188908704982
    ],
    [
      -0.296063562202976,
      -0.022676076439468194,
      0.09120057193994852
    ],
    [
      0.29606357942661204,
      0.022675992124660642,
      0.09120047382206174
    ]
  ],
  "ci_overlap_with_fci": [
    0.991222759011982,
    0.998977078223131
  ],
  "ncas": 4,
  "ncore": 6,
  "nelec_act": 4,
  "runtime_s": 4.666231155395508
}