{
  "system": "formaldehyde",
  "label": "formaldehyde / sto-3g / CAS(4,4) SA(2)",
  "bond_dim": 2,
  "e_states_fci": [
    -112.40760255762868,
    -112.25756058219058
  ],
  "e_states_dmrg": [
    -111.83617877215612,
    -111.81659472246665
  ],
  "e_dmrg_su2": [
    -112.35407252320154,
    -112.2569188819988,
    -111.83473159403582,
    -111.7718437836232,
    -111.75152714529564,
    -111.70092528937963
  ],
  "root_assignment_dmrg_to_fci": [
    1,
    0
  ],
  "root_overlap_matrix": [
    [
      0.026837022662496185,
      0.00017700606265744906
    ],
    [
      0.04484753190749803,
      0.0001479981673127613
    ],
    [
      0.01951324902612671,
      -9.686018330937155e-05
    ],
    [
      0.009963541625505468,
      0.0001646509163150623
    ],
    [
      0.01825234549931887,
      -0.00010096532792316398
    ],
    [
      -0.03561622212003918,
      3.052962785379606e-05
    ]
  ],
  "root_assigned_abs_overlaps": [
    0.04484753190749803,
    0.00017700606265744906
  ],
  "grad": [
    [
      -2.4496295316812435e-10,
      9.636273573148548e-10,
      0.28223985472692786
    ],
    [
      3.043291152999743e-10,
      -1.681831499935445e-09,
      -0.23249184605784837
    ],
    [
      3.2611244300649084e-05,
      0.023067874381482195,
      -0.02487400307421497
    ],
    [
      -3.261130366681103e-05,
      -0.023067873663279052,
      -0.024874005594859517
    ]
  ],
  "nac": [
    [
      -3.7528744051822395e-06,
      7.470476332970681e-08,
      16.54939531324767
    ],
    [
      4.996592822415373e-06,
      -1.2063857846884807e-07,
      -5.946656991950003
    ],
    [
      -0.004257281487141761,
      2.735081066181548,
      -5.301369084187788
    ],
    [
      0.00425603776872595,
      -2.735081020247768,
      -5.301369236552148
    ]
  ],
  "ci_overlap_with_fci": [
    0.04484753190749803,
    0.00017700606265744906
  ],
  "ncas": 4,
  "ncore": 6,
  "nelec_act": 4,
  "runtime_s": 3.7138829231262207
}