{
  "system": "formaldehyde",
  "label": "formaldehyde / sto-3g / CAS(4,4) SA(2)",
  "bond_dim": 20,
  "e_states_fci": [
    -112.40760255762868,
    -112.25756058219058
  ],
  "e_states_dmrg": [
    -112.40760255762888,
    -112.25756058219076
  ],
  "e_dmrg_su2": [
    -112.40760255762888,
    -112.25756058219076,
    -111.83941562584042,
    -111.77907966932732,
    -111.75552584299616,
    -111.72784874772226
  ],
  "root_assignment_dmrg_to_fci": [
    0,
    1
  ],
  "root_overlap_matrix": [
    [
      -0.9999999999998739,
      -2.4116687695983728e-14
    ],
    [
      2.3040807175252703e-14,
      -0.9999999999998403
    ],
    [
      -2.415478876109241e-07,
      2.68205786605282e-13
    ],
    [
      -1.2680454179745995e-07,
      2.056679402240617e-14
    ],
    [
      4.475938935238809e-13,
      -2.5292702047709323e-07
    ],
    [
      7.45279390124503e-10,
      8.674933221061125e-14
    ]
  ],
  "root_assigned_abs_overlaps": [
    0.9999999999998739,
    0.9999999999998403
  ],
  "grad": [
    [
      -2.027198745131627e-13,
      8.482936747564111e-12,
      0.09523949816710517
    ],
    [
      -1.5164823530981583e-12,
      3.267591030836974e-12,
      -0.09439510639429387
    ],
    [
      8.641278412764247e-13,
      0.005423077929870336,
      -0.000422195883693808
    ],
    [
      8.55074386333145e-13,
      -0.0054230779416236646,
      -0.00042219588911599154
    ]
  ],
  "nac": [
    [
      6.839994966885404e-10,
      -5.852648721474766e-10,
      6.896221634279962e-13
    ],
    [
      -6.814735463491596e-10,
      6.243458256881618e-10,
      -6.841683197558315e-13
    ],
    [
      -0.2955557181431374,
      -1.4862863007975885e-11,
      9.556064116350342e-11
    ],
    [
      0.29555571815849385,
      -1.5058390279158486e-11,
      -9.571572176535468e-11
    ]
  ],
  "ci_overlap_with_fci": [
    0.9999999999998739,
    0.9999999999998403
  ],
  "ncas": 4,
  "ncore": 6,
  "nelec_act": 4,
  "runtime_s": 0.7094194889068604
}