{
  "system": "formaldehyde",
  "label": "formaldehyde / sto-3g / CAS(4,4) SA(2)",
  "bond_dim": 12,
  "e_states_fci": [
    -112.40760255762868,
    -112.25756058219058
  ],
  "e_states_dmrg": [
    -112.40760220123515,
    -112.25713153006686
  ],
  "e_dmrg_su2": [
    -112.40760255762888,
    -112.25756058219076,
    -111.83941562584039,
    -111.77907966932732,
    -111.75552584299614,
    -111.72784874772223
  ],
  "root_assignment_dmrg_to_fci": [
    0,
    1
  ],
  "root_overlap_matrix": [
    [
      -0.9999998908044467,
      -2.2057999044163163e-14
    ],
    [
      -4.881822236297021e-15,
      0.9998504762553915
    ],
    [
      1.2645745977239447e-06,
      3.3163397896260927e-13
    ],
    [
      -2.2160137836729213e-06,
      2.4772651710704332e-14
    ],
    [
      4.4438456047029076e-13,
      0.00010537828585094347
    ],
    [
      7.454392380191974e-10,
      -2.5004869447879522e-11
    ]
  ],
  "root_assigned_abs_overlaps": [
    0.9999998908044467,
    0.9998504762553915
  ],
  "grad": [
    [
      5.922187791822321e-11,
      8.021782727159356e-11,
      0.0952530006116952
    ],
    [
      -4.018570649082249e-11,
      -2.3767732432588288e-11,
      -0.09441281788789971
    ],
    [
      -9.510007755398046e-12,
      0.005421714746921657,
      -0.0004200913383954961
    ],
    [
      -9.526163672007094e-12,
      -0.005421714803373098,
      -0.0004200913854011056
    ]
  ],
  "nac": [
    [
      3.6191822469902394e-08,
      4.118536334899747e-09,
      -6.0114322635511326e-05
    ],
    [
      -2.7272242278301468e-08,
      -4.1986951495901855e-09,
      6.862253178558141e-05
    ],
    [
      -0.2951640871298193,
      -9.910783584261996e-07,
      -4.254234292802245e-06
    ],
    [
      0.29516407921162896,
      9.908185212218488e-07,
      -4.253975031799606e-06
    ]
  ],
  "ci_overlap_with_fci": [
    0.9999998908044467,
    0.9998504762553915
  ],
  "ncas": 4,
  "ncore": 6,
  "nelec_act": 4,
  "runtime_s": 0.6946518421173096
}