{
  "system": "formaldehyde_321g",
  "label": "formaldehyde / 3-21g / CAS(4,4) SA(2)",
  "bond_dim": 2,
  "e_states_fci": [
    -113.27780648744684,
    -113.1138239322402
  ],
  "e_states_dmrg": [
    -112.05412077590012,
    -113.06958040915113
  ],
  "e_dmrg_su2": [
    -113.1112395796702,
    -112.74935986589685,
    -112.69785410354321,
    -112.62909670435505,
    -112.49443709747455
  ],
  "root_assignment_dmrg_to_fci": [
    2,
    0
  ],
  "root_overlap_matrix": [
    [
      2.3398489508159246e-12,
      0.9584685825320484
    ],
    [
      4.938245412686415e-12,
      0.8024689642149911
    ],
    [
      -5.4627118397639555e-12,
      0.0023184785667433455
    ],
    [
      -1.8580795317367288e-12,
      -0.9550698648768592
    ],
    [
      -2.588859871258166e-12,
      -0.9573455705785537
    ],
    [
      -5.447754208640105e-12,
      0.008400449503554619
    ]
  ],
  "root_assigned_abs_overlaps": [
    5.4627118397639555e-12,
    0.9584685825320484
  ],
  "grad": [
    [
      -9.388485566749016e-14,
      -2.577484768134821e-07,
      0.005181478429409081
    ],
    [
      6.32028987987437e-14,
      1.5786974059442076e-07,
      -0.3288746000150775
    ],
    [
      -2.1098435925317003e-09,
      0.09082261202814969,
      0.16184662741561595
    ],
    [
      2.1098742744885877e-09,
      -0.09082251214941034,
      0.16184649417003882
    ]
  ],
  "nac": [
    [
      7.160674468585959e-15,
      -2.704548959737952e-09,
      0.009306123193634578
    ],
    [
      -1.343298392105861e-15,
      1.996885141200037e-09,
      -0.01224776334726895
    ],
    [
      -6.39690999029675e-11,
      0.003723797158328004,
      0.0014708210810659038
    ],
    [
      6.396328370227685e-11,
      -0.0037237964506641862,
      0.0014708190725663062
    ]
  ],
  "ci_overlap_with_fci": [
    5.4627118397639555e-12,
    0.9584685825320484
  ],
  "ncas": 4,
  "ncore": 6,
  "nelec_act": 4,
  "runtime_s": 1.057309627532959
}