{
  "system": "formaldehyde_321g",
  "label": "formaldehyde / 3-21g / CAS(4,4) SA(2)",
  "bond_dim": 12,
  "e_states_fci": [
    -113.27780648744684,
    -113.1138239322402
  ],
  "e_states_dmrg": [
    -113.27755573162688,
    -113.11370290046156
  ],
  "e_dmrg_su2": [
    -113.27780648744702,
    -113.11382393224063,
    -112.7981161299275,
    -112.70209934579117,
    -112.64863952288873,
    -112.50799661602115
  ],
  "root_assignment_dmrg_to_fci": [
    0,
    1
  ],
  "root_overlap_matrix": [
    [
      0.999953865658491,
      -2.9708409654562836e-14
    ],
    [
      1.0506696523144053e-14,
      0.9999676657546255
    ],
    [
      1.0077871944500134e-05,
      4.069220403769318e-12
    ],
    [
      -1.969649694204475e-05,
      -1.988289720590112e-12
    ],
    [
      -2.7565126349288277e-13,
      -7.622420317664278e-05
    ],
    [
      5.0933241984093755e-05,
      5.909199081885319e-12
    ]
  ],
  "root_assigned_abs_overlaps": [
    0.999953865658491,
    0.9999676657546255
  ],
  "grad": [
    [
      -7.499739268311583e-16,
      8.774025608363542e-10,
      0.0452828353130687
    ],
    [
      1.7680774925188445e-15,
      -5.837046304033499e-10,
      -0.036684867551445795
    ],
    [
      -2.887221471331562e-14,
      0.013054328629119365,
      -0.004298984078167745
    ],
    [
      2.7854111147633287e-14,
      -0.013054328922816612,
      -0.004298983683447962
    ]
  ],
  "nac": [
    [
      2.0139834871022724e-08,
      3.930413129434145e-10,
      0.00019939089770215656
    ],
    [
      -1.5121776784271872e-08,
      -2.4947533988498625e-10,
      -0.00026560056913395167
    ],
    [
      0.29092916646720846,
      2.0623377126124544e-05,
      3.310490238739084e-05
    ],
    [
      -0.2909291618969788,
      -2.062352067864978e-05,
      3.310476992951234e-05
    ]
  ],
  "ci_overlap_with_fci": [
    0.999953865658491,
    0.9999676657546255
  ],
  "ncas": 4,
  "ncore": 6,
  "nelec_act": 4,
  "runtime_s": 1.026045560836792
}