{
  "system": "formaldehyde_631g",
  "label": "formaldehyde / 6-31g / CAS(4,4) SA(2)",
  "bond_dim": 8,
  "e_states_fci": [
    -113.86376521028019,
    -113.70382583749777
  ],
  "e_states_dmrg": [
    -113.86202583621083,
    -113.69957560323
  ],
  "e_dmrg_su2": [
    -113.86376521028029,
    -113.70382583749812,
    -113.40121808450851,
    -113.28279408574163,
    -113.23413333652574,
    -113.10119340624418
  ],
  "root_assignment_dmrg_to_fci": [
    0,
    1
  ],
  "root_overlap_matrix": [
    [
      -0.9994853008257857,
      5.1966634558496336e-08
    ],
    [
      2.3002405405583083e-07,
      0.9983278448204915
    ],
    [
      -0.0012126801727405398,
      1.5215853111962466e-07
    ],
    [
      0.0005694329971690299,
      -1.9887310022485662e-07
    ],
    [
      5.5466471413701734e-08,
      -0.00199617400082927
    ],
    [
      -0.0019516554389361418,
      1.6210681512825503e-07
    ]
  ],
  "root_assigned_abs_overlaps": [
    0.9994853008257857,
    0.9983278448204915
  ],
  "grad": [
    [
      0.0007085982886193348,
      -0.002153957365907456,
      0.05195448085737166
    ],
    [
      3.368697974717176e-05,
      0.002091711767426342,
      -0.031524249365929735
    ],
    [
      0.14800592946951044,
      0.017674331391408223,
      -0.009797939259902251
    ],
    [
      -0.14874821473787853,
      -0.01761208579292628,
      -0.010632292231542252
    ]
  ],
  "nac": [
    [
      -7.899264552092044e-08,
      -1.3069057699390456e-09,
      0.001638859205167812
    ],
    [
      -1.4743222053692513e-08,
      7.664546887157269e-10,
      -0.002606973965330409
    ],
    [
      -0.297788693226139,
      -0.00026677498779466925,
      0.00048405199308160994
    ],
    [
      0.2977887647624404,
      0.0002667989960602786,
      0.00048406625305793546
    ]
  ],
  "ci_overlap_with_fci": [
    0.9994853008257859,
    0.9983278448204915
  ],
  "ncas": 4,
  "ncore": 6,
  "nelec_act": 4,
  "runtime_s": 4.680422067642212
}