{
  "system": "formaldehyde",
  "label": "formaldehyde / sto-3g / CAS(4,4) SA(2)",
  "bond_dim": 3,
  "e_states_fci": [
    -112.40760255762868,
    -112.25756058219058
  ],
  "e_states_dmrg": [
    -111.31527972628001,
    -111.2768928332095
  ],
  "e_dmrg_su2": [
    -112.40760255762889,
    -112.25756058219079,
    -111.8394156258404,
    -111.77907966932732,
    -111.75552584299614,
    -111.56824418707443
  ],
  "root_assignment_dmrg_to_fci": [
    3,
    1
  ],
  "root_overlap_matrix": [
    [
      -1.274572242339055e-09,
      -4.2681749122605663e-13
    ],
    [
      4.1473473019574407e-13,
      -7.197831804953049e-10
    ],
    [
      1.2745723544629703e-09,
      5.268814473067776e-14
    ],
    [
      -1.2745724294508362e-09,
      -8.423215076274581e-14
    ],
    [
      1.92128186284694e-13,
      -7.194382218134148e-10
    ],
    [
      -5.69233867575243e-13,
      -3.816609397673627e-10
    ]
  ],
  "root_assigned_abs_overlaps": [
    1.2745724294508362e-09,
    7.197831804953049e-10
  ],
  "grad": [
    [
      -2.6292945791866884e-11,
      -8.084941694398078e-08,
      -1.00839041287884
    ],
    [
      2.206719226922583e-11,
      -2.7522069248453887e-08,
      0.1839349279414173
    ],
    [
      -6.069535778401501e-05,
      -0.23331059105387197,
      0.4122276692781127
    ],
    [
      6.0695362009768964e-05,
      0.23331069942536453,
      0.41222781565931355
    ]
  ],
  "nac": [
    [
      5.226336556446612e-07,
      -5.184139621704746e-07,
      -10.205424309525265
    ],
    [
      -4.795141820051631e-07,
      -1.5318913134935205e-07,
      7.463187536989165
    ],
    [
      3.8286022483348776,
      -0.9321000551984329,
      1.3711178563677762
    ],
    [
      -3.828602291434458,
      0.9321007268031741,
      1.3711189161683979
    ]
  ],
  "ci_overlap_with_fci": [
    1.2745724294508362e-09,
    7.197831804953049e-10
  ],
  "ncas": 4,
  "ncore": 6,
  "nelec_act": 4,
  "runtime_s": 2.3968021869659424
}