{
  "system": "formaldehyde",
  "label": "formaldehyde / sto-3g / CAS(4,4) SA(2)",
  "bond_dim": 6,
  "e_states_fci": [
    -112.40760255762868,
    -112.25756058219058
  ],
  "e_states_dmrg": [
    -112.40657852492804,
    -112.25691878989223
  ],
  "e_dmrg_su2": [
    -112.40760255762888,
    -112.25756058219073,
    -111.8394156258404,
    -111.77907966932733,
    -111.75552584299612,
    -111.72784874772228
  ],
  "root_assignment_dmrg_to_fci": [
    0,
    1
  ],
  "root_overlap_matrix": [
    [
      -0.9996894024429575,
      -7.777443460529505e-15
    ],
    [
      3.0056887240072536e-15,
      0.999822603579157
    ],
    [
      0.0007252857008243664,
      -2.496045259393341e-13
    ],
    [
      -0.0006210047837955195,
      -1.0570409322399874e-14
    ],
    [
      3.9858945451300403e-13,
      -0.0013489881848109675
    ],
    [
      6.196249280725581e-10,
      1.3297142143722107e-13
    ]
  ],
  "root_assigned_abs_overlaps": [
    0.9996894024429575,
    0.999822603579157
  ],
  "grad": [
    [
      1.0068346965497024e-13,
      -1.1943581047746592e-10,
      0.09439660877278516
    ],
    [
      -6.18836254003736e-14,
      7.120098998874785e-11,
      -0.09337145305041812
    ],
    [
      -1.3159069746837705e-14,
      0.005432057230206106,
      -0.0005125778580648528
    ],
    [
      -2.5640774507763995e-14,
      -0.005432057181973292,
      -0.0005125778642959848
    ]
  ],
  "nac": [
    [
      7.613366229777206e-09,
      -2.166820957649796e-09,
      -0.0009141666675320556
    ],
    [
      -5.988359704278222e-09,
      2.0629120594953577e-09,
      0.0011505007238043926
    ],
    [
      -0.2964621271796559,
      8.283799984681165e-05,
      -0.00011816674491918589
    ],
    [
      0.2964621253918778,
      -8.28378966115246e-05,
      -0.00011816731149714081
    ]
  ],
  "ci_overlap_with_fci": [
    0.9996894024429575,
    0.999822603579157
  ],
  "ncas": 4,
  "ncore": 6,
  "nelec_act": 4,
  "runtime_s": 0.8582327365875244
}