{
  "system": "formaldehyde",
  "label": "formaldehyde / sto-3g / CAS(4,4) SA(2)",
  "bond_dim": 5,
  "e_states_fci": [
    -112.40760255762868,
    -112.25756058219058
  ],
  "e_states_dmrg": [
    -112.35379111742273,
    -112.25668419840414
  ],
  "e_dmrg_su2": [
    -112.40760255762892,
    -112.25756058219076,
    -111.83941562584042,
    -111.77907966932734,
    -111.75552584299615,
    -111.72784874772225
  ],
  "root_assignment_dmrg_to_fci": [
    0,
    1
  ],
  "root_overlap_matrix": [
    [
      0.9679734734034392,
      2.044872113629548e-14
    ],
    [
      6.074012726337955e-14,
      0.9997126926739983
    ],
    [
      -0.01245527891631705,
      2.5847661053449304e-13
    ],
    [
      -0.040390230255160746,
      6.646002026820566e-15
    ],
    [
      -3.3055036008888827e-13,
      -0.0014283072805364254
    ],
    [
      -0.390343343346273,
      -1.4352424440458065e-05
    ]
  ],
  "root_assigned_abs_overlaps": [
    0.9679734734034392,
    0.9997126926739983
  ],
  "grad": [
    [
      3.775920665188685e-13,
      -2.6983341588755175e-09,
      0.04561190031238185
    ],
    [
      -2.3226888466703357e-13,
      2.037970508726961e-09,
      -0.04675671608634345
    ],
    [
      -1.26276959412939e-13,
      0.004520318268925603,
      0.0005724078929024703
    ],
    [
      -1.904622243887878e-14,
      -0.004520317608563966,
      0.0005724078810499956
    ]
  ],
  "nac": [
    [
      -1.1250942422763247e-08,
      -9.900894437335915e-08,
      0.12374573583772207
    ],
    [
      -7.225809033264743e-09,
      9.740785059224687e-08,
      -0.13200340190959012
    ],
    [
      -0.4862780104957858,
      -0.0021916471990585384,
      0.004128845390941399
    ],
    [
      0.48627802823317207,
      0.0021916487994381386,
      0.004128820680782102
    ]
  ],
  "ci_overlap_with_fci": [
    0.9679734734034392,
    0.9997126926739983
  ],
  "ncas": 4,
  "ncore": 6,
  "nelec_act": 4,
  "runtime_s": 0.7769911289215088
}