{
  "system": "formaldehyde_631g",
  "label": "formaldehyde / 6-31g / CAS(4,4) SA(2)",
  "bond_dim": 12,
  "e_states_fci": [
    -113.86376521028019,
    -113.70382583749777
  ],
  "e_states_dmrg": [
    -113.8634821667554,
    -113.70368438029178
  ],
  "e_dmrg_su2": [
    -113.86376521028026,
    -113.7038258374981,
    -113.40121808450854,
    -113.28279408574161,
    -113.23413333652577,
    -113.10119340624415
  ],
  "root_assignment_dmrg_to_fci": [
    0,
    1
  ],
  "root_overlap_matrix": [
    [
      -0.9999410600843549,
      -1.8070011651154446e-09
    ],
    [
      -4.59926742867112e-09,
      -0.9999551653672616
    ],
    [
      -1.6005247574435216e-05,
      -3.351706379211857e-07
    ],
    [
      -1.5477839807972768e-05,
      -4.025140614534881e-08
    ],
    [
      3.479890645765939e-08,
      -0.00011218799271289481
    ],
    [
      8.335664795803273e-05,
      2.992661958670329e-07
    ]
  ],
  "root_assigned_abs_overlaps": [
    0.9999410600843549,
    0.9999551653672616
  ],
  "grad": [
    [
      1.468563375412878e-09,
      -5.250677392658102e-10,
      0.05378067754520631
    ],
    [
      -7.311144813276287e-10,
      3.469750763061989e-10,
      -0.038876423244707886
    ],
    [
      1.8523702057929555e-08,
      0.012433952256464549,
      -0.007452127207981242
    ],
    [
      -1.926115095201571e-08,
      -0.012433952078371696,
      -0.007452127092521401
    ]
  ],
  "nac": [
    [
      -2.100983599908956e-08,
      6.709827654456004e-09,
      0.0008434034775591
    ],
    [
      -1.4070740673660596e-08,
      -5.310224359841926e-09,
      -0.0006195293732546366
    ],
    [
      -0.2914625681575284,
      6.528367287119114e-05,
      -0.00011188500998326304
    ],
    [
      0.2914625806724769,
      -6.52619206839808e-05,
      -0.00011187032591334775
    ]
  ],
  "ci_overlap_with_fci": [
    0.9999410600843549,
    0.9999551653672614
  ],
  "ncas": 4,
  "ncore": 6,
  "nelec_act": 4,
  "runtime_s": 1.5094611644744873
}