{
  "system": "formaldehyde",
  "label": "formaldehyde / sto-3g / CAS(4,4) SA(2)",
  "bond_dim": 8,
  "e_states_fci": [
    -112.40760255762868,
    -112.25756058219058
  ],
  "e_states_dmrg": [
    -112.40553257394627,
    -112.25668358500081
  ],
  "e_dmrg_su2": [
    -112.40760255762888,
    -112.25756058219076,
    -111.8394156258404,
    -111.77907966932734,
    -111.75552584299615,
    -111.72784874772228
  ],
  "root_assignment_dmrg_to_fci": [
    0,
    1
  ],
  "root_overlap_matrix": [
    [
      0.9993767720603637,
      1.294025057153695e-14
    ],
    [
      1.241421937537539e-14,
      0.9997136607204258
    ],
    [
      0.0006019837178128416,
      -2.580618964770937e-13
    ],
    [
      0.00031289492215215713,
      -1.7501836431211605e-14
    ],
    [
      4.3830171686849363e-13,
      0.00010714113670681318
    ],
    [
      -1.5657215148718537e-09,
      -1.5619323441619382e-14
    ]
  ],
  "root_assigned_abs_overlaps": [
    0.9993767720603637,
    0.9997136607204258
  ],
  "grad": [
    [
      3.8796995974910343e-13,
      6.217556708592811e-11,
      0.09284344510236464
    ],
    [
      -2.326650950250616e-13,
      -4.14781197571514e-11,
      -0.09191746327010288
    ],
    [
      -7.072500662556992e-14,
      0.005302751870494613,
      -0.00046299090997480334
    ],
    [
      -8.457985809850683e-14,
      -0.005302751891192779,
      -0.0004629909222899826
    ]
  ],
  "nac": [
    [
      2.0211024190221018e-10,
      2.187189562268491e-09,
      -0.005543665672854555
    ],
    [
      -8.864865369308365e-10,
      -2.2098726791527337e-09,
      0.006295321759627956
    ],
    [
      -0.29891427561514444,
      -6.469413613588884e-05,
      -0.0003758282713921378
    ],
    [
      0.2989142762658624,
      6.469415812141165e-05,
      -0.0003758278155319128
    ]
  ],
  "ci_overlap_with_fci": [
    0.9993767720603638,
    0.9997136607204258
  ],
  "ncas": 4,
  "ncore": 6,
  "nelec_act": 4,
  "runtime_s": 0.7410283088684082
}