{
  "system": "h2o",
  "label": "H2O / sto-3g / CAS(4,4) SA(2)",
  "bond_dim": 12,
  "e_states_fci": [
    -74.97992092889334,
    -74.52945430271059
  ],
  "e_states_dmrg": [
    -74.97992092889369,
    -74.52945430271319
  ],
  "e_dmrg_su2": [
    -74.97992092889369,
    -74.52945430271319
  ],
  "root_assignment_dmrg_to_fci": [
    0,
    1
  ],
  "root_overlap_matrix": [
    [
      0.9999999999998652,
      -2.9571519543944344e-14
    ],
    [
      1.7424173398347087e-14,
      -0.9999999999867378
    ]
  ],
  "root_assigned_abs_overlaps": [
    0.9999999999998652,
    0.9999999999867378
  ],
  "grad": [
    [
      -1.267095605968275e-09,
      0.10507695355245064,
      0.08668088015323128
    ],
    [
      -5.959875411600947e-11,
      -0.08473427779996161,
      -0.08405588302957277
    ],
    [
      1.3266943600843063e-09,
      -0.020342675752487327,
      -0.002624997123657845
    ]
  ],
  "nac": [
    [
      0.30913668294197627,
      -1.1761859608421191e-08,
      -2.4924460235868887e-08
    ],
    [
      -0.24003590290931057,
      3.6884595842132623e-09,
      -1.2704670577138266e-08
    ],
    [
      -0.20019994948747308,
      1.642783108619518e-08,
      2.8859841578480113e-08
    ]
  ],
  "ci_overlap_with_fci": [
    0.9999999999998652,
    0.9999999999867378
  ],
  "ncas": 4,
  "ncore": 3,
  "nelec_act": 4,
  "runtime_s": 2.2136077880859375
}