{
  "system": "h2o",
  "label": "H2O / sto-3g / CAS(4,4) SA(2)",
  "bond_dim": 20,
  "e_states_fci": [
    -74.97992092889334,
    -74.52945430271059
  ],
  "e_states_dmrg": [
    -74.97992092889369,
    -74.5294543027132
  ],
  "e_dmrg_su2": [
    -74.97992092889369,
    -74.52945430271319,
    -74.43879416266287,
    -74.18276119736129,
    -73.95531311952553,
    -73.90808746036699
  ],
  "root_assignment_dmrg_to_fci": [
    0,
    1
  ],
  "root_overlap_matrix": [
    [
      -0.9999999999998666,
      5.747915840548185e-16
    ],
    [
      2.917183735374302e-17,
      -0.9999999999869623
    ],
    [
      7.956294979193312e-16,
      5.090627883328915e-06
    ],
    [
      3.2735183193957844e-07,
      -1.7650038533041273e-15
    ],
    [
      -3.052909416790227e-08,
      -5.815201220260056e-15
    ],
    [
      9.282392423950403e-08,
      2.5633382946946464e-15
    ]
  ],
  "root_assigned_abs_overlaps": [
    0.9999999999998666,
    0.9999999999869623
  ],
  "grad": [
    [
      -2.8155711997659436e-14,
      0.10507693649114908,
      0.08668088039090127
    ],
    [
      3.413508924361923e-14,
      -0.08473426916221526,
      -0.08405587550659843
    ],
    [
      -5.979377246040032e-15,
      -0.02034266732893447,
      -0.0026250048843024926
    ]
  ],
  "nac": [
    [
      0.309136672129489,
      1.833733137457556e-12,
      -1.9515028892756033e-13
    ],
    [
      -0.24003591574467353,
      -8.88073560414519e-13,
      -5.612757995328502e-13
    ],
    [
      -0.20019992796721853,
      -1.0651766454853607e-12,
      8.515202150878922e-13
    ]
  ],
  "ci_overlap_with_fci": [
    0.9999999999998666,
    0.9999999999869623
  ],
  "ncas": 4,
  "ncore": 3,
  "nelec_act": 4,
  "runtime_s": 0.5227415561676025
}