{
  "system": "h2o_321g",
  "label": "H2O / 3-21g / CAS(6,6) SA(2)",
  "bond_dim": 2,
  "e_states_fci": [
    -75.63577928408966,
    -75.32788365854918
  ],
  "e_states_dmrg": [
    -74.42037473422133,
    -74.41956789146721
  ],
  "e_dmrg_su2": [
    -75.58188869905695,
    -75.27528888856652,
    -75.0027528542182,
    -74.93636009154861,
    -74.73933905154715,
    -74.55820432967265
  ],
  "root_assignment_dmrg_to_fci": [
    0,
    5
  ],
  "root_overlap_matrix": [
    [
      5.746890943845251e-12,
      0.10578940484165142
    ],
    [
      2.4640054603326716e-12,
      0.017668479326934463
    ],
    [
      -1.557787550828972e-12,
      -0.00024767408407541246
    ],
    [
      5.645375863659464e-12,
      0.1060735650481267
    ],
    [
      -1.5566614722695162e-12,
      -0.0002265171903023793
    ],
    [
      5.645634071308694e-12,
      0.10607360465514476
    ]
  ],
  "root_assigned_abs_overlaps": [
    5.746890943845251e-12,
    0.10607360465514476
  ],
  "grad": [
    [
      -7.773838850535389e-07,
      0.02976181895324212,
      0.1326660713512282
    ],
    [
      -9.81075270714785e-06,
      -0.3826377229822766,
      -0.07286522914566079
    ],
    [
      1.0588136592201123e-05,
      0.35287590402903773,
      -0.05980084220563922
    ]
  ],
  "nac": [
    [
      -0.9169115643180936,
      159.59838949402638,
      -515.1940467688923
    ],
    [
      1.0096388093742654,
      660.1646724149961,
      240.44973982226946
    ],
    [
      -0.09272724505628897,
      -819.7497702872505,
      274.7443257287276
    ]
  ],
  "ci_overlap_with_fci": [
    5.746890943845251e-12,
    0.10607360465514476
  ],
  "ncas": 6,
  "ncore": 2,
  "nelec_act": 6,
  "runtime_s": 5.694256544113159
}