{
  "system": "h2o_321g",
  "label": "H2O / 3-21g / CAS(6,6) SA(2)",
  "bond_dim": 20,
  "e_states_fci": [
    -75.63577928408966,
    -75.32788365854918
  ],
  "e_states_dmrg": [
    -75.62946177592433,
    -75.312831097535
  ],
  "e_dmrg_su2": [
    -75.63570022918624,
    -75.3277291918404,
    -75.04141325521552,
    -74.97610453210521,
    -74.92386573873193,
    -74.7896383973717
  ],
  "root_assignment_dmrg_to_fci": [
    0,
    1
  ],
  "root_overlap_matrix": [
    [
      -0.9987871373317077,
      2.728031502193818e-12
    ],
    [
      5.164107708123483e-13,
      -0.9975820148080873
    ],
    [
      2.247840280424838e-05,
      -2.4793971478750407e-10
    ],
    [
      -6.929442892323516e-11,
      0.00016390271507353348
    ],
    [
      0.0014627158596286277,
      -7.121039102809619e-11
    ],
    [
      0.00011744622428284078,
      -2.022216611569324e-11
    ]
  ],
  "root_assigned_abs_overlaps": [
    0.9987871373317077,
    0.9975820148080873
  ],
  "grad": [
    [
      1.2808178358197392e-10,
      -1.4258177191564547e-05,
      0.03844725530349596
    ],
    [
      -1.3455919798601712e-10,
      -0.02950468145641366,
      -0.01918960159953949
    ],
    [
      6.4774144040438e-12,
      0.029518939633604094,
      -0.019257653703958183
    ]
  ],
  "nac": [
    [
      -0.14309019144710874,
      0.0012257219401876315,
      -0.009161432431874719
    ],
    [
      0.1635483746829509,
      0.01975348723582737,
      0.0034597408083855393
    ],
    [
      0.16338764810448242,
      -0.020979208978044585,
      0.005701691625813494
    ]
  ],
  "ci_overlap_with_fci": [
    0.9987871373317077,
    0.9975820148080873
  ],
  "ncas": 6,
  "ncore": 2,
  "nelec_act": 6,
  "runtime_s": 1.6198878288269043
}