{
  "system": "h2o_631g",
  "label": "H2O / 6-31G / CAS(6,6) SA(2)",
  "bond_dim": 4,
  "e_states_fci": [
    -76.03543716161889,
    -75.7414981214892
  ],
  "e_states_dmrg": [
    -75.9926872551676,
    -75.66884727928299
  ],
  "e_dmrg_su2": [
    -76.01220940977147,
    -75.6995405488344
  ],
  "root_assignment_dmrg_to_fci": [
    0,
    1
  ],
  "root_overlap_matrix": [
    [
      -0.9902724487602976,
      -6.619285538959862e-10
    ],
    [
      2.0365076696298907e-10,
      -0.98076854370641
    ]
  ],
  "root_assigned_abs_overlaps": [
    0.9902724487602976,
    0.98076854370641
  ],
  "grad": [
    [
      -7.340326529818924e-10,
      0.00451136674977871,
      0.1337070435827443
    ],
    [
      4.2415811927273584e-10,
      -0.22031658301058976,
      -0.061108013796911595
    ],
    [
      3.09874533709178e-10,
      0.21580521626080895,
      -0.07259902978582805
    ]
  ],
  "nac": [
    [
      0.17978621125132935,
      -0.0017123208757716312,
      0.16964752453111506
    ],
    [
      -0.15409877232762695,
      -0.2183596100782062,
      -0.07593218667518797
    ],
    [
      -0.15380201506439273,
      0.2200719310339963,
      -0.09371534024027496
    ]
  ],
  "ci_overlap_with_fci": [
    0.9902724487602976,
    0.98076854370641
  ],
  "ncas": 6,
  "ncore": 2,
  "nelec_act": 6,
  "runtime_s": 2.505187511444092
}