{
  "system": "h2o",
  "label": "H2O / sto-3g / CAS(4,4) SA(2)",
  "bond_dim": 8,
  "e_states_fci": [
    -74.97992092889334,
    -74.52945430271059
  ],
  "e_states_dmrg": [
    -74.97989674759003,
    -74.52945430271265
  ],
  "e_dmrg_su2": [
    -74.97989668258387,
    -74.52945430271315
  ],
  "root_assignment_dmrg_to_fci": [
    0,
    1
  ],
  "root_overlap_matrix": [
    [
      0.9999959121838229,
      -5.809686783810845e-14
    ],
    [
      -6.41593335250232e-15,
      -0.9999999999845772
    ]
  ],
  "root_assigned_abs_overlaps": [
    0.9999959121838229,
    0.9999999999845772
  ],
  "grad": [
    [
      -9.943057740290112e-11,
      0.1050800709583715,
      0.08666722201080719
    ],
    [
      3.1877827819073994e-11,
      -0.08472860333889262,
      -0.08405548117363054
    ],
    [
      6.755274958382508e-11,
      -0.020351467619478536,
      -0.002611740837177256
    ]
  ],
  "nac": [
    [
      0.3101236688423031,
      -3.0719039719958823e-06,
      1.8005304497038455e-05
    ],
    [
      -0.24031838475979267,
      -5.084891986313104e-06,
      -3.806848072803521e-06
    ],
    [
      -0.20083291721265698,
      8.155411112834402e-06,
      -1.4198894522456545e-05
    ]
  ],
  "ci_overlap_with_fci": [
    0.9999959121838229,
    0.9999999999845772
  ],
  "ncas": 4,
  "ncore": 3,
  "nelec_act": 4,
  "runtime_s": 2.140953302383423
}