{
  "system": "h2o_631g",
  "label": "H2O / 6-31G / CAS(6,6) SA(2)",
  "bond_dim": 2,
  "e_states_fci": [
    -76.03543716161889,
    -75.7414981214892
  ],
  "e_states_dmrg": [
    -75.97717989903235,
    -75.65779500873418
  ],
  "e_dmrg_su2": [
    -75.97970085369076,
    -75.67113129373253
  ],
  "root_assignment_dmrg_to_fci": [
    0,
    1
  ],
  "root_overlap_matrix": [
    [
      -0.9864692780022846,
      8.601206800954006e-11
    ],
    [
      4.813064241511579e-10,
      0.974574738556411
    ]
  ],
  "root_assigned_abs_overlaps": [
    0.9864692780022846,
    0.974574738556411
  ],
  "grad": [
    [
      0.00010245887147863531,
      0.007535504474156117,
      0.022819755394287433
    ],
    [
      -0.00042389467966533846,
      -0.04660939103474159,
      -0.013261204395378146
    ],
    [
      0.0003214358081867014,
      0.039073886560586454,
      -0.009558550998727294
    ]
  ],
  "nac": [
    [
      0.1562039434828702,
      0.002560308258575999,
      0.07155299242927243
    ],
    [
      -0.14633975496295515,
      -0.054538303122081716,
      -0.03347121970866727
    ],
    [
      -0.13490839620771988,
      0.051977994889594224,
      -0.03808177321304216
    ]
  ],
  "ci_overlap_with_fci": [
    0.9864692780022846,
    0.974574738556411
  ],
  "ncas": 6,
  "ncore": 2,
  "nelec_act": 6,
  "runtime_s": 5.475334167480469
}