{
  "system": "h2o_631g",
  "label": "H2O / 6-31G / CAS(6,6) SA(2)",
  "bond_dim": 20,
  "e_states_fci": [
    -76.03543716161889,
    -75.7414981214892
  ],
  "e_states_dmrg": [
    -76.03505570732375,
    -75.74088445480467
  ],
  "e_dmrg_su2": [
    -76.03543716161897,
    -75.74149812149004
  ],
  "root_assignment_dmrg_to_fci": [
    0,
    1
  ],
  "root_overlap_matrix": [
    [
      0.9999508256168952,
      -5.041598070228094e-12
    ],
    [
      -6.306164883075492e-12,
      -0.9999225116368169
    ]
  ],
  "root_assigned_abs_overlaps": [
    0.9999508256168952,
    0.9999225116368169
  ],
  "grad": [
    [
      -2.399491371897435e-11,
      -5.3845148481968085e-06,
      0.017083608352443658
    ],
    [
      1.0807197533454713e-11,
      -0.02195491106924026,
      -0.008541755251874467
    ],
    [
      1.3187716185520515e-11,
      0.021960295584088473,
      -0.008541853100571695
    ]
  ],
  "nac": [
    [
      0.12057566184191225,
      -4.253109078892676e-06,
      0.00010712129573970411
    ],
    [
      -0.12697345017137204,
      -0.00041012216061575893,
      -4.890577656493839e-05
    ],
    [
      -0.1269095013258417,
      0.0004143752561690596,
      -5.821677991363779e-05
    ]
  ],
  "ci_overlap_with_fci": [
    0.9999508256168952,
    0.9999225116368169
  ],
  "ncas": 6,
  "ncore": 2,
  "nelec_act": 6,
  "runtime_s": 1.1820776462554932
}