{
  "system": "h2o_631g",
  "label": "H2O / 6-31G / CAS(6,6) SA(2)",
  "bond_dim": 12,
  "e_states_fci": [
    -76.03543716161889,
    -75.7414981214892
  ],
  "e_states_dmrg": [
    -76.03425845434083,
    -75.73119542682467
  ],
  "e_dmrg_su2": [
    -76.03481210738153,
    -75.74127059766441
  ],
  "root_assignment_dmrg_to_fci": [
    0,
    1
  ],
  "root_overlap_matrix": [
    [
      -0.9997919130664283,
      8.8158960109964e-11
    ],
    [
      -8.668281566766809e-11,
      -0.9980091987567608
    ]
  ],
  "root_assigned_abs_overlaps": [
    0.9997919130664283,
    0.9980091987567608
  ],
  "grad": [
    [
      2.3544851900063437e-11,
      -3.492996583519519e-05,
      0.016352928222642303
    ],
    [
      -8.532566650103309e-12,
      -0.021500161548912256,
      -0.008151599306770346
    ],
    [
      -1.5012285249947824e-11,
      0.021535091514746484,
      -0.008201328915865233
    ]
  ],
  "nac": [
    [
      0.15194316687940804,
      -0.00416079234019692,
      0.0054972941218110576
    ],
    [
      -0.14175566708949608,
      -0.003883710122798788,
      -0.0012720378722012404
    ],
    [
      -0.1433262836020408,
      0.008044502492672677,
      -0.00422525760778275
    ]
  ],
  "ci_overlap_with_fci": [
    0.9997919130664283,
    0.9980091987567608
  ],
  "ncas": 6,
  "ncore": 2,
  "nelec_act": 6,
  "runtime_s": 1.1486432552337646
}