{
  "system": "h2o_321g",
  "label": "H2O / 3-21g / CAS(6,6) SA(2)",
  "bond_dim": 4,
  "e_states_fci": [
    -75.63577928408966,
    -75.32788365854918
  ],
  "e_states_dmrg": [
    -75.56213539671332,
    -74.90945702027653
  ],
  "e_dmrg_su2": [
    -75.59513912515264,
    -75.29148770587632,
    -75.00681724656752,
    -74.94833105853515,
    -74.88601750200581,
    -74.75712284291619
  ],
  "root_assignment_dmrg_to_fci": [
    0,
    2
  ],
  "root_overlap_matrix": [
    [
      -0.9738888034423907,
      0.00022277820091010453
    ],
    [
      0.0002146704401676379,
      1.8901290057138652e-06
    ],
    [
      -0.16938054281807452,
      0.0012889151604115268
    ],
    [
      -0.15749941568295786,
      -0.0012117482968028214
    ],
    [
      0.0037716410943502768,
      5.499625506505916e-05
    ],
    [
      0.00464705626780082,
      6.91049632763937e-10
    ]
  ],
  "root_assigned_abs_overlaps": [
    0.9738888034423907,
    0.0012889151604115268
  ],
  "grad": [
    [
      -6.273403849389655e-05,
      -0.0005350540799316469,
      0.08348004898571998
    ],
    [
      -0.0024134641439283455,
      -0.037598621688933395,
      -0.041237755327611036
    ],
    [
      0.002476198182422378,
      0.03813367576886288,
      -0.04224229365810671
    ]
  ],
  "nac": [
    [
      0.00039810557518489467,
      8.298704611081076e-05,
      0.13402184809903223
    ],
    [
      -0.20581631855061067,
      -0.07683663281151117,
      0.0716899154873858
    ],
    [
      0.2055914702804995,
      0.0767193259063433,
      0.07058006805105395
    ]
  ],
  "ci_overlap_with_fci": [
    0.9738888034423907,
    0.0012889151604115268
  ],
  "ncas": 6,
  "ncore": 2,
  "nelec_act": 6,
  "runtime_s": 5.697003126144409
}