{
  "system": "h2o",
  "label": "H2O / sto-3g / CAS(4,4) SA(2)",
  "bond_dim": 2,
  "e_states_fci": [
    -74.97992092889334,
    -74.52945430271059
  ],
  "e_states_dmrg": [
    -74.95492507536694,
    -74.49686978340867
  ],
  "e_dmrg_su2": [
    -74.96158344358224,
    -74.51724279415848
  ],
  "root_assignment_dmrg_to_fci": [
    0,
    1
  ],
  "root_overlap_matrix": [
    [
      -0.9917935745033355,
      4.321447224670051e-12
    ],
    [
      -1.349569153594299e-12,
      -0.9837952376501113
    ]
  ],
  "root_assigned_abs_overlaps": [
    0.9917935745033355,
    0.9837952376501113
  ],
  "grad": [
    [
      2.2876163520262382e-11,
      0.026598077704740118,
      0.08317976887423079
    ],
    [
      -1.6029450451639788e-11,
      -0.028763112939995714,
      -0.046080452039399686
    ],
    [
      -6.846713068624891e-12,
      0.002165035235258045,
      -0.03709931683484141
    ]
  ],
  "nac": [
    [
      0.35240354701937204,
      -0.051588064700388354,
      0.02365630505029762
    ],
    [
      -0.2856623548021748,
      0.013509929989723349,
      -0.004998203445445047
    ],
    [
      -0.19523726548038223,
      0.0380781347550476,
      -0.0186581015880605
    ]
  ],
  "ci_overlap_with_fci": [
    0.9917935745033355,
    0.9837952376501113
  ],
  "ncas": 4,
  "ncore": 3,
  "nelec_act": 4,
  "runtime_s": 17.503578186035156
}