{
  "system": "h2o_321g",
  "label": "H2O / 3-21g / CAS(6,6) SA(2)",
  "bond_dim": 5,
  "e_states_fci": [
    -75.63577928408966,
    -75.32788365854918
  ],
  "e_states_dmrg": [
    -75.57609735012842,
    -75.05329874556175
  ],
  "e_dmrg_su2": [
    -75.59666041612057,
    -75.29539404888244,
    -75.01164023748832,
    -74.95171500422938,
    -74.89685702349938,
    -74.77078537252979
  ],
  "root_assignment_dmrg_to_fci": [
    0,
    1
  ],
  "root_overlap_matrix": [
    [
      0.98165904039575,
      -0.09403337703538125
    ],
    [
      0.1637154784298365,
      -0.5637542269876212
    ],
    [
      -2.673225282434529e-06,
      0.0001545766972731572
    ],
    [
      -0.07815166874872688,
      -0.535789470959867
    ],
    [
      0.009024314786133567,
      0.07222890755319897
    ],
    [
      0.004600367773892524,
      0.013920764052427117
    ]
  ],
  "root_assigned_abs_overlaps": [
    0.98165904039575,
    0.5637542269876212
  ],
  "grad": [
    [
      -0.024549033780420303,
      0.023762304159133225,
      0.035095038558465304
    ],
    [
      0.018680339179276084,
      -0.03519892431804322,
      -0.02564321169608066
    ],
    [
      0.005868694601144158,
      0.011436620158908785,
      -0.009451826862389585
    ]
  ],
  "nac": [
    [
      0.5982390190330761,
      -0.4236447295434014,
      0.4780229420129123
    ],
    [
      -0.4627660282547837,
      -0.04052806091946546,
      -0.19896852891485936
    ],
    [
      -0.03437573141368155,
      0.47020447861228015,
      -0.2297959157201458
    ]
  ],
  "ci_overlap_with_fci": [
    0.98165904039575,
    0.5637542269876212
  ],
  "ncas": 6,
  "ncore": 2,
  "nelec_act": 6,
  "runtime_s": 5.795914649963379
}