{
  "system": "h2o_321g",
  "label": "H2O / 3-21g / CAS(6,6) SA(2)",
  "bond_dim": 200,
  "e_states_fci": [
    -75.63577928408966,
    -75.32788365854918
  ],
  "e_states_dmrg": [
    -75.63577928408981,
    -75.32788365854982
  ],
  "e_dmrg_su2": [
    -75.63577928408981,
    -75.32788365854984,
    -75.04141579625637,
    -74.97610906111376,
    -74.92390588480805,
    -74.78982209278792
  ],
  "root_assignment_dmrg_to_fci": [
    0,
    1
  ],
  "root_overlap_matrix": [
    [
      -0.9999999999999423,
      -8.068981454841911e-16
    ],
    [
      -6.612071724382642e-16,
      0.9999999999993133
    ],
    [
      2.5417585245346343e-07,
      1.4044496018684454e-12
    ],
    [
      3.658719265656402e-12,
      -1.1357892159655106e-06
    ],
    [
      3.5661469307071703e-09,
      -2.133147027263904e-11
    ],
    [
      -5.432155301965391e-09,
      1.5639456471974736e-12
    ]
  ],
  "root_assigned_abs_overlaps": [
    0.9999999999999423,
    0.9999999999993133
  ],
  "grad": [
    [
      -2.204330218606965e-10,
      -1.1469275459970919e-07,
      0.04086701346970088
    ],
    [
      2.6043628844350685e-10,
      -0.029453192524672336,
      -0.020433457603308426
    ],
    [
      -4.000326658283185e-11,
      0.02945330721742586,
      -0.02043355586639459
    ]
  ],
  "nac": [
    [
      -0.12384009079066478,
      2.0933282448212568e-10,
      6.80770153571605e-10
    ],
    [
      0.15374417924401523,
      1.1020890823406311e-09,
      1.150390254810439e-08
    ],
    [
      0.1537374848706292,
      1.2641274187057506e-09,
      -3.2004948772221916e-09
    ]
  ],
  "ci_overlap_with_fci": [
    0.9999999999999423,
    0.9999999999993133
  ],
  "ncas": 6,
  "ncore": 2,
  "nelec_act": 6,
  "runtime_s": 1.2840089797973633
}