{
  "system": "h2o_631g",
  "label": "H2O / 6-31g / CAS(6,6) SA(2)",
  "bond_dim": 3,
  "e_states_fci": [
    -76.03543716161889,
    -75.7414981214892
  ],
  "e_states_dmrg": [
    -74.83236296465492,
    -74.83209034650758
  ],
  "e_dmrg_su2": [
    -75.98289708004127,
    -75.70200306360752,
    -75.42688840220336,
    -75.34119091794234,
    -75.3037715188455,
    -75.17396027704038
  ],
  "root_assignment_dmrg_to_fci": [
    2,
    4
  ],
  "root_overlap_matrix": [
    [
      -0.0002492463143501283,
      1.9001253942713122e-10
    ],
    [
      -0.004692258099997105,
      6.411759792379632e-10
    ],
    [
      -0.011026093529765748,
      8.72907691994169e-10
    ],
    [
      4.1285899142450275e-05,
      8.01567176315641e-10
    ],
    [
      0.011023048442466049,
      -8.689794506830477e-10
    ],
    [
      4.111239429651411e-05,
      8.015808524139569e-10
    ]
  ],
  "root_assigned_abs_overlaps": [
    0.011026093529765748,
    8.689794506830477e-10
  ],
  "grad": [
    [
      -0.0005546728001384325,
      0.16732362058855704,
      3.916620310034414
    ],
    [
      9.285622250898519e-05,
      -1.6382723637230652,
      -2.0434425602100124
    ],
    [
      0.00046181657763036263,
      1.4709487431345203,
      -1.873177749824225
    ]
  ],
  "nac": [
    [
      -8.39434481499066,
      1180.8561761346086,
      -50644.83682017271
    ],
    [
      7.5276687507063045,
      13455.267812964508,
      25079.12522019205
    ],
    [
      0.8666760647237125,
      -14636.12227748948,
      25565.711602639898
    ]
  ],
  "ci_overlap_with_fci": [
    0.011026093529765748,
    8.689794506830477e-10
  ],
  "ncas": 6,
  "ncore": 2,
  "nelec_act": 6,
  "runtime_s": 5.717088937759399
}