{
  "system": "h2o",
  "label": "H2O / sto-3g / CAS(4,4) SA(2)",
  "bond_dim": 6,
  "e_states_fci": [
    -74.97992092889334,
    -74.52945430271059
  ],
  "e_states_dmrg": [
    -74.97952127490547,
    -74.52935090379208
  ],
  "e_dmrg_su2": [
    -74.97992092889369,
    -74.52945430271322
  ],
  "root_assignment_dmrg_to_fci": [
    0,
    1
  ],
  "root_overlap_matrix": [
    [
      -0.9998261221299443,
      1.1210266477701677e-12
    ],
    [
      -6.477269816931024e-13,
      -0.9999426599867057
    ]
  ],
  "root_assigned_abs_overlaps": [
    0.9998261221299443,
    0.9999426599867057
  ],
  "grad": [
    [
      -1.4249748650957724e-13,
      0.10930864174833588,
      0.08724683480082442
    ],
    [
      4.4143697123975564e-13,
      -0.08682819590287426,
      -0.08514642916969972
    ],
    [
      -2.989394847301264e-13,
      -0.022480445845462688,
      -0.002100405631124562
    ]
  ],
  "nac": [
    [
      0.3291294464143457,
      0.00028334390113862257,
      0.00010933196186840541
    ],
    [
      -0.24616021028262197,
      0.0005066576536814505,
      9.167717532827957e-05
    ],
    [
      -0.21207869441050778,
      -0.0007900015541191695,
      -0.00020100913690298332
    ]
  ],
  "ci_overlap_with_fci": [
    0.9998261221299443,
    0.9999426599867057
  ],
  "ncas": 4,
  "ncore": 3,
  "nelec_act": 4,
  "runtime_s": 2.3750507831573486
}