{
  "system": "h2o_631g",
  "label": "H2O / 6-31G / CAS(6,6) SA(2)",
  "bond_dim": 30,
  "e_states_fci": [
    -76.03543716161889,
    -75.7414981214892
  ],
  "e_states_dmrg": [
    -76.0354370591658,
    -75.74149812146052
  ],
  "e_dmrg_su2": [
    -76.0354367747968,
    -75.74149812149001
  ],
  "root_assignment_dmrg_to_fci": [
    0,
    1
  ],
  "root_overlap_matrix": [
    [
      -0.999999987201825,
      -9.262137877634612e-14
    ],
    [
      7.005696860662823e-14,
      -0.999999999992679
    ]
  ],
  "root_assigned_abs_overlaps": [
    0.999999987201825,
    0.999999999992679
  ],
  "grad": [
    [
      -1.6158060058296914e-11,
      4.856059914462977e-08,
      0.01728006264834321
    ],
    [
      7.1301805481980595e-12,
      -0.022054673116188615,
      -0.008640053710769481
    ],
    [
      9.027879510105162e-12,
      0.02205462455558756,
      -0.00864000893757311
    ]
  ],
  "nac": [
    [
      0.12480409213033494,
      -2.329370975470889e-08,
      -4.781781907126902e-07
    ],
    [
      -0.12899994670671952,
      -3.176356380433844e-07,
      2.401512779823245e-07
    ],
    [
      -0.12900488141442712,
      3.409031109815852e-07,
      2.367673722420856e-07
    ]
  ],
  "ci_overlap_with_fci": [
    0.9999999872018251,
    0.999999999992679
  ],
  "ncas": 6,
  "ncore": 2,
  "nelec_act": 6,
  "runtime_s": 1.0527758598327637
}