{
  "system": "h2o_631g",
  "label": "H2O / 6-31g / CAS(6,6) SA(2)",
  "bond_dim": 5,
  "e_states_fci": [
    -76.03543716161889,
    -75.7414981214892
  ],
  "e_states_dmrg": [
    -75.97843337213462,
    -75.65579187691172
  ],
  "e_dmrg_su2": [
    -75.99442430627543,
    -75.70725883398455,
    -75.43265919501685,
    -75.34877978794971,
    -75.32751221619301,
    -75.19194964034098
  ],
  "root_assignment_dmrg_to_fci": [
    0,
    1
  ],
  "root_overlap_matrix": [
    [
      -0.9873277647790096,
      -5.996494500793665e-10
    ],
    [
      -6.954730482860998e-12,
      -0.9754619707323624
    ],
    [
      0.05382312167584372,
      5.800970674808938e-09
    ],
    [
      1.1579554261404099e-10,
      -0.0008063853733625354
    ],
    [
      0.0007303731547134286,
      -9.355881641392922e-10
    ],
    [
      -0.0022796534379119007,
      1.871687342907196e-10
    ]
  ],
  "root_assigned_abs_overlaps": [
    0.9873277647790096,
    0.9754619707323624
  ],
  "grad": [
    [
      5.648796946062671e-08,
      -0.0023117038493578245,
      0.06960412214912214
    ],
    [
      -1.3453310308193864e-08,
      -0.05837818695073749,
      -0.03435636607006007
    ],
    [
      -4.303465915243269e-08,
      0.06068989080009868,
      -0.035247756079041605
    ]
  ],
  "nac": [
    [
      0.12450930075957888,
      -0.0042634021382130195,
      0.14336576699869927
    ],
    [
      -0.13029914002233717,
      -0.08261205764738148,
      -0.07105000422083171
    ],
    [
      -0.12959903261663258,
      0.08687545981436841,
      -0.07231576449409112
    ]
  ],
  "ci_overlap_with_fci": [
    0.9873277647790096,
    0.9754619707323624
  ],
  "ncas": 6,
  "ncore": 2,
  "nelec_act": 6,
  "runtime_s": 5.816141843795776
}