{
  "system": "h2o_631g",
  "label": "H2O / 6-31g / CAS(6,6) SA(2)",
  "bond_dim": 6,
  "e_states_fci": [
    -76.03543716161889,
    -75.7414981214892
  ],
  "e_states_dmrg": [
    -75.9784357508635,
    -75.65585974906841
  ],
  "e_dmrg_su2": [
    -76.00951974939873,
    -75.71911209978367,
    -75.43694783245671,
    -75.36032901455673,
    -75.33288156865382,
    -75.19666381949399
  ],
  "root_assignment_dmrg_to_fci": [
    0,
    1
  ],
  "root_overlap_matrix": [
    [
      0.9873258416626918,
      5.958921037266779e-10
    ],
    [
      8.266986997826014e-12,
      0.9754789937142857
    ],
    [
      -3.0960683889248422e-06,
      -2.6549048364372677e-10
    ],
    [
      -1.1449260662394959e-10,
      0.0008130925637681593
    ],
    [
      6.00941237148241e-07,
      9.365077096564678e-10
    ],
    [
      0.0041563165707486985,
      -1.904703630835702e-10
    ]
  ],
  "root_assigned_abs_overlaps": [
    0.9873258416626918,
    0.9754789937142857
  ],
  "grad": [
    [
      1.509925852081851e-09,
      -0.002409610919770074,
      0.06992519361732995
    ],
    [
      -7.446343036568626e-10,
      -0.05846574050766945,
      -0.03447362524107288
    ],
    [
      -7.652915484249253e-10,
      0.06087535142743827,
      -0.03545156837628513
    ]
  ],
  "nac": [
    [
      0.13049969337353073,
      -0.005306931682211797,
      0.14201124255118563
    ],
    [
      -0.13382664904326,
      -0.08168318710700993,
      -0.06916092475710466
    ],
    [
      -0.1321910542384242,
      0.08699011886874891,
      -0.0728503195097894
    ]
  ],
  "ci_overlap_with_fci": [
    0.9873258416626918,
    0.9754789937142858
  ],
  "ncas": 6,
  "ncore": 2,
  "nelec_act": 6,
  "runtime_s": 5.4787375926971436
}