{
  "system": "h2o",
  "label": "H2O / sto-3g / CAS(4,4) SA(2)",
  "bond_dim": 5,
  "e_states_fci": [
    -74.97992092889334,
    -74.52945430271059
  ],
  "e_states_dmrg": [
    -74.9699404324051,
    -74.52843531925063
  ],
  "e_dmrg_su2": [
    -74.9799209288937,
    -74.52945430271319
  ],
  "root_assignment_dmrg_to_fci": [
    0,
    1
  ],
  "root_overlap_matrix": [
    [
      -0.9962691356308289,
      1.889927393233221e-12
    ],
    [
      -1.0856789520758377e-12,
      -0.9994532264079495
    ]
  ],
  "root_assigned_abs_overlaps": [
    0.9962691356308289,
    0.9994532264079495
  ],
  "grad": [
    [
      -2.2679303804641037e-13,
      0.09090694144493772,
      0.08632263680263863
    ],
    [
      -9.72986421163068e-15,
      -0.07840960995715159,
      -0.07070522204839227
    ],
    [
      2.3652290225809053e-13,
      -0.012497331487786714,
      -0.015617414754247046
    ]
  ],
  "nac": [
    [
      0.3470276993901963,
      -0.062290219546795096,
      -0.017396058136722174
    ],
    [
      -0.25272151242142926,
      0.016175409810535165,
      0.004868656079374495
    ],
    [
      -0.2234802939861835,
      0.046114809735099134,
      0.012527402056691369
    ]
  ],
  "ci_overlap_with_fci": [
    0.9962691356308289,
    0.9994532264079495
  ],
  "ncas": 4,
  "ncore": 3,
  "nelec_act": 4,
  "runtime_s": 2.288036823272705
}