{
  "system": "h2o_631g",
  "label": "H2O / 6-31G / CAS(6,6) SA(2)",
  "bond_dim": 200,
  "e_states_fci": [
    -76.03543716161889,
    -75.7414981214892
  ],
  "e_states_dmrg": [
    -76.03543716161903,
    -75.74149812149
  ],
  "e_dmrg_su2": [
    -76.03543716161903,
    -75.74149812149001
  ],
  "root_assignment_dmrg_to_fci": [
    0,
    1
  ],
  "root_overlap_matrix": [
    [
      -0.9999999999999276,
      5.698913332630033e-15
    ],
    [
      -3.729055558181038e-15,
      0.9999999999990796
    ]
  ],
  "root_assigned_abs_overlaps": [
    0.9999999999999276,
    0.9999999999990796
  ],
  "grad": [
    [
      2.983603643518503e-11,
      4.5699604570909615e-08,
      0.01728012614364094
    ],
    [
      1.2154988064318606e-11,
      -0.022054700168498777,
      -0.008640084024841774
    ],
    [
      -4.199102449948841e-11,
      0.022054654468896453,
      -0.008640042118798527
    ]
  ],
  "nac": [
    [
      0.12468864630754001,
      1.9359824815033607e-08,
      -4.264162549446247e-09
    ],
    [
      -0.12894493850673544,
      -1.4036330524240844e-08,
      -2.1766940853522075e-09
    ],
    [
      -0.12894940477670352,
      -7.273073548755877e-09,
      -2.7371175497288363e-09
    ]
  ],
  "ci_overlap_with_fci": [
    0.9999999999999276,
    0.9999999999990796
  ],
  "ncas": 6,
  "ncore": 2,
  "nelec_act": 6,
  "runtime_s": 1.085869312286377
}