{
  "system": "h2o_631g",
  "label": "H2O / 6-31G / CAS(6,6) SA(2)",
  "bond_dim": 8,
  "e_states_fci": [
    -76.03543716161889,
    -75.7414981214892
  ],
  "e_states_dmrg": [
    -76.01479163887075,
    -75.72899175334501
  ],
  "e_dmrg_su2": [
    -76.03463723120426,
    -75.74047299705286
  ],
  "root_assignment_dmrg_to_fci": [
    0,
    1
  ],
  "root_overlap_matrix": [
    [
      0.9951914810805867,
      1.8025060181775567e-10
    ],
    [
      -5.657221929015014e-11,
      -0.9974533214752315
    ]
  ],
  "root_assigned_abs_overlaps": [
    0.9951914810805867,
    0.9974533214752315
  ],
  "grad": [
    [
      -7.509407866678769e-11,
      4.06499767662623e-05,
      0.011006737058410099
    ],
    [
      3.509930657190108e-11,
      -0.018456091480106237,
      -0.00542689175179701
    ],
    [
      3.999477209489363e-11,
      0.018415441503337075,
      -0.005579845306609925
    ]
  ],
  "nac": [
    [
      0.22134680578154442,
      -0.0018692597869553297,
      0.050537315539221625
    ],
    [
      -0.17470583395832046,
      0.0009831614916149338,
      -0.023711406151278397
    ],
    [
      -0.17426652655588012,
      0.0008860983037152195,
      -0.026825911704563568
    ]
  ],
  "ci_overlap_with_fci": [
    0.9951914810805867,
    0.9974533214752315
  ],
  "ncas": 6,
  "ncore": 2,
  "nelec_act": 6,
  "runtime_s": 1.250331163406372
}