{
  "system": "h2o_321g",
  "label": "H2O / 3-21g / CAS(6,6) SA(2)",
  "bond_dim": 12,
  "e_states_fci": [
    -75.63577928408966,
    -75.32788365854918
  ],
  "e_states_dmrg": [
    -75.59240223630889,
    -75.29202495395258
  ],
  "e_dmrg_su2": [
    -75.63523884240567,
    -75.32767528168837,
    -75.04130106981737,
    -74.9760955710552,
    -74.92345045032705,
    -74.78943907620625
  ],
  "root_assignment_dmrg_to_fci": [
    0,
    1
  ],
  "root_overlap_matrix": [
    [
      -0.9911859646609252,
      1.129951966016472e-09
    ],
    [
      -1.586093661894945e-10,
      0.9929012555597281
    ],
    [
      -0.00018288508185347415,
      1.116304209681034e-09
    ],
    [
      -1.0580047656511085e-10,
      -0.0037252822954221016
    ],
    [
      -0.003964972727687252,
      2.0586217316873878e-11
    ],
    [
      -0.00350118448962111,
      -1.0704999641914718e-11
    ]
  ],
  "root_assigned_abs_overlaps": [
    0.9911859646609252,
    0.9929012555597281
  ],
  "grad": [
    [
      2.045646751986794e-09,
      -0.023709049027438894,
      -0.01734864841797984
    ],
    [
      -9.58993664525316e-10,
      -0.0010326113475919163,
      0.015090645226619348
    ],
    [
      -1.0866530874614227e-09,
      0.02474166037502841,
      0.0022580031913554954
    ]
  ],
  "nac": [
    [
      -0.17478964251318857,
      -0.033142621750021466,
      -0.05312487950967427
    ],
    [
      0.18154611779268945,
      0.03556883019519122,
      0.035157096887611566
    ],
    [
      0.17785261082453263,
      -0.0024262031717413477,
      0.017967782796825742
    ]
  ],
  "ci_overlap_with_fci": [
    0.9911859646609252,
    0.9929012555597281
  ],
  "ncas": 6,
  "ncore": 2,
  "nelec_act": 6,
  "runtime_s": 2.1954166889190674
}