{
  "system": "h2o_631g",
  "label": "H2O / 6-31G / CAS(6,6) SA(2)",
  "bond_dim": 16,
  "e_states_fci": [
    -76.03543716161889,
    -75.7414981214892
  ],
  "e_states_dmrg": [
    -76.03444977487096,
    -75.73939525834061
  ],
  "e_dmrg_su2": [
    -76.03481210738143,
    -75.74127059766437
  ],
  "root_assignment_dmrg_to_fci": [
    0,
    1
  ],
  "root_overlap_matrix": [
    [
      -0.9998269559075535,
      -3.298437210059518e-12
    ],
    [
      7.847938105168198e-12,
      0.9996861701731213
    ]
  ],
  "root_assigned_abs_overlaps": [
    0.9998269559075535,
    0.9996861701731213
  ],
  "grad": [
    [
      1.1174781932362637e-11,
      -2.1927612161302262e-05,
      0.016573040395040393
    ],
    [
      -8.11451557656757e-12,
      -0.021693504868097874,
      -0.008268650202218644
    ],
    [
      -3.0602663557894312e-12,
      0.02171543248025769,
      -0.008304390192818655
    ]
  ],
  "nac": [
    [
      0.10605379484141943,
      0.0007083169614159664,
      0.0035506872035269716
    ],
    [
      -0.11998533208869465,
      -0.006017197701466754,
      -0.000961776971827576
    ],
    [
      -0.11964204825723498,
      0.005308880728844717,
      -0.002588911537865253
    ]
  ],
  "ci_overlap_with_fci": [
    0.9998269559075535,
    0.9996861701731214
  ],
  "ncas": 6,
  "ncore": 2,
  "nelec_act": 6,
  "runtime_s": 1.138063669204712
}