{
  "system": "h2o",
  "label": "H2O / sto-3g / CAS(4,4) SA(2)",
  "bond_dim": 3,
  "e_states_fci": [
    -74.97992092889334,
    -74.52945430271059
  ],
  "e_states_dmrg": [
    -74.95542498402051,
    -74.5164851290686
  ],
  "e_dmrg_su2": [
    -74.97992092889366,
    -74.52945430271319
  ],
  "root_assignment_dmrg_to_fci": [
    0,
    1
  ],
  "root_overlap_matrix": [
    [
      0.9919623823655225,
      -1.889618198955137e-12
    ],
    [
      -1.1239031935286102e-12,
      0.9961324597895225
    ]
  ],
  "root_assigned_abs_overlaps": [
    0.9919623823655225,
    0.9961324597895225
  ],
  "grad": [
    [
      -6.97921382009343e-13,
      0.0023237748744341404,
      0.05951505012168389
    ],
    [
      7.213753716179752e-13,
      -0.02593482998279672,
      -0.03928294581555604
    ],
    [
      -2.3453989608616007e-14,
      0.02361105510836113,
      -0.020232104306127645
    ]
  ],
  "nac": [
    [
      0.35621960162988264,
      -0.04594550489474771,
      -0.002494801874296016
    ],
    [
      -0.25993501930042956,
      -0.0014083757733445053,
      -0.007148328283128625
    ],
    [
      -0.2252654249976626,
      0.04735388066926056,
      0.009643130157032243
    ]
  ],
  "ci_overlap_with_fci": [
    0.9919623823655225,
    0.9961324597895225
  ],
  "ncas": 4,
  "ncore": 3,
  "nelec_act": 4,
  "runtime_s": 2.333019256591797
}