{
  "system": "h2o_321g",
  "label": "H2O / 3-21g / CAS(6,6) SA(2)",
  "bond_dim": 3,
  "e_states_fci": [
    -75.63577928408966,
    -75.32788365854918
  ],
  "e_states_dmrg": [
    -74.83993372708676,
    -74.83998134197199
  ],
  "e_dmrg_su2": [
    -75.58528086466444,
    -75.2899322575744,
    -75.0060957892769,
    -74.94334855652802,
    -74.87364054164459,
    -74.75101564256492
  ],
  "root_assignment_dmrg_to_fci": [
    1,
    2
  ],
  "root_overlap_matrix": [
    [
      7.869463157133809e-06,
      -1.807569657059202e-07
    ],
    [
      0.03434455047047033,
      8.02815458545289e-05
    ],
    [
      0.03434353673885864,
      8.028028997992737e-05
    ],
    [
      -3.0321527676895102e-05,
      6.630520124648172e-11
    ],
    [
      0.03405192495252883,
      7.957108955177367e-05
    ],
    [
      -3.0336588159353488e-05,
      3.1056117438546075e-11
    ]
  ],
  "root_assigned_abs_overlaps": [
    0.03434455047047033,
    8.028028997992737e-05
  ],
  "grad": [
    [
      5.0393871803862354e-05,
      0.005783575323513592,
      -0.3508696476995584
    ],
    [
      -8.933065390475505e-05,
      -0.036485664117916955,
      0.17623582187740683
    ],
    [
      3.893678210086e-05,
      0.030702088794408527,
      0.17463382582215986
    ]
  ],
  "nac": [
    [
      1.1191733683849907,
      184.9386608954653,
      22309.393942662013
    ],
    [
      -18.142310262749255,
      -17147.70800148728,
      -11139.96226057825
    ],
    [
      17.023136890015188,
      16962.76834981509,
      -11169.431683471688
    ]
  ],
  "ci_overlap_with_fci": [
    0.03434455047047033,
    8.028028997992737e-05
  ],
  "ncas": 6,
  "ncore": 2,
  "nelec_act": 6,
  "runtime_s": 5.6615965366363525
}