{
  "system": "h2o_321g",
  "label": "H2O / 3-21g / CAS(6,6) SA(2)",
  "bond_dim": 8,
  "e_states_fci": [
    -75.63577928408966,
    -75.32788365854918
  ],
  "e_states_dmrg": [
    -75.58855465711895,
    -75.24346008668013
  ],
  "e_dmrg_su2": [
    -75.62529360605954,
    -75.317726214776,
    -75.0349395138712,
    -74.96769048851334,
    -74.9145897169249,
    -74.78124830843191
  ],
  "root_assignment_dmrg_to_fci": [
    0,
    1
  ],
  "root_overlap_matrix": [
    [
      0.9901060649756124,
      6.919121764882519e-11
    ],
    [
      -7.56026167276079e-11,
      0.975571708667051
    ],
    [
      0.00018501905494943847,
      5.4714314533417015e-11
    ],
    [
      -5.037442252544834e-12,
      0.0008001190446174342
    ],
    [
      0.00545409022404569,
      -3.9694615622063895e-11
    ],
    [
      0.0031837540933347397,
      2.4588368382053875e-11
    ]
  ],
  "root_assigned_abs_overlaps": [
    0.9901060649756124,
    0.975571708667051
  ],
  "grad": [
    [
      -1.3924835667946628e-10,
      -0.0011138547867612738,
      -0.036297790114292516
    ],
    [
      6.545091170125159e-11,
      -0.028431389890495998,
      0.018262813878575757
    ],
    [
      7.379744497821276e-11,
      0.029545244677259053,
      0.01803497623572925
    ]
  ],
  "nac": [
    [
      -0.10291232226080758,
      -0.00041367269536834355,
      -0.0593009299930587
    ],
    [
      0.14494457102999153,
      -0.007772473771410917,
      0.02913155486497939
    ],
    [
      0.14563474711415153,
      0.008186146500065997,
      0.030169375048811627
    ]
  ],
  "ci_overlap_with_fci": [
    0.9901060649756124,
    0.975571708667051
  ],
  "ncas": 6,
  "ncore": 2,
  "nelec_act": 6,
  "runtime_s": 2.746648073196411
}