{
  "system": "h2o",
  "label": "H2O / sto-3g / CAS(4,4) SA(2)",
  "bond_dim": 4,
  "e_states_fci": [
    -74.97992092889334,
    -74.52945430271059
  ],
  "e_states_dmrg": [
    -74.9699426377497,
    -74.51648410440353
  ],
  "e_dmrg_su2": [
    -74.97992092889366,
    -74.52945430271319
  ],
  "root_assignment_dmrg_to_fci": [
    0,
    1
  ],
  "root_overlap_matrix": [
    [
      0.9962688457726513,
      1.936918897576205e-12
    ],
    [
      4.685746128744708e-12,
      0.9961316764366702
    ]
  ],
  "root_assigned_abs_overlaps": [
    0.9962688457726513,
    0.9961316764366702
  ],
  "grad": [
    [
      -4.7725441838114455e-12,
      0.5314061891909955,
      0.17627391368548234
    ],
    [
      1.0115375269988322e-11,
      -0.32464929012036603,
      -0.23445687380501082
    ],
    [
      -5.3428310861768285e-12,
      -0.20675689907063494,
      0.05818296011953178
    ]
  ],
  "nac": [
    [
      0.32706944355085826,
      -0.6310360914516526,
      -0.1340717673026122
    ],
    [
      -0.24162598038502428,
      0.33447022668637644,
      0.2162775358109503
    ],
    [
      -0.21451110087833475,
      0.29656586476297486,
      -0.08220576851002248
    ]
  ],
  "ci_overlap_with_fci": [
    0.9962688457726513,
    0.9961316764366702
  ],
  "ncas": 4,
  "ncore": 3,
  "nelec_act": 4,
  "runtime_s": 2.611588954925537
}