{
  "system": "h2o",
  "label": "H2O / sto-3g / CAS(4,4) SA(2)",
  "bond_dim": 30,
  "e_states_fci": [
    -74.97992092889334,
    -74.52945430271059
  ],
  "e_states_dmrg": [
    -74.9799209288937,
    -74.52945430271322
  ],
  "e_dmrg_su2": [
    -74.97992092889369,
    -74.52945430271322,
    -74.4387941626629,
    -74.1827611973613,
    -73.95531311952553,
    -73.908087460367
  ],
  "root_assignment_dmrg_to_fci": [
    0,
    1
  ],
  "root_overlap_matrix": [
    [
      0.9999999999998663,
      3.1166608559165774e-18
    ],
    [
      -6.583943031110774e-16,
      0.9999999999869621
    ],
    [
      4.217090146919544e-15,
      5.090627862353983e-06
    ],
    [
      -3.273518412052059e-07,
      1.7436894617276224e-15
    ],
    [
      3.052909423700503e-08,
      5.9778479747582586e-15
    ],
    [
      9.282392423418514e-08,
      2.4623119636505947e-15
    ]
  ],
  "root_assigned_abs_overlaps": [
    0.9999999999998663,
    0.9999999999869621
  ],
  "grad": [
    [
      -2.7922054583331077e-14,
      0.10507693648998717,
      0.08668088038996141
    ],
    [
      3.36872800700583e-14,
      -0.08473426916152088,
      -0.08405587550496388
    ],
    [
      -5.765225486734605e-15,
      -0.02034266732846557,
      -0.002625004884996826
    ]
  ],
  "nac": [
    [
      0.3091366721294887,
      1.8414938834483416e-12,
      -1.9668845704536815e-13
    ],
    [
      -0.24003591574468525,
      -8.917820941285365e-13,
      -5.649454228693872e-13
    ],
    [
      -0.2001999279672056,
      -1.0699140190457348e-12,
      8.514646662112849e-13
    ]
  ],
  "ci_overlap_with_fci": [
    0.9999999999998663,
    0.9999999999869621
  ],
  "ncas": 4,
  "ncore": 3,
  "nelec_act": 4,
  "runtime_s": 0.5314619541168213
}