{
  "system": "h2o",
  "label": "H2O / sto-3g / CAS(4,4) SA(2)",
  "bond_dim": 200,
  "e_states_fci": [
    -74.97992092889334,
    -74.52945430271059
  ],
  "e_states_dmrg": [
    -74.97992092889368,
    -74.52945430271318
  ],
  "e_dmrg_su2": [
    -74.97992092889368,
    -74.52945430271318
  ],
  "root_assignment_dmrg_to_fci": [
    0,
    1
  ],
  "root_overlap_matrix": [
    [
      0.9999999999998619,
      -2.942704026145183e-14
    ],
    [
      -2.6732491995993956e-14,
      0.9999999999863798
    ]
  ],
  "root_assigned_abs_overlaps": [
    0.9999999999998619,
    0.9999999999863798
  ],
  "grad": [
    [
      1.0135871195434108e-09,
      0.10507695087241666,
      0.08668086997069495
    ],
    [
      5.707305468889124e-10,
      -0.08473427635527625,
      -0.084055890993874
    ],
    [
      -1.5843176664322798e-09,
      -0.02034267451714042,
      -0.0026249789768234416
    ]
  ],
  "nac": [
    [
      0.30913658882965417,
      -1.2799028129571192e-07,
      -1.7619425457883023e-08
    ],
    [
      -0.2400358543262821,
      6.301829746415111e-08,
      4.888565679106135e-08
    ],
    [
      -0.20019991052639521,
      4.540348991947025e-08,
      -4.289788954875937e-08
    ]
  ],
  "ci_overlap_with_fci": [
    0.9999999999998619,
    0.9999999999863798
  ],
  "ncas": 4,
  "ncore": 3,
  "nelec_act": 4,
  "runtime_s": 1.2238340377807617
}