{
  "system": "h2o_321g",
  "label": "H2O / 3-21g / CAS(6,6) SA(2)",
  "bond_dim": 6,
  "e_states_fci": [
    -75.63577928408966,
    -75.32788365854918
  ],
  "e_states_dmrg": [
    -75.58215631231771,
    -75.24371944216156
  ],
  "e_dmrg_su2": [
    -75.61117097523886,
    -75.3065599633446,
    -75.01709949871031,
    -74.96228838157967,
    -74.90143572735715,
    -74.77637284606124
  ],
  "root_assignment_dmrg_to_fci": [
    0,
    1
  ],
  "root_overlap_matrix": [
    [
      0.9884895796928245,
      6.759049340011334e-11
    ],
    [
      -7.541310196947834e-11,
      0.9756226487782136
    ],
    [
      -2.715865019643317e-07,
      -5.4158593312588405e-11
    ],
    [
      -5.755326937630071e-12,
      0.000422057697424463
    ],
    [
      -0.00038352832581439733,
      5.57070870978786e-11
    ],
    [
      -0.00484183795756352,
      3.742339777314421e-11
    ]
  ],
  "root_assigned_abs_overlaps": [
    0.9884895796928245,
    0.9756226487782136
  ],
  "grad": [
    [
      4.65676108737122e-09,
      0.0008959720771195016,
      0.09007785842831578
    ],
    [
      -2.1912606681983763e-09,
      -0.06234722146667793,
      -0.04520844019116925
    ],
    [
      -2.4655004191727603e-09,
      0.06145124938955899,
      -0.04486941823719766
    ]
  ],
  "nac": [
    [
      -0.11592261760449694,
      0.002801153895217827,
      0.11840784218435216
    ],
    [
      0.1512727167534931,
      -0.06238570494688338,
      -0.06029484066315759
    ],
    [
      0.1524754481678478,
      0.05958455108711259,
      -0.058113001587020215
    ]
  ],
  "ci_overlap_with_fci": [
    0.9884895796928245,
    0.9756226487782134
  ],
  "ncas": 6,
  "ncore": 2,
  "nelec_act": 6,
  "runtime_s": 5.833235263824463
}