{
  "system": "h2o_321g",
  "label": "H2O / 3-21g / CAS(6,6) SA(2)",
  "bond_dim": 30,
  "e_states_fci": [
    -75.63577928408966,
    -75.32788365854918
  ],
  "e_states_dmrg": [
    -75.63461574385298,
    -75.3227665439124
  ],
  "e_dmrg_su2": [
    -75.63577928408986,
    -75.32788365854981,
    -75.04141579625642,
    -74.97610906111382,
    -74.92390588480802,
    -74.78982209278793
  ],
  "root_assignment_dmrg_to_fci": [
    0,
    1
  ],
  "root_overlap_matrix": [
    [
      -0.9998477715816724,
      2.76409420335407e-10
    ],
    [
      -2.4925724789791137e-10,
      -0.9991992647268493
    ],
    [
      9.390895548265792e-05,
      -2.0737279726932672e-11
    ],
    [
      2.6496710962862557e-12,
      2.6138851669380947e-05
    ],
    [
      -0.00017464921706058286,
      -1.4175566407278304e-10
    ],
    [
      0.000349580196669641,
      -5.178359142793195e-11
    ]
  ],
  "root_assigned_abs_overlaps": [
    0.9998477715816724,
    0.9991992647268493
  ],
  "grad": [
    [
      8.169741809496043e-11,
      -4.820490513071158e-06,
      0.040188697060594435
    ],
    [
      -4.203041515516663e-11,
      -0.029237372678962932,
      -0.020091997480254094
    ],
    [
      -3.9667002939791655e-11,
      0.029242193169475704,
      -0.02009669958034277
    ]
  ],
  "nac": [
    [
      -0.08790714017934309,
      0.00021000460327429623,
      0.0022197781719177205
    ],
    [
      0.13563650125251858,
      -0.0012132114602967645,
      -0.0011852366386145047
    ],
    [
      0.13584697377203742,
      0.0010032068488279782,
      -0.0010345415859425772
    ]
  ],
  "ci_overlap_with_fci": [
    0.9998477715816724,
    0.9991992647268493
  ],
  "ncas": 6,
  "ncore": 2,
  "nelec_act": 6,
  "runtime_s": 1.553981065750122
}