{
  "system": "h4_321g",
  "label": "H4 chain / 3-21g / CAS(4,4) SA(2), R=1.5 Bohr",
  "bond_dim": 3,
  "e_states_fci": [
    -2.186286835098903,
    -1.7411252728336901
  ],
  "e_states_dmrg": [
    -1.7105892076760547,
    -1.7238333426555137
  ],
  "e_dmrg_su2": [
    -2.18628683509952,
    -1.7411252728338713,
    -1.6010376440312202,
    -1.3792766050043044,
    -1.2294867940166068,
    -1.0641601532322107
  ],
  "root_assignment_dmrg_to_fci": [
    1,
    0
  ],
  "root_overlap_matrix": [
    [
      0.0014061273125250673,
      0.9827392671325466
    ],
    [
      -0.0014165021957232634,
      -0.977556672089082
    ],
    [
      -0.0014165021053321224,
      -0.9775500879481204
    ],
    [
      0.0014164995907463567,
      0.9776210969479817
    ],
    [
      3.7545607062334274e-05,
      0.000547134162894293
    ],
    [
      0.00016245947524347407,
      0.014123319776189757
    ]
  ],
  "root_assigned_abs_overlaps": [
    0.0014165021957232634,
    0.9827392671325466
  ],
  "grad": [
    [
      0.14480145890555068,
      0.0,
      0.0
    ],
    [
      -0.24252577571037034,
      0.0,
      0.0
    ],
    [
      0.21354578866767396,
      0.0,
      0.0
    ],
    [
      -0.1158214718628557,
      0.0,
      0.0
    ]
  ],
  "nac": [
    [
      35.676030378937064,
      -0.0,
      -0.0
    ],
    [
      16.744812757308697,
      -0.0,
      -0.0
    ],
    [
      -17.79308288873948,
      -0.0,
      -0.0
    ],
    [
      -34.63371540261859,
      -0.0,
      -0.0
    ]
  ],
  "ci_overlap_with_fci": [
    0.0014165021957232632,
    0.9827392671325466
  ],
  "ncas": 4,
  "ncore": 0,
  "nelec_act": 4,
  "runtime_s": 3.3105874061584473
}