{
  "system": "h4_321g",
  "label": "H4 chain / 3-21g / CAS(4,4) SA(2), R=1.5 Bohr",
  "bond_dim": 4,
  "e_states_fci": [
    -2.186286835098903,
    -1.7411252728336901
  ],
  "e_states_dmrg": [
    -2.101773266822619,
    -0.9830530402002986
  ],
  "e_dmrg_su2": [
    -2.1862868350995512,
    -1.741125272833835,
    -1.6010376440312424,
    -1.3792766050042964,
    -1.2294867940165677,
    -1.0641601532321938
  ],
  "root_assignment_dmrg_to_fci": [
    0,
    1
  ],
  "root_overlap_matrix": [
    [
      0.9527489924337686,
      -9.532014030626598e-06
    ],
    [
      0.0003459770790802676,
      -0.025531787476704856
    ],
    [
      -0.2314232753938637,
      8.189517999669933e-06
    ],
    [
      0.22258655445880646,
      2.0310117592742317e-06
    ],
    [
      0.13200219555792692,
      9.86562069836315e-07
    ],
    [
      -4.552765666804925e-07,
      -0.02553178500732673
    ]
  ],
  "root_assigned_abs_overlaps": [
    0.9527489924337686,
    0.025531787476704856
  ],
  "grad": [
    [
      -0.03770746285536354,
      0.0,
      0.0
    ],
    [
      0.2203317395686669,
      0.0,
      0.0
    ],
    [
      -0.21606060964282583,
      0.0,
      0.0
    ],
    [
      0.03343633292952347,
      0.0,
      0.0
    ]
  ],
  "nac": [
    [
      -1.4219761772866408,
      0.0,
      0.0
    ],
    [
      1.4345536781942703,
      0.0,
      0.0
    ],
    [
      1.2911124647699532,
      0.0,
      0.0
    ],
    [
      -1.3433178730795057,
      0.0,
      0.0
    ]
  ],
  "ci_overlap_with_fci": [
    0.9527489924337686,
    0.025531787476704863
  ],
  "ncas": 4,
  "ncore": 0,
  "nelec_act": 4,
  "runtime_s": 3.3314425945281982
}