{
  "system": "h4_321g",
  "label": "H4 chain / 3-21g / CAS(4,4) SA(2), R=1.5 Bohr",
  "bond_dim": 2,
  "e_states_fci": [
    -2.186286835098903,
    -1.7411252728336901
  ],
  "e_states_dmrg": [
    -1.679226367449263,
    -1.7280259295785756
  ],
  "e_dmrg_su2": [
    -2.1779656124312687,
    -1.7381922187154473,
    -1.5428213872240129,
    -1.3614007388353428,
    -1.2133304735354864,
    -1.0495162963557303
  ],
  "root_assignment_dmrg_to_fci": [
    1,
    4
  ],
  "root_overlap_matrix": [
    [
      -5.799641799401353e-06,
      0.993483679037954
    ],
    [
      5.927514688612714e-06,
      -0.9727890399397867
    ],
    [
      5.207553265309221e-06,
      -0.9453553407751141
    ],
    [
      1.2308316182302522e-06,
      -0.02400779493207209
    ],
    [
      5.811213101571899e-06,
      -0.9936686508564572
    ],
    [
      2.6985269119202196e-07,
      0.13811424922541116
    ]
  ],
  "root_assigned_abs_overlaps": [
    5.927514688612714e-06,
    0.9936686508564572
  ],
  "grad": [
    [
      0.2028914243134446,
      0.0,
      0.0
    ],
    [
      -0.4439804896556175,
      0.0,
      0.0
    ],
    [
      0.4439740362384009,
      0.0,
      0.0
    ],
    [
      -0.20288497089622767,
      0.0,
      0.0
    ]
  ],
  "nac": [
    [
      -8.582049678919358,
      -0.0,
      -0.0
    ],
    [
      -5.70427877897337,
      -0.0,
      -0.0
    ],
    [
      5.703431011394543,
      -0.0,
      -0.0
    ],
    [
      8.582904387297845,
      -0.0,
      -0.0
    ]
  ],
  "ci_overlap_with_fci": [
    5.927514688612714e-06,
    0.993668650856457
  ],
  "ncas": 4,
  "ncore": 0,
  "nelec_act": 4,
  "runtime_s": 3.539841651916504
}