{
  "system": "h4_321g",
  "label": "H4 chain / 3-21g / CAS(4,4) SA(2), R=1.5 Bohr",
  "bond_dim": 6,
  "e_states_fci": [
    -2.186286835098903,
    -1.7411252728336901
  ],
  "e_states_dmrg": [
    -2.1696651277426815,
    -1.7309540912811974
  ],
  "e_dmrg_su2": [
    -2.1862868350995663,
    -1.7411252728339122,
    -1.6010376440313054,
    -1.3792766050043044,
    -1.2294867940165863,
    -1.0641601532322085
  ],
  "root_assignment_dmrg_to_fci": [
    0,
    1
  ],
  "root_overlap_matrix": [
    [
      -0.9949195750538384,
      -1.8660936940199653e-07
    ],
    [
      -4.463683870114534e-08,
      0.995045526797685
    ],
    [
      0.010842235270948387,
      -2.406294015307144e-07
    ],
    [
      0.004980351276015024,
      5.627197366434988e-08
    ],
    [
      0.010642749110440192,
      -3.65588865102198e-07
    ],
    [
      -1.279337305472836e-07,
      0.0015562837363288593
    ]
  ],
  "root_assigned_abs_overlaps": [
    0.9949195750538384,
    0.995045526797685
  ],
  "grad": [
    [
      0.002041477169787507,
      0.0,
      0.0
    ],
    [
      0.1633798714339314,
      0.0,
      0.0
    ],
    [
      -0.16337908984887323,
      0.0,
      0.0
    ],
    [
      -0.0020422587548454343,
      0.0,
      0.0
    ]
  ],
  "nac": [
    [
      0.3300910017340692,
      0.0,
      0.0
    ],
    [
      0.12456847996716594,
      0.0,
      0.0
    ],
    [
      0.125735833050467,
      0.0,
      0.0
    ],
    [
      0.318153222911648,
      0.0,
      0.0
    ]
  ],
  "ci_overlap_with_fci": [
    0.9949195750538384,
    0.995045526797685
  ],
  "ncas": 4,
  "ncore": 0,
  "nelec_act": 4,
  "runtime_s": 3.3446848392486572
}