{
  "system": "h4_321g",
  "label": "H4 chain / 3-21g / CAS(4,4) SA(2), R=1.5 Bohr",
  "bond_dim": 200,
  "e_states_fci": [
    -2.186286835098903,
    -1.7411252728336901
  ],
  "e_states_dmrg": [
    -2.186286835099545,
    -1.7411252728338749
  ],
  "e_dmrg_su2": [
    -2.186286835099544,
    -1.7411252728338704,
    -1.6010376440312486,
    -1.3792766050042875,
    -1.2294867940165757,
    -1.0641601532322138
  ],
  "root_assignment_dmrg_to_fci": [
    0,
    1
  ],
  "root_overlap_matrix": [
    [
      -0.9999999999995838,
      -6.52888233665584e-14
    ],
    [
      -2.0275118437971567e-13,
      0.9999999999998954
    ],
    [
      8.022225042734241e-07,
      1.3319341123376987e-07
    ],
    [
      2.611676347379718e-07,
      1.0591469286775938e-07
    ],
    [
      -1.645571003683569e-07,
      -3.9069099345776186e-08
    ],
    [
      3.18015552563214e-08,
      -3.436937195713038e-07
    ]
  ],
  "root_assigned_abs_overlaps": [
    0.9999999999995838,
    0.9999999999998954
  ],
  "grad": [
    [
      0.013613294511168578,
      0.0,
      0.0
    ],
    [
      0.14111285317907107,
      0.0,
      0.0
    ],
    [
      -0.14111285116125855,
      0.0,
      0.0
    ],
    [
      -0.013613296528980662,
      0.0,
      0.0
    ]
  ],
  "nac": [
    [
      0.3864184165118124,
      0.0,
      0.0
    ],
    [
      0.06404161007327254,
      0.0,
      0.0
    ],
    [
      0.06404181433816018,
      0.0,
      0.0
    ],
    [
      0.3864213132686496,
      0.0,
      0.0
    ]
  ],
  "ci_overlap_with_fci": [
    0.9999999999995838,
    0.9999999999998954
  ],
  "ncas": 4,
  "ncore": 0,
  "nelec_act": 4,
  "runtime_s": 0.5777673721313477
}