{
  "system": "h4_321g",
  "label": "H4 chain / 3-21g / CAS(4,4) SA(2), R=1.5 Bohr",
  "bond_dim": 12,
  "e_states_fci": [
    -2.186286835098903,
    -1.7411252728336901
  ],
  "e_states_dmrg": [
    -2.182501357287748,
    -1.7318081573018
  ],
  "e_dmrg_su2": [
    -2.186286835099552,
    -1.7411252728338784,
    -1.6010376440312681,
    -1.3792766050042946,
    -1.2294867940165721,
    -1.064160153232213
  ],
  "root_assignment_dmrg_to_fci": [
    0,
    1
  ],
  "root_overlap_matrix": [
    [
      0.9992064919889381,
      -7.169335062282454e-08
    ],
    [
      -7.2206548789141e-08,
      0.995448319912518
    ],
    [
      0.0003135612956850005,
      -4.266170860410061e-08
    ],
    [
      -0.000637658164119374,
      -1.3324977514349704e-08
    ],
    [
      -0.00024650989486601203,
      7.397918757207334e-09
    ],
    [
      3.160584009816328e-08,
      0.00031289227944221513
    ]
  ],
  "root_assigned_abs_overlaps": [
    0.9992064919889381,
    0.995448319912518
  ],
  "grad": [
    [
      0.012002625920583102,
      0.0,
      0.0
    ],
    [
      0.15332124162370414,
      0.0,
      0.0
    ],
    [
      -0.15331988334114555,
      0.0,
      0.0
    ],
    [
      -0.012003984203141044,
      0.0,
      0.0
    ]
  ],
  "nac": [
    [
      0.3426635975141827,
      0.0,
      0.0
    ],
    [
      0.11647222827598415,
      0.0,
      0.0
    ],
    [
      0.09099095545234562,
      0.0,
      0.0
    ],
    [
      0.34397305234977976,
      0.0,
      0.0
    ]
  ],
  "ci_overlap_with_fci": [
    0.9992064919889381,
    0.995448319912518
  ],
  "ncas": 4,
  "ncore": 0,
  "nelec_act": 4,
  "runtime_s": 3.355862855911255
}