{
  "system": "h4_321g",
  "label": "H4 chain / 3-21g / CAS(4,4) SA(2), R=1.5 Bohr",
  "bond_dim": 5,
  "e_states_fci": [
    -2.186286835098903,
    -1.7411252728336901
  ],
  "e_states_dmrg": [
    -2.1660907644238137,
    -1.7093047478577565
  ],
  "e_dmrg_su2": [
    -2.186286835099575,
    -1.741125272833873,
    -1.6010376440312575,
    -1.3792766050042946,
    -1.2294867940165588,
    -1.0641601532322227
  ],
  "root_assignment_dmrg_to_fci": [
    0,
    1
  ],
  "root_overlap_matrix": [
    [
      -0.993792135092842,
      4.690891330662864e-08
    ],
    [
      1.9773335952767452e-07,
      -0.9775263723102396
    ],
    [
      0.001084003022013058,
      -8.36111428829135e-07
    ],
    [
      -0.008319250494381925,
      1.7262921152189895e-07
    ],
    [
      -0.007931632695354872,
      -5.895850222500731e-07
    ],
    [
      4.725750629295943e-06,
      0.977526372056966
    ]
  ],
  "root_assigned_abs_overlaps": [
    0.993792135092842,
    0.9775263723102396
  ],
  "grad": [
    [
      0.0045537431267189885,
      0.0,
      0.0
    ],
    [
      0.1267891051937286,
      0.0,
      0.0
    ],
    [
      -0.12678835183447754,
      0.0,
      0.0
    ],
    [
      -0.004554496485968451,
      0.0,
      0.0
    ]
  ],
  "nac": [
    [
      0.30575762870327844,
      0.0,
      0.0
    ],
    [
      0.08661583127210622,
      0.0,
      0.0
    ],
    [
      0.2113555010521295,
      0.0,
      0.0
    ],
    [
      0.2759004163979064,
      0.0,
      0.0
    ]
  ],
  "ci_overlap_with_fci": [
    0.993792135092842,
    0.9775263723102394
  ],
  "ncas": 4,
  "ncore": 0,
  "nelec_act": 4,
  "runtime_s": 3.343069076538086
}