{
  "system": "h4_321g",
  "label": "H4 chain / 3-21g / CAS(4,4) SA(2), R=1.5 Bohr",
  "bond_dim": 8,
  "e_states_fci": [
    -2.186286835098903,
    -1.7411252728336901
  ],
  "e_states_dmrg": [
    -2.171113205342703,
    -1.7307168598123406
  ],
  "e_dmrg_su2": [
    -2.1862868350995317,
    -1.7411252728338722,
    -1.601037644031253,
    -1.3792766050043221,
    -1.2294867940165783,
    -1.0641601532322316
  ],
  "root_assignment_dmrg_to_fci": [
    0,
    1
  ],
  "root_overlap_matrix": [
    [
      0.9955385815754164,
      1.2528219573150609e-07
    ],
    [
      -7.923451085424892e-08,
      -0.995207127171648
    ],
    [
      0.0062987850994378185,
      -5.95626586455052e-07
    ],
    [
      0.007019311235340135,
      -5.55692802079929e-07
    ],
    [
      -0.007498850300429992,
      -1.3792848851491473e-07
    ],
    [
      -3.742677749217376e-08,
      -0.0037443305755526695
    ]
  ],
  "root_assigned_abs_overlaps": [
    0.9955385815754164,
    0.995207127171648
  ],
  "grad": [
    [
      0.010205668324378796,
      0.0,
      0.0
    ],
    [
      0.14189815884202855,
      0.0,
      0.0
    ],
    [
      -0.14189678321908306,
      0.0,
      0.0
    ],
    [
      -0.010207043947324294,
      0.0,
      0.0
    ]
  ],
  "nac": [
    [
      0.3291450848991447,
      0.0,
      0.0
    ],
    [
      0.11512704470009548,
      0.0,
      0.0
    ],
    [
      0.13875016552305636,
      0.0,
      0.0
    ],
    [
      0.31269020711121853,
      0.0,
      0.0
    ]
  ],
  "ci_overlap_with_fci": [
    0.9955385815754164,
    0.9952071271716479
  ],
  "ncas": 4,
  "ncore": 0,
  "nelec_act": 4,
  "runtime_s": 3.3700129985809326
}