{
  "system": "h4_631g",
  "label": "H4 chain / 6-31g / CAS(4,4) SA(2), R=1.5 Bohr",
  "bond_dim": 3,
  "e_states_fci": [
    -2.1880904631282094,
    -1.764515132682913
  ],
  "e_states_dmrg": [
    -1.8606643706596717,
    -1.861871559007862
  ],
  "e_dmrg_su2": [
    -2.1880904631286615,
    -1.764515132683547,
    -1.5876521183452237,
    -1.3613835959487668,
    -1.0579375743088693,
    -1.017646886746955
  ],
  "root_assignment_dmrg_to_fci": [
    0,
    1
  ],
  "root_overlap_matrix": [
    [
      0.7252600874717298,
      -0.4258725785805643
    ],
    [
      -0.7160570111351607,
      0.4334052214240791
    ],
    [
      0.682799934385459,
      -0.4277173226675458
    ],
    [
      -0.09555442060831858,
      -0.020372742243846543
    ],
    [
      0.05740364603209321,
      -0.11166077632173635
    ],
    [
      -0.043242602684885285,
      0.005524890135001952
    ]
  ],
  "root_assigned_abs_overlaps": [
    0.7252600874717298,
    0.4334052214240791
  ],
  "grad": [
    [
      1.2182152817623413,
      0.0,
      0.0
    ],
    [
      -2.0822096143797424,
      0.0,
      0.0
    ],
    [
      1.4744289840203801,
      0.0,
      0.0
    ],
    [
      -0.6104346514029941,
      0.0,
      0.0
    ]
  ],
  "nac": [
    [
      -715.5016268005677,
      -0.0,
      -0.0
    ],
    [
      489.4085711470924,
      -0.0,
      -0.0
    ],
    [
      -584.2618139037329,
      -0.0,
      -0.0
    ],
    [
      810.3534736010824,
      -0.0,
      -0.0
    ]
  ],
  "ci_overlap_with_fci": [
    0.7252600874717298,
    0.4334052214240792
  ],
  "ncas": 4,
  "ncore": 0,
  "nelec_act": 4,
  "runtime_s": 3.3494632244110107
}