{
  "system": "h4_631g",
  "label": "H4 chain / 6-31g / CAS(4,4) SA(2), R=1.5 Bohr",
  "bond_dim": 5,
  "e_states_fci": [
    -2.1880904631282094,
    -1.764515132682913
  ],
  "e_states_dmrg": [
    -2.151346349215017,
    -1.7148293184630203
  ],
  "e_dmrg_su2": [
    -2.1880904631286464,
    -1.7645151326835942,
    -1.5876521183452432,
    -1.3613835959487615,
    -1.0579375743088817,
    -1.0176468867469581
  ],
  "root_assignment_dmrg_to_fci": [
    0,
    1
  ],
  "root_overlap_matrix": [
    [
      0.9860721425677503,
      -0.025607003488557538
    ],
    [
      0.03143943398749832,
      -0.969963914950704
    ],
    [
      -0.03773491889305561,
      -0.06194741459944917
    ],
    [
      0.002225069858569545,
      0.003584940106221509
    ],
    [
      0.08117548869323249,
      0.11743214446972138
    ],
    [
      0.17204247407593912,
      0.29225666321345645
    ]
  ],
  "root_assigned_abs_overlaps": [
    0.9860721425677503,
    0.969963914950704
  ],
  "grad": [
    [
      15.685032387746126,
      0.0,
      0.0
    ],
    [
      6.714060434127925,
      0.0,
      0.0
    ],
    [
      18.738950670467876,
      0.0,
      0.0
    ],
    [
      -41.138043492342085,
      0.0,
      0.0
    ]
  ],
  "nac": [
    [
      -0.2635138663474659,
      0.0,
      0.0
    ],
    [
      0.857558315862276,
      0.0,
      0.0
    ],
    [
      -0.9737151957526566,
      0.0,
      0.0
    ],
    [
      1.2075562832413127,
      0.0,
      0.0
    ]
  ],
  "ci_overlap_with_fci": [
    0.9860721425677503,
    0.969963914950704
  ],
  "ncas": 4,
  "ncore": 0,
  "nelec_act": 4,
  "runtime_s": 3.3654677867889404
}