{
  "system": "h4_631g",
  "label": "H4 chain / 6-31g / CAS(4,4) SA(2), R=1.5 Bohr",
  "bond_dim": 2,
  "e_states_fci": [
    -2.1880904631282094,
    -1.764515132682913
  ],
  "e_states_dmrg": [
    -1.5371255309015481,
    -1.5400242418101184
  ],
  "e_dmrg_su2": [
    -2.179752567857201,
    -1.76052733121064,
    -1.5382637988609815,
    -1.350221385100527,
    -1.046812651672191,
    -0.9910081983102472
  ],
  "root_assignment_dmrg_to_fci": [
    1,
    0
  ],
  "root_overlap_matrix": [
    [
      0.08878693697288656,
      -0.634818698372159
    ],
    [
      -0.0857128950542887,
      0.6304771669088238
    ],
    [
      0.027478324447527538,
      -0.06183275683031969
    ],
    [
      0.0012746631276610906,
      0.12406355331487037
    ],
    [
      0.08509737793170964,
      -0.538001270245669
    ],
    [
      -0.03305643398059633,
      0.10297836396035828
    ]
  ],
  "root_assigned_abs_overlaps": [
    0.0857128950542887,
    0.634818698372159
  ],
  "grad": [
    [
      -0.035127296393421215,
      0.0,
      0.0
    ],
    [
      -0.9909691668729692,
      0.0,
      0.0
    ],
    [
      -0.2650503032945806,
      0.0,
      0.0
    ],
    [
      1.2911467665609646,
      0.0,
      0.0
    ]
  ],
  "nac": [
    [
      -186.23913624839423,
      -0.0,
      -0.0
    ],
    [
      29.727737242676746,
      -0.0,
      -0.0
    ],
    [
      91.51344464000631,
      -0.0,
      -0.0
    ],
    [
      64.99259022385378,
      -0.0,
      -0.0
    ]
  ],
  "ci_overlap_with_fci": [
    0.0857128950542887,
    0.634818698372159
  ],
  "ncas": 4,
  "ncore": 0,
  "nelec_act": 4,
  "runtime_s": 3.30108380317688
}