{
  "system": "h4_631g",
  "label": "H4 chain / 6-31g / CAS(4,4) SA(2), R=1.5 Bohr",
  "bond_dim": 200,
  "e_states_fci": [
    -2.1880904631282094,
    -1.764515132682913
  ],
  "e_states_dmrg": [
    -2.188090463128658,
    -1.7645151326835604
  ],
  "e_dmrg_su2": [
    -2.188090463128658,
    -1.7645151326835595,
    -1.5876521183452397,
    -1.3613835959487597,
    -1.0579375743088804,
    -1.0176468867469692
  ],
  "root_assignment_dmrg_to_fci": [
    0,
    1
  ],
  "root_overlap_matrix": [
    [
      0.9999999999998546,
      3.7647752995729375e-14
    ],
    [
      -8.789554876128512e-14,
      0.9999999999995415
    ],
    [
      -1.1724028826390244e-07,
      -5.675980959923471e-07
    ],
    [
      -1.8340098888511706e-07,
      1.6758041818604184e-07
    ],
    [
      -2.481049185149733e-07,
      2.5189468756406076e-07
    ],
    [
      1.0707152777663814e-07,
      4.4793553294375624e-07
    ]
  ],
  "root_assigned_abs_overlaps": [
    0.9999999999998546,
    0.9999999999995415
  ],
  "grad": [
    [
      0.017340203398511486,
      0.0,
      0.0
    ],
    [
      0.14545714698000456,
      0.0,
      0.0
    ],
    [
      -0.1553412194568527,
      0.0,
      0.0
    ],
    [
      -0.007456130921663001,
      0.0,
      0.0
    ]
  ],
  "nac": [
    [
      0.27280370722188463,
      0.0,
      0.0
    ],
    [
      0.14115678986186508,
      0.0,
      0.0
    ],
    [
      0.0912330169361142,
      0.0,
      0.0
    ],
    [
      0.3648105490656719,
      0.0,
      0.0
    ]
  ],
  "ci_overlap_with_fci": [
    0.9999999999998546,
    0.9999999999995416
  ],
  "ncas": 4,
  "ncore": 0,
  "nelec_act": 4,
  "runtime_s": 0.6241781711578369
}