{
  "system": "h4_631g",
  "label": "H4 chain / 6-31g / CAS(4,4) SA(2), R=1.5 Bohr",
  "bond_dim": 8,
  "e_states_fci": [
    -2.1880904631282094,
    -1.764515132682913
  ],
  "e_states_dmrg": [
    -2.1796809018719685,
    -1.7520401968652273
  ],
  "e_dmrg_su2": [
    -2.188090463128675,
    -1.7645151326835453,
    -1.587652118345222,
    -1.3613835959487437,
    -1.0579375743088715,
    -1.0176468867469501
  ],
  "root_assignment_dmrg_to_fci": [
    0,
    1
  ],
  "root_overlap_matrix": [
    [
      -0.9978735984189563,
      -0.003268472336819319
    ],
    [
      -0.002690107015653057,
      -0.9958703499428626
    ],
    [
      0.003577381477184101,
      -0.005928288972482336
    ],
    [
      -0.0032029075444961626,
      0.004895478745148972
    ],
    [
      -0.0034102677211921054,
      -0.0012546365830993663
    ],
    [
      0.0009841303510162993,
      0.003181407212015894
    ]
  ],
  "root_assigned_abs_overlaps": [
    0.9978735984189563,
    0.9958703499428626
  ],
  "grad": [
    [
      -0.7845414246828363,
      0.0,
      0.0
    ],
    [
      0.551481843382105,
      0.0,
      0.0
    ],
    [
      0.7366747396041387,
      0.0,
      0.0
    ],
    [
      -0.5036151583034106,
      0.0,
      0.0
    ]
  ],
  "nac": [
    [
      0.42327999962520907,
      0.0,
      0.0
    ],
    [
      -0.011378848842150752,
      0.0,
      0.0
    ],
    [
      0.06457209827049377,
      0.0,
      0.0
    ],
    [
      0.39160263335638373,
      0.0,
      0.0
    ]
  ],
  "ci_overlap_with_fci": [
    0.9978735984189564,
    0.9958703499428626
  ],
  "ncas": 4,
  "ncore": 0,
  "nelec_act": 4,
  "runtime_s": 3.312328815460205
}