{
  "system": "h4_631g",
  "label": "H4 chain / 6-31g / CAS(4,4) SA(2), R=1.5 Bohr",
  "bond_dim": 6,
  "e_states_fci": [
    -2.1880904631282094,
    -1.764515132682913
  ],
  "e_states_dmrg": [
    -2.1747794516401386,
    -1.7457436778830635
  ],
  "e_dmrg_su2": [
    -2.188090463128704,
    -1.7645151326835826,
    -1.5876521183452272,
    -1.3613835959487712,
    -1.0579375743088737,
    -1.0176468867469834
  ],
  "root_assignment_dmrg_to_fci": [
    0,
    1
  ],
  "root_overlap_matrix": [
    [
      -0.9965266812034221,
      -0.004654578029889762
    ],
    [
      0.004321649679958566,
      -0.9935385361447575
    ],
    [
      0.0023314422894871387,
      -0.015898429067338585
    ],
    [
      0.0037639898188785853,
      -0.0016709938319905068
    ],
    [
      0.010331888985378908,
      0.005430164630811047
    ],
    [
      -0.010398832429097223,
      -0.019012643525956597
    ]
  ],
  "root_assigned_abs_overlaps": [
    0.9965266812034221,
    0.9935385361447575
  ],
  "grad": [
    [
      -2.2908324059230516,
      0.0,
      0.0
    ],
    [
      1.1526001444686735,
      0.0,
      0.0
    ],
    [
      1.6895960815803543,
      0.0,
      0.0
    ],
    [
      -0.5513638201259797,
      0.0,
      0.0
    ]
  ],
  "nac": [
    [
      0.3180939385823413,
      0.0,
      0.0
    ],
    [
      -0.035977736529601435,
      0.0,
      0.0
    ],
    [
      0.28139995308928517,
      0.0,
      0.0
    ],
    [
      0.3063478169176118,
      0.0,
      0.0
    ]
  ],
  "ci_overlap_with_fci": [
    0.9965266812034221,
    0.9935385361447575
  ],
  "ncas": 4,
  "ncore": 0,
  "nelec_act": 4,
  "runtime_s": 3.34401798248291
}