{
  "system": "h4_631g",
  "label": "H4 chain / 6-31g / CAS(4,4) SA(2), R=1.5 Bohr",
  "bond_dim": 12,
  "e_states_fci": [
    -2.1880904631282094,
    -1.764515132682913
  ],
  "e_states_dmrg": [
    -2.185103474494995,
    -1.762677099311924
  ],
  "e_dmrg_su2": [
    -2.188090463128651,
    -1.7645151326835542,
    -1.5876521183452468,
    -1.3613835959487766,
    -1.0579375743088746,
    -1.0176468867469874
  ],
  "root_assignment_dmrg_to_fci": [
    0,
    1
  ],
  "root_overlap_matrix": [
    [
      -0.9994032479381166,
      0.0004078242164330236
    ],
    [
      0.00040783235285060904,
      -0.999380521319795
    ],
    [
      0.0002444538611411329,
      0.0004784059923434102
    ],
    [
      6.369240201319702e-05,
      0.0006514377840044479
    ],
    [
      0.00021447279232488807,
      0.0001649507558126108
    ],
    [
      -4.0653871736739345e-05,
      -0.000203645225140512
    ]
  ],
  "root_assigned_abs_overlaps": [
    0.9994032479381166,
    0.999380521319795
  ],
  "grad": [
    [
      -306654.86926688347,
      0.0,
      0.0
    ],
    [
      -54955.26313247248,
      0.0,
      0.0
    ],
    [
      -466977.6530365262,
      0.0,
      0.0
    ],
    [
      828587.7854358834,
      0.0,
      0.0
    ]
  ],
  "nac": [
    [
      -3709909585.0542526,
      0.0,
      0.0
    ],
    [
      467482120.45947003,
      0.0,
      0.0
    ],
    [
      -3526389595.014397,
      0.0,
      0.0
    ],
    [
      6768817060.477846,
      0.0,
      0.0
    ]
  ],
  "ci_overlap_with_fci": [
    0.9994032479381166,
    0.999380521319795
  ],
  "ncas": 4,
  "ncore": 0,
  "nelec_act": 4,
  "runtime_s": 3.29886531829834
}