{
  "system": "h4_631g",
  "label": "H4 chain / 6-31g / CAS(4,4) SA(2), R=1.5 Bohr",
  "bond_dim": 4,
  "e_states_fci": [
    -2.1880904631282094,
    -1.764515132682913
  ],
  "e_states_dmrg": [
    -2.1445620298319055,
    -1.6054314088257637
  ],
  "e_dmrg_su2": [
    -2.1880904631286553,
    -1.7645151326835329,
    -1.5876521183452414,
    -1.3613835959487828,
    -1.0579375743088795,
    -1.0176468867469688
  ],
  "root_assignment_dmrg_to_fci": [
    0,
    1
  ],
  "root_overlap_matrix": [
    [
      0.9776259816160346,
      -0.11860264462667175
    ],
    [
      0.17423668475961043,
      -0.7368923501138247
    ],
    [
      -0.06349147650813723,
      -0.2475270041900457
    ],
    [
      0.17667478571280887,
      0.5378004188748405
    ],
    [
      0.01882477422798713,
      0.038878565511602084
    ],
    [
      0.013053644330231717,
      0.08064146327396587
    ]
  ],
  "root_assigned_abs_overlaps": [
    0.9776259816160346,
    0.7368923501138247
  ],
  "grad": [
    [
      0.12601309981098538,
      0.0,
      0.0
    ],
    [
      0.18564729069049032,
      0.0,
      0.0
    ],
    [
      -0.28194081518749553,
      0.0,
      0.0
    ],
    [
      -0.02971957531398027,
      0.0,
      0.0
    ]
  ],
  "nac": [
    [
      0.532271656474263,
      0.0,
      0.0
    ],
    [
      0.31614616918773064,
      0.0,
      0.0
    ],
    [
      -0.06424420206864553,
      0.0,
      0.0
    ],
    [
      -0.058026526729107575,
      0.0,
      0.0
    ]
  ],
  "ci_overlap_with_fci": [
    0.9776259816160346,
    0.7368923501138247
  ],
  "ncas": 4,
  "ncore": 0,
  "nelec_act": 4,
  "runtime_s": 3.3913679122924805
}