{
  "system": "h4",
  "label": "H4 chain / sto-3g / CAS(4,4) SA(2), R=1.5 Bohr",
  "bond_dim": 2,
  "e_states_fci": [
    -2.1654697735346558,
    -1.5077957151247512
  ],
  "e_states_dmrg": [
    -2.11985847089755,
    -1.480059801670154
  ],
  "e_dmrg_su2": [
    -2.138026795804339,
    -1.4800598016701931
  ],
  "root_assignment_dmrg_to_fci": [
    0,
    1
  ],
  "root_overlap_matrix": [
    [
      0.9840907756784141,
      -7.368335728702757e-08
    ],
    [
      -2.212839231783602e-08,
      -0.9885243738317615
    ]
  ],
  "root_assigned_abs_overlaps": [
    0.9840907756784141,
    0.9885243738317615
  ],
  "grad": [
    [
      -0.02437977057888331,
      0.0,
      0.0
    ],
    [
      0.2138565860568759,
      0.0,
      0.0
    ],
    [
      -0.21385586929704092,
      0.0,
      0.0
    ],
    [
      0.024379053819049434,
      0.0,
      0.0
    ]
  ],
  "nac": [
    [
      -0.23132315902222797,
      0.0,
      0.0
    ],
    [
      -0.17322827331623217,
      0.0,
      0.0
    ],
    [
      -0.14683442387847145,
      0.0,
      0.0
    ],
    [
      -0.2416256121439462,
      0.0,
      0.0
    ]
  ],
  "ci_overlap_with_fci": [
    0.9840907756784141,
    0.9885243738317615
  ],
  "ncas": 4,
  "ncore": 0,
  "nelec_act": 4,
  "runtime_s": 0.5891392230987549
}