{
  "system": "h4",
  "label": "H4 chain / sto-3g / CAS(4,4) SA(2), R=1.5 Bohr",
  "bond_dim": 6,
  "e_states_fci": [
    -2.1654697735346558,
    -1.5077957151247512
  ],
  "e_states_dmrg": [
    -2.163195722275047,
    -1.5048331195792342
  ],
  "e_dmrg_su2": [
    -2.165469773534819,
    -1.5077957151249093
  ],
  "root_assignment_dmrg_to_fci": [
    0,
    1
  ],
  "root_overlap_matrix": [
    [
      0.9996256199750334,
      -5.242894344406325e-09
    ],
    [
      3.880951051064309e-09,
      0.9994259332871134
    ]
  ],
  "root_assigned_abs_overlaps": [
    0.9996256199750334,
    0.9994259332871134
  ],
  "grad": [
    [
      -0.005846757804874692,
      0.0,
      0.0
    ],
    [
      0.20036946551718138,
      0.0,
      0.0
    ],
    [
      -0.2003687648702941,
      0.0,
      0.0
    ],
    [
      0.005846057157988341,
      0.0,
      0.0
    ]
  ],
  "nac": [
    [
      -0.22590080415580285,
      0.0,
      0.0
    ],
    [
      -0.22315800422959545,
      0.0,
      0.0
    ],
    [
      -0.2234745268347015,
      0.0,
      0.0
    ],
    [
      -0.22696523807669838,
      0.0,
      0.0
    ]
  ],
  "ci_overlap_with_fci": [
    0.9996256199750335,
    0.9994259332871134
  ],
  "ncas": 4,
  "ncore": 0,
  "nelec_act": 4,
  "runtime_s": 0.3394651412963867
}