{
  "system": "h4",
  "label": "H4 chain / sto-3g / CAS(4,4) SA(2), R=1.5 Bohr",
  "bond_dim": 4,
  "e_states_fci": [
    -2.1654697735346558,
    -1.5077957151247512
  ],
  "e_states_dmrg": [
    -2.152254094340808,
    -1.5029907982033786
  ],
  "e_dmrg_su2": [
    -2.1654697735348156,
    -1.5077957151248826
  ],
  "root_assignment_dmrg_to_fci": [
    0,
    1
  ],
  "root_overlap_matrix": [
    [
      -0.9971986523741274,
      -1.404509566179848e-10
    ],
    [
      1.757158549858194e-08,
      0.9985558014485236
    ]
  ],
  "root_assigned_abs_overlaps": [
    0.9971986523741274,
    0.9985558014485236
  ],
  "grad": [
    [
      -0.00899765770811731,
      0.0,
      0.0
    ],
    [
      0.20084546732751457,
      0.0,
      0.0
    ],
    [
      -0.20084478230173936,
      0.0,
      0.0
    ],
    [
      0.008996972682343894,
      0.0,
      0.0
    ]
  ],
  "nac": [
    [
      -0.23809615006387508,
      0.0,
      0.0
    ],
    [
      -0.22275568116358568,
      0.0,
      0.0
    ],
    [
      -0.20388495457179526,
      0.0,
      0.0
    ],
    [
      -0.2440446444648022,
      0.0,
      0.0
    ]
  ],
  "ci_overlap_with_fci": [
    0.9971986523741274,
    0.9985558014485234
  ],
  "ncas": 4,
  "ncore": 0,
  "nelec_act": 4,
  "runtime_s": 0.34889650344848633
}