{
  "system": "h4",
  "label": "H4 chain / sto-3g / CAS(4,4) SA(2), R=1.5 Bohr",
  "bond_dim": 12,
  "e_states_fci": [
    -2.1654697735346558,
    -1.5077957151247512
  ],
  "e_states_dmrg": [
    -2.1654697735348103,
    -1.5077957151248853
  ],
  "e_dmrg_su2": [
    -2.1654697735348076,
    -1.5077957151248889
  ],
  "root_assignment_dmrg_to_fci": [
    0,
    1
  ],
  "root_overlap_matrix": [
    [
      -0.9999999999999619,
      2.5487664683961938e-15
    ],
    [
      9.100985961563052e-15,
      -0.9999999999999309
    ]
  ],
  "root_assigned_abs_overlaps": [
    0.9999999999999619,
    0.9999999999999309
  ],
  "grad": [
    [
      -0.00509709388403854,
      0.0,
      0.0
    ],
    [
      0.20061823553356556,
      0.0,
      0.0
    ],
    [
      -0.20061753162470672,
      0.0,
      0.0
    ],
    [
      0.005096389975180871,
      0.0,
      0.0
    ]
  ],
  "nac": [
    [
      -0.22812807910281224,
      0.0,
      0.0
    ],
    [
      -0.2215932116789209,
      0.0,
      0.0
    ],
    [
      -0.22159279684130093,
      0.0,
      0.0
    ],
    [
      -0.2281280550715613,
      0.0,
      0.0
    ]
  ],
  "ci_overlap_with_fci": [
    0.9999999999999619,
    0.9999999999999312
  ],
  "ncas": 4,
  "ncore": 0,
  "nelec_act": 4,
  "runtime_s": 0.3183917999267578
}