{
  "system": "h4",
  "label": "H4 chain / sto-3g / CAS(4,4) SA(2), R=1.5 Bohr",
  "bond_dim": 3,
  "e_states_fci": [
    -2.1654697735346558,
    -1.5077957151247512
  ],
  "e_states_dmrg": [
    -2.1400833944582063,
    -1.499685701213557
  ],
  "e_dmrg_su2": [
    -2.1654697735348094,
    -1.5077957151248818
  ],
  "root_assignment_dmrg_to_fci": [
    0,
    1
  ],
  "root_overlap_matrix": [
    [
      -0.9939528613158743,
      -2.1187273439140474e-09
    ],
    [
      1.5773593179172455e-08,
      0.9973282290691889
    ]
  ],
  "root_assigned_abs_overlaps": [
    0.9939528613158743,
    0.9973282290691889
  ],
  "grad": [
    [
      -0.013496746963006276,
      0.0,
      0.0
    ],
    [
      0.2006063505207683,
      0.0,
      0.0
    ],
    [
      -0.2006056714980286,
      0.0,
      0.0
    ],
    [
      0.013496067940268329,
      0.0,
      0.0
    ]
  ],
  "nac": [
    [
      -0.22032336480296674,
      0.0,
      0.0
    ],
    [
      -0.23502636713677139,
      0.0,
      0.0
    ],
    [
      -0.19140052997780257,
      0.0,
      0.0
    ],
    [
      -0.23734236375305873,
      0.0,
      0.0
    ]
  ],
  "ci_overlap_with_fci": [
    0.9939528613158743,
    0.9973282290691889
  ],
  "ncas": 4,
  "ncore": 0,
  "nelec_act": 4,
  "runtime_s": 0.3448143005371094
}