{
  "system": "h4",
  "label": "H4 chain / sto-3g / CAS(4,4) SA(2), R=1.5 Bohr",
  "bond_dim": 200,
  "e_states_fci": [
    -2.1654697735346558,
    -1.5077957151247512
  ],
  "e_states_dmrg": [
    -2.1654697735348174,
    -1.5077957151248915
  ],
  "e_dmrg_su2": [
    -2.1654697735348183,
    -1.5077957151248942
  ],
  "root_assignment_dmrg_to_fci": [
    0,
    1
  ],
  "root_overlap_matrix": [
    [
      0.999999999999963,
      -1.4234030184795014e-15
    ],
    [
      -1.622636471229024e-15,
      0.9999999999999266
    ]
  ],
  "root_assigned_abs_overlaps": [
    0.999999999999963,
    0.9999999999999266
  ],
  "grad": [
    [
      -0.0050970938840213705,
      0.0,
      0.0
    ],
    [
      0.20061823553352914,
      0.0,
      0.0
    ],
    [
      -0.20061753162469076,
      0.0,
      0.0
    ],
    [
      0.005096389975184132,
      0.0,
      0.0
    ]
  ],
  "nac": [
    [
      -0.2281281034007046,
      0.0,
      0.0
    ],
    [
      -0.22159319505425748,
      0.0,
      0.0
    ],
    [
      -0.2215928289181431,
      0.0,
      0.0
    ],
    [
      -0.22812803700611678,
      0.0,
      0.0
    ]
  ],
  "ci_overlap_with_fci": [
    0.999999999999963,
    0.9999999999999266
  ],
  "ncas": 4,
  "ncore": 0,
  "nelec_act": 4,
  "runtime_s": 0.3073101043701172
}