{
  "system": "h4",
  "label": "H4 chain / sto-3g / CAS(4,4) SA(2), R=1.5 Bohr",
  "bond_dim": 5,
  "e_states_fci": [
    -2.1654697735346558,
    -1.5077957151247512
  ],
  "e_states_dmrg": [
    -2.1596331071853783,
    -1.5048304526636196
  ],
  "e_dmrg_su2": [
    -2.1654697735347943,
    -1.5077957151249057
  ],
  "root_assignment_dmrg_to_fci": [
    0,
    1
  ],
  "root_overlap_matrix": [
    [
      -0.9987309287591388,
      1.257814629620428e-08
    ],
    [
      -7.895823795963048e-09,
      -0.999427402943486
    ]
  ],
  "root_assigned_abs_overlaps": [
    0.9987309287591388,
    0.999427402943486
  ],
  "grad": [
    [
      -0.007253300092839252,
      0.0,
      0.0
    ],
    [
      0.20100978349523232,
      0.0,
      0.0
    ],
    [
      -0.20100908665665915,
      0.0,
      0.0
    ],
    [
      0.007252603254267351,
      0.0,
      0.0
    ]
  ],
  "nac": [
    [
      -0.2369062071612548,
      0.0,
      0.0
    ],
    [
      -0.21822359654688958,
      0.0,
      0.0
    ],
    [
      -0.21233055427384323,
      0.0,
      0.0
    ],
    [
      -0.23864597229262546,
      0.0,
      0.0
    ]
  ],
  "ci_overlap_with_fci": [
    0.9987309287591388,
    0.999427402943486
  ],
  "ncas": 4,
  "ncore": 0,
  "nelec_act": 4,
  "runtime_s": 0.35320019721984863
}