{
  "system": "h4",
  "label": "H4 chain / sto-3g / CAS(4,4) SA(2), R=1.5 Bohr",
  "bond_dim": 8,
  "e_states_fci": [
    -2.1654697735346558,
    -1.5077957151247512
  ],
  "e_states_dmrg": [
    -2.1650805138500093,
    -1.5076782688157433
  ],
  "e_dmrg_su2": [
    -2.165469773534829,
    -1.507795715124871
  ],
  "root_assignment_dmrg_to_fci": [
    0,
    1
  ],
  "root_overlap_matrix": [
    [
      -0.9999509051125447,
      9.741021680008911e-10
    ],
    [
      -8.006235466196088e-10,
      -0.9999693360323046
    ]
  ],
  "root_assigned_abs_overlaps": [
    0.9999509051125447,
    0.9999693360323046
  ],
  "grad": [
    [
      -0.005244615886288625,
      0.0,
      0.0
    ],
    [
      0.20063900151544492,
      0.0,
      0.0
    ],
    [
      -0.20063829809838477,
      0.0,
      0.0
    ],
    [
      0.00524391246922996,
      0.0,
      0.0
    ]
  ],
  "nac": [
    [
      -0.22790754239579333,
      0.0,
      0.0
    ],
    [
      -0.22126716974031374,
      0.0,
      0.0
    ],
    [
      -0.22081113677817443,
      0.0,
      0.0
    ],
    [
      -0.22850042004795362,
      0.0,
      0.0
    ]
  ],
  "ci_overlap_with_fci": [
    0.9999509051125447,
    0.9999693360323046
  ],
  "ncas": 4,
  "ncore": 0,
  "nelec_act": 4,
  "runtime_s": 0.3260064125061035
}