{
  "system": "lif_631g",
  "label": "LiF / 6-31g / CAS(4,4) SA(2), R=6.5 Bohr",
  "bond_dim": 8,
  "e_states_fci": [
    -106.80994186000285,
    -106.78861637203923
  ],
  "e_states_dmrg": [
    -106.7886533763893,
    -106.77958504648862
  ],
  "e_dmrg_su2": [
    -106.80994186000346,
    -106.78861637203953,
    -106.68923086602459,
    -106.1547622664423,
    -106.15025111662791,
    -106.04552645791415
  ],
  "root_assignment_dmrg_to_fci": [
    0,
    1
  ],
  "root_overlap_matrix": [
    [
      -0.9951130505449898,
      -7.453919058124783e-05
    ],
    [
      7.545891740898181e-05,
      -0.9972213213627414
    ],
    [
      -0.03591168303878784,
      9.309437383715297e-06
    ],
    [
      -0.0004961027033717484,
      -2.736087390792884e-07
    ],
    [
      -7.224248106001088e-07,
      -0.00029986016071156514
    ],
    [
      -2.2669947832967934e-05,
      3.5282392099988733e-07
    ]
  ],
  "root_assigned_abs_overlaps": [
    0.9951130505449898,
    0.9972213213627414
  ],
  "grad": [
    [
      1.370343111664084e-07,
      2.209940242596301e-07,
      -0.010044805360335429
    ],
    [
      -1.3703431116589032e-07,
      -2.2099402425877471e-07,
      0.010044805360344279
    ]
  ],
  "nac": [
    [
      -0.08917194700091284,
      -0.14339676275372285,
      0.040628248653022364
    ],
    [
      0.0820558127600585,
      0.13195336996809834,
      -0.04062656436938692
    ]
  ],
  "ci_overlap_with_fci": [
    0.9951130505449898,
    0.9972213213627414
  ],
  "ncas": 4,
  "ncore": 4,
  "nelec_act": 4,
  "runtime_s": 3.946892738342285
}