{
  "system": "lif_631g",
  "label": "LiF / 6-31g / CAS(4,4) SA(2), R=6.5 Bohr",
  "bond_dim": 5,
  "e_states_fci": [
    -106.80994186000285,
    -106.78861637203923
  ],
  "e_states_dmrg": [
    -106.75443909659747,
    -106.77942379636676
  ],
  "e_dmrg_su2": [
    -106.80994186000342,
    -106.7886163720396,
    -106.68923086602456,
    -106.15476226644233,
    -106.1502511166279,
    -106.04552645791416
  ],
  "root_assignment_dmrg_to_fci": [
    1,
    0
  ],
  "root_overlap_matrix": [
    [
      -0.000926656075912129,
      0.9971727957369302
    ],
    [
      0.9651377863306294,
      0.001596261120798011
    ],
    [
      -0.9649231945421932,
      0.002929018251204009
    ],
    [
      8.568879392605745e-05,
      -0.007169867184716766
    ],
    [
      0.012748387682029563,
      -1.8515584602100623e-06
    ],
    [
      -1.4249846261877291e-05,
      0.0001669274728025574
    ]
  ],
  "root_assigned_abs_overlaps": [
    0.9651377863306294,
    0.9971727957369302
  ],
  "grad": [
    [
      -6.3887122539185376e-06,
      -1.0274068132399245e-05,
      -0.01998847612999971
    ],
    [
      6.388712253918578e-06,
      1.0274068132399825e-05,
      0.01998847613001871
    ]
  ],
  "nac": [
    [
      0.017678670966062668,
      0.02842899493057088,
      0.2813188104051714
    ],
    [
      -0.02246638610584435,
      -0.03612807841512015,
      -0.28141043720620756
    ]
  ],
  "ci_overlap_with_fci": [
    0.9651377863306294,
    0.9971727957369302
  ],
  "ncas": 4,
  "ncore": 4,
  "nelec_act": 4,
  "runtime_s": 3.981517791748047
}