{
  "system": "lif_631g",
  "label": "LiF / 6-31g / CAS(4,4) SA(2), R=6.5 Bohr",
  "bond_dim": 2,
  "e_states_fci": [
    -106.80994186000285,
    -106.78861637203923
  ],
  "e_states_dmrg": [
    -105.23489419024553,
    -106.0949039079149
  ],
  "e_dmrg_su2": [
    -106.77944007436845,
    -106.75218411013246,
    -106.09859750953346,
    -106.0918605220049,
    -105.99420256147954
  ],
  "root_assignment_dmrg_to_fci": [
    5,
    0
  ],
  "root_overlap_matrix": [
    [
      5.585743655722852e-05,
      0.06338104874742484
    ],
    [
      -1.9783131793773374e-05,
      -0.06338103821516025
    ],
    [
      -0.04875588494851466,
      -3.749403750993063e-05
    ],
    [
      0.04875588380192795,
      3.4073193822436844e-05
    ],
    [
      0.009206938654357745,
      0.06225266125348669
    ],
    [
      0.04875588501961879,
      3.7721179012357e-05
    ]
  ],
  "root_assigned_abs_overlaps": [
    0.04875588501961879,
    0.06338104874742484
  ],
  "grad": [
    [
      -0.0001245392670323901,
      -0.00020027087001538087,
      0.004891712156612365
    ],
    [
      0.0001245392670318464,
      0.00020027087001448846,
      -0.004891712156594622
    ]
  ],
  "nac": [
    [
      0.011857568678119783,
      0.019068167789032336,
      0.001242187973301397
    ],
    [
      -0.016994743942131088,
      -0.027329074352363796,
      -0.001223775292788121
    ]
  ],
  "ci_overlap_with_fci": [
    0.04875588501961879,
    0.06338104874742484
  ],
  "ncas": 4,
  "ncore": 4,
  "nelec_act": 4,
  "runtime_s": 3.9126195907592773
}