{
  "system": "lif_321g",
  "label": "LiF / 3-21g / CAS(4,4) SA(2), R=6.5 Bohr",
  "bond_dim": 8,
  "e_states_fci": [
    -106.24027862139909,
    -106.22606680134709
  ],
  "e_states_dmrg": [
    -106.22623652814048,
    -106.22209552551209
  ],
  "e_dmrg_su2": [
    -106.24027862139928,
    -106.22606680134734,
    -106.07899500872,
    -105.61072656993251,
    -105.60613657525131,
    -105.50526060917524
  ],
  "root_assignment_dmrg_to_fci": [
    0,
    1
  ],
  "root_overlap_matrix": [
    [
      0.9978192636379446,
      3.332112143493907e-07
    ],
    [
      -3.2431437868776065e-07,
      0.9991029456176648
    ],
    [
      0.020357563680417492,
      -8.469780367966762e-08
    ],
    [
      0.002190823545212759,
      3.316778224592813e-08
    ],
    [
      -5.137762108015705e-08,
      8.132223372712274e-05
    ],
    [
      0.001752125979796674,
      2.4186404045113222e-08
    ]
  ],
  "root_assigned_abs_overlaps": [
    0.9978192636379446,
    0.9991029456176648
  ],
  "grad": [
    [
      -1.4223707943903466e-09,
      -8.108981783313889e-10,
      -0.004639927078683921
    ],
    [
      1.4223707943934014e-09,
      8.108981783345512e-10,
      0.004639927078683078
    ]
  ],
  "nac": [
    [
      -0.10314202695282637,
      0.11733162726515377,
      -0.1466749584090781
    ],
    [
      0.09880959412041218,
      -0.11240316980000375,
      0.1466749638012972
    ]
  ],
  "ci_overlap_with_fci": [
    0.9978192636379446,
    0.9991029456176648
  ],
  "ncas": 4,
  "ncore": 4,
  "nelec_act": 4,
  "runtime_s": 1.1440391540527344
}