{
  "system": "lif_321g",
  "label": "LiF / 3-21g / CAS(4,4) SA(2), R=6.5 Bohr",
  "bond_dim": 30,
  "e_states_fci": [
    -106.24027862139909,
    -106.22606680134709
  ],
  "e_states_dmrg": [
    -106.2402786213993,
    -106.22606680134734
  ],
  "e_dmrg_su2": [
    -106.2402786213993,
    -106.22606680134736,
    -106.07899500872003,
    -105.61072656993255,
    -105.60613657525134,
    -105.5052606091753
  ],
  "root_assignment_dmrg_to_fci": [
    0,
    1
  ],
  "root_overlap_matrix": [
    [
      0.9999999999997691,
      -1.1598792330915832e-11
    ],
    [
      -1.1878829638591843e-11,
      -0.9999999999997798
    ],
    [
      -3.038191161605807e-07,
      -4.7889022771065884e-08
    ],
    [
      -8.562455478366903e-08,
      -2.726089010484149e-08
    ],
    [
      -4.483851735605139e-08,
      1.0910297089218406e-07
    ],
    [
      -3.9026738091455066e-08,
      -2.056934130119622e-08
    ]
  ],
  "root_assigned_abs_overlaps": [
    0.9999999999997691,
    0.9999999999997798
  ],
  "grad": [
    [
      -1.2982822663865613e-09,
      4.687214398235382e-11,
      -0.0042345572375511505
    ],
    [
      1.2982822663881264e-09,
      -4.687214397944545e-11,
      0.004234557237549141
    ]
  ],
  "nac": [
    [
      -0.0983651902897891,
      0.11190019726787215,
      -9.499146096400346e-07
    ],
    [
      0.09346418860851176,
      -0.10632495096176348,
      9.629351200681074e-07
    ]
  ],
  "ci_overlap_with_fci": [
    0.9999999999997687,
    0.9999999999997798
  ],
  "ncas": 4,
  "ncore": 4,
  "nelec_act": 4,
  "runtime_s": 0.9616715908050537
}