{
  "system": "lif_631g",
  "label": "LiF / 6-31g / CAS(4,4) SA(2), R=6.5 Bohr",
  "bond_dim": 6,
  "e_states_fci": [
    -106.80994186000285,
    -106.78861637203923
  ],
  "e_states_dmrg": [
    -106.78836697974874,
    -106.77943456158548
  ],
  "e_dmrg_su2": [
    -106.80994186000348,
    -106.78861637203957,
    -106.6892308660246,
    -106.15476226644235,
    -106.15025111662791,
    -106.0455264579142
  ],
  "root_assignment_dmrg_to_fci": [
    0,
    1
  ],
  "root_overlap_matrix": [
    [
      -0.9955329823938229,
      0.0010924398661680398
    ],
    [
      0.0010932480016407572,
      0.9971753177260892
    ],
    [
      -0.005641750597742344,
      -2.702308136602782e-06
    ],
    [
      -0.004549271806708542,
      -1.0144452810272029e-05
    ],
    [
      -1.138994742873705e-05,
      0.0014493657378598275
    ],
    [
      0.002093647029334644,
      2.0251341142003514e-06
    ]
  ],
  "root_assigned_abs_overlaps": [
    0.9955329823938229,
    0.9971753177260892
  ],
  "grad": [
    [
      1.773968209843627e-06,
      2.8534768853421706e-06,
      -0.010567855621386978
    ],
    [
      -1.7739682098408077e-06,
      -2.8534768853375907e-06,
      0.010567855621406263
    ]
  ],
  "nac": [
    [
      -0.08281144429234051,
      -0.13316846586015957,
      -0.1147132368742999
    ],
    [
      0.07625187455410577,
      0.12262007936289411,
      0.11471395554391228
    ]
  ],
  "ci_overlap_with_fci": [
    0.9955329823938226,
    0.9971753177260895
  ],
  "ncas": 4,
  "ncore": 4,
  "nelec_act": 4,
  "runtime_s": 3.9807446002960205
}