{
  "system": "lif",
  "label": "LiF / sto-3g / CAS(4,4) SA(2), R=6.5 Bohr",
  "bond_dim": 12,
  "e_states_fci": [
    -105.30509046509349,
    -105.30432438680572
  ],
  "e_states_dmrg": [
    -105.30509046509967,
    -105.3043243868095
  ],
  "e_dmrg_su2": [
    -105.30509046509967,
    -105.3043243868095
  ],
  "root_assignment_dmrg_to_fci": [
    0,
    1
  ],
  "root_overlap_matrix": [
    [
      -0.9999999999690734,
      -2.290083495369074e-10
    ],
    [
      -2.3110313748994448e-10,
      0.9999999999787208
    ]
  ],
  "root_assigned_abs_overlaps": [
    0.9999999999690734,
    0.9999999999787208
  ],
  "grad": [
    [
      -9.803306581530896e-08,
      3.511062058848207e-08,
      -0.0033342692036413407
    ],
    [
      9.803306581552685e-08,
      -3.51106205943003e-08,
      0.0033342692036455383
    ]
  ],
  "nac": [
    [
      0.14873761118315623,
      -0.049661968395464995,
      0.0006143778360220527
    ],
    [
      -0.14773218789828657,
      0.04932704389423584,
      -0.0006142325962734382
    ]
  ],
  "ci_overlap_with_fci": [
    0.9999999999690734,
    0.9999999999787208
  ],
  "ncas": 4,
  "ncore": 4,
  "nelec_act": 4,
  "runtime_s": 1.512467622756958
}