{
  "system": "lif_321g",
  "label": "LiF / 3-21g / CAS(4,4) SA(2), R=6.5 Bohr",
  "bond_dim": 4,
  "e_states_fci": [
    -106.24027862139909,
    -106.22606680134709
  ],
  "e_states_dmrg": [
    -105.53326207648438,
    -106.19473781704197
  ],
  "e_dmrg_su2": [
    -106.24027862139933,
    -106.22606680134739,
    -106.07899500871999,
    -105.61072656993258,
    -105.60613657525134,
    -105.50526060917531
  ],
  "root_assignment_dmrg_to_fci": [
    2,
    0
  ],
  "root_overlap_matrix": [
    [
      -9.530203084238525e-06,
      0.9753253789707875
    ],
    [
      -0.025778012388246896,
      0.0001587168067216261
    ],
    [
      -0.025778012910638803,
      0.00040875754653765475
    ],
    [
      -0.025778011165698916,
      -5.735552028030189e-07
    ],
    [
      -3.8994670313880104e-07,
      -0.0017247686268472332
    ],
    [
      6.099164769221126e-07,
      -0.004862700243321597
    ]
  ],
  "root_assigned_abs_overlaps": [
    0.025778012910638803,
    0.9753253789707875
  ],
  "grad": [
    [
      -0.00010589110040922237,
      0.00012046402011300927,
      -0.007767932299458788
    ],
    [
      0.00010589110040921895,
      -0.00012046402011301163,
      0.007767932299465662
    ]
  ],
  "nac": [
    [
      2.3368523700389658e-05,
      -2.658172894077174e-05,
      0.0007697613394527205
    ],
    [
      -0.02109934071325681,
      0.02400203086909721,
      -0.0007695763633565629
    ]
  ],
  "ci_overlap_with_fci": [
    0.025778012910638803,
    0.9753253789707875
  ],
  "ncas": 4,
  "ncore": 4,
  "nelec_act": 4,
  "runtime_s": 3.78694224357605
}