{
  "system": "lif_321g",
  "label": "LiF / 3-21g / CAS(4,4) SA(2), R=6.5 Bohr",
  "bond_dim": 12,
  "e_states_fci": [
    -106.24027862139909,
    -106.22606680134709
  ],
  "e_states_dmrg": [
    -106.2361641239826,
    -106.22600371826633
  ],
  "e_dmrg_su2": [
    -106.24027862139924,
    -106.22606680134736,
    -106.07899500872003,
    -105.61072656993258,
    -105.60613657525133,
    -105.50526060917532
  ],
  "root_assignment_dmrg_to_fci": [
    0,
    1
  ],
  "root_overlap_matrix": [
    [
      0.9991413019064584,
      -2.4207397374203886e-09
    ],
    [
      -5.406843878500427e-09,
      0.9999854466785232
    ],
    [
      -0.0002335718074045817,
      4.756287305115261e-08
    ],
    [
      -1.6416258685988015e-05,
      2.7326842768666484e-08
    ],
    [
      4.457265805273037e-08,
      -7.069262949767218e-06
    ],
    [
      4.711835928760355e-05,
      -2.0497697211765012e-08
    ]
  ],
  "root_assigned_abs_overlaps": [
    0.9991413019064584,
    0.9999854466785232
  ],
  "grad": [
    [
      -1.706502897162363e-09,
      4.548860853931611e-10,
      -0.004172038371788816
    ],
    [
      1.7065028971648123e-09,
      -4.54886085390717e-10,
      0.004172038371787065
    ]
  ],
  "nac": [
    [
      -0.1391360165410007,
      0.1582771773201218,
      0.0222384321217408
    ],
    [
      0.13421651703585102,
      -0.1526808884301379,
      -0.022238418610365917
    ]
  ],
  "ci_overlap_with_fci": [
    0.9991413019064584,
    0.9999854466785233
  ],
  "ncas": 4,
  "ncore": 4,
  "nelec_act": 4,
  "runtime_s": 3.783043146133423
}