{
  "system": "lif",
  "label": "LiF / sto-3g / CAS(4,4) SA(2), R=6.5 Bohr",
  "bond_dim": 20,
  "e_states_fci": [
    -105.30509046509349,
    -105.30432438680572
  ],
  "e_states_dmrg": [
    -105.30509046509967,
    -105.30432438680951
  ],
  "e_dmrg_su2": [
    -105.30509046509967,
    -105.30432438680951,
    -105.22240094766751,
    -105.2131724337915,
    -104.89289347879438,
    -104.86242268876005
  ],
  "root_assignment_dmrg_to_fci": [
    0,
    1
  ],
  "root_overlap_matrix": [
    [
      -0.9999999999691443,
      -2.2335438996920546e-10
    ],
    [
      2.2535666414989983e-10,
      -0.9999999999785465
    ],
    [
      3.2848996840547027e-07,
      6.52686330404208e-06
    ],
    [
      7.780575261772728e-06,
      -3.210781645203505e-08
    ],
    [
      2.0744464115240043e-08,
      9.817776233720763e-08
    ],
    [
      -7.798320074971333e-07,
      3.52318461016667e-08
    ]
  ],
  "root_assigned_abs_overlaps": [
    0.9999999999691443,
    0.9999999999785465
  ],
  "grad": [
    [
      -9.828566173287487e-08,
      3.570257550606267e-08,
      -0.00333426925937305
    ],
    [
      9.82856617336948e-08,
      -3.570257550479481e-08,
      0.003334269259373669
    ]
  ],
  "nac": [
    [
      0.14874835175546203,
      -0.049689387251480664,
      0.0006172254134673428
    ],
    [
      -0.1477429289535648,
      0.049354462911971604,
      -0.00061707454293494
    ]
  ],
  "ci_overlap_with_fci": [
    0.9999999999691446,
    0.9999999999785465
  ],
  "ncas": 4,
  "ncore": 4,
  "nelec_act": 4,
  "runtime_s": 1.3444998264312744
}