{
  "system": "lif_631g",
  "label": "LiF / 6-31g / CAS(4,4) SA(2), R=6.5 Bohr",
  "bond_dim": 3,
  "e_states_fci": [
    -106.80994186000285,
    -106.78861637203923
  ],
  "e_states_dmrg": [
    -106.78707364688583,
    -106.78707390503888
  ],
  "e_dmrg_su2": [
    -106.80994186000342,
    -106.78861637203963,
    -106.68923086602457,
    -106.15476226644233,
    -106.15025111662787,
    -106.04552645791415
  ],
  "root_assignment_dmrg_to_fci": [
    1,
    0
  ],
  "root_overlap_matrix": [
    [
      0.9913157127234052,
      0.0007640119445078557
    ],
    [
      0.9913229297686705,
      0.0007640179264254638
    ],
    [
      -0.9889685666597192,
      -0.0007622407266353675
    ],
    [
      0.004016411319346207,
      3.8696071715094065e-06
    ],
    [
      -0.0002975805322703584,
      -1.0503425985774898e-06
    ],
    [
      0.004829947166913651,
      3.996859287401427e-06
    ]
  ],
  "root_assigned_abs_overlaps": [
    0.9913229297686705,
    0.0007640119445078557
  ],
  "grad": [
    [
      2.5166302649612592e-05,
      4.04675860932661e-05,
      -0.012444004761244772
    ],
    [
      -2.5166302649167327e-05,
      -4.0467586092676416e-05,
      0.01244400476125048
    ]
  ],
  "nac": [
    [
      -101.34474597745624,
      -163.09290370378983,
      831463.8702242041
    ],
    [
      101.3447459907376,
      163.0929037262203,
      -831463.8703105419
    ]
  ],
  "ci_overlap_with_fci": [
    0.9913229297686705,
    0.0007640119445078557
  ],
  "ncas": 4,
  "ncore": 4,
  "nelec_act": 4,
  "runtime_s": 3.902665615081787
}