{
  "system": "lif_321g",
  "label": "LiF / 3-21g / CAS(4,4) SA(2), R=6.5 Bohr",
  "bond_dim": 3,
  "e_states_fci": [
    -106.24027862139909,
    -106.22606680134709
  ],
  "e_states_dmrg": [
    -106.18618153205678,
    -106.19132675999035
  ],
  "e_dmrg_su2": [
    -106.24027862139934,
    -106.22606680134736,
    -106.07899500872007,
    -105.6107265699326,
    -105.60613657525136,
    -105.50526060917531
  ],
  "root_assignment_dmrg_to_fci": [
    1,
    0
  ],
  "root_overlap_matrix": [
    [
      -0.0125252297234619,
      0.972728533030692
    ],
    [
      -0.012539982601353264,
      0.9718319611430424
    ],
    [
      0.012539982600938275,
      -0.971833391550987
    ],
    [
      0.0001633087839666664,
      -0.001656759533667155
    ],
    [
      -0.000582402458523157,
      0.0046209825335229255
    ],
    [
      -0.012538747500232877,
      0.9723260662148119
    ]
  ],
  "root_assigned_abs_overlaps": [
    0.012539982601353264,
    0.972728533030692
  ],
  "grad": [
    [
      -9.597289930807332e-05,
      7.838266108544723e-05,
      0.00016732585464506074
    ],
    [
      9.597289930791367e-05,
      -7.838266108555164e-05,
      -0.00016732585463834476
    ]
  ],
  "nac": [
    [
      0.08079718612965205,
      -0.0929044486121108,
      -13.676471662583372
    ],
    [
      -0.0808596120565175,
      0.09297546280363204,
      13.676491180519555
    ]
  ],
  "ci_overlap_with_fci": [
    0.012539982601353264,
    0.9727285330306918
  ],
  "ncas": 4,
  "ncore": 4,
  "nelec_act": 4,
  "runtime_s": 3.7962939739227295
}