{
  "system": "lif",
  "label": "LiF / sto-3g / CAS(4,4) SA(2), R=6.5 Bohr",
  "bond_dim": 5,
  "e_states_fci": [
    -105.30509046509349,
    -105.30432438680572
  ],
  "e_states_dmrg": [
    -105.30507260474462,
    -105.30418137036736
  ],
  "e_dmrg_su2": [
    -105.30509046509967,
    -105.30432438680948
  ],
  "root_assignment_dmrg_to_fci": [
    0,
    1
  ],
  "root_overlap_matrix": [
    [
      -0.9994949853209012,
      0.031229720952729488
    ],
    [
      -0.03126714754436853,
      -0.9992552693304496
    ]
  ],
  "root_assigned_abs_overlaps": [
    0.9994949853209012,
    0.9992552693304496
  ],
  "grad": [
    [
      -6.143236030493665e-06,
      2.0439797326751717e-06,
      -0.003333998037615403
    ],
    [
      6.143236030467237e-06,
      -2.0439797326658255e-06,
      0.003333998037616182
    ]
  ],
  "nac": [
    [
      0.1975424500988258,
      -0.06569440638540028,
      -0.007462078264761992
    ],
    [
      -0.19620996900121684,
      0.06525053681531921,
      0.007131096784853921
    ]
  ],
  "ci_overlap_with_fci": [
    0.9994949853209012,
    0.9992552693304496
  ],
  "ncas": 4,
  "ncore": 4,
  "nelec_act": 4,
  "runtime_s": 3.493638038635254
}