{
  "system": "lif_321g",
  "label": "LiF / 3-21g / CAS(4,4) SA(2), R=6.5 Bohr",
  "bond_dim": 2,
  "e_states_fci": [
    -106.24027862139909,
    -106.22606680134709
  ],
  "e_states_dmrg": [
    -104.06514982834928,
    -105.56999530697891
  ],
  "e_dmrg_su2": [
    -106.22191154539667,
    -106.18142791544038,
    -105.57105147708579,
    -105.56898386932119,
    -105.47505679424576
  ],
  "root_assignment_dmrg_to_fci": [
    5,
    1
  ],
  "root_overlap_matrix": [
    [
      -1.0623727690789034e-06,
      0.041149750437918145
    ],
    [
      -9.63023031416984e-07,
      0.041149750437926236
    ],
    [
      0.027879188111892703,
      -7.136278673822335e-08
    ],
    [
      -0.027879188110454048,
      1.1150542268843848e-08
    ],
    [
      0.00028230671745815643,
      -0.041147655775937125
    ],
    [
      0.02787918811193635,
      -7.322908568736688e-08
    ]
  ],
  "root_assigned_abs_overlaps": [
    0.02787918811193635,
    0.041149750437926236
  ],
  "grad": [
    [
      5.829813139463065e-07,
      -6.603008563608555e-07,
      0.0045379192840837666
    ],
    [
      -5.829813139464956e-07,
      6.603008563609088e-07,
      -0.004537919284083139
    ]
  ],
  "nac": [
    [
      -0.014424534255218311,
      0.01640890369011163,
      -0.0004178161223088075
    ],
    [
      0.032225765656519974,
      -0.03665914541106171,
      0.0004175407020531998
    ]
  ],
  "ci_overlap_with_fci": [
    0.02787918811193635,
    0.041149750437926236
  ],
  "ncas": 4,
  "ncore": 4,
  "nelec_act": 4,
  "runtime_s": 3.7442033290863037
}