{
  "system": "lif",
  "label": "LiF / sto-3g / CAS(4,4) SA(2), R=6.5 Bohr",
  "bond_dim": 3,
  "e_states_fci": [
    -105.30509046509349,
    -105.30432438680572
  ],
  "e_states_dmrg": [
    -105.30488403405077,
    -105.30383386253527
  ],
  "e_dmrg_su2": [
    -105.3050904650997,
    -105.30432438680951
  ],
  "root_assignment_dmrg_to_fci": [
    0,
    1
  ],
  "root_overlap_matrix": [
    [
      0.9989991478893986,
      -0.0015217076351582677
    ],
    [
      -0.001478879038565035,
      -0.9994895151365344
    ]
  ],
  "root_assigned_abs_overlaps": [
    0.9989991478893986,
    0.9994895151365344
  ],
  "grad": [
    [
      -6.175619519146677e-06,
      2.060429644331069e-06,
      -0.003328674612957901
    ],
    [
      6.175619519141771e-06,
      -2.060429644331245e-06,
      0.003328674612958921
    ]
  ],
  "nac": [
    [
      0.02402289467793687,
      -0.007954779930682322,
      -0.017944707250888002
    ],
    [
      -0.023330505191324527,
      0.00772413479385657,
      0.01840128322018946
    ]
  ],
  "ci_overlap_with_fci": [
    0.9989991478893986,
    0.9994895151365345
  ],
  "ncas": 4,
  "ncore": 4,
  "nelec_act": 4,
  "runtime_s": 0.9317536354064941
}