{
  "system": "lif_321g",
  "label": "LiF / 3-21g / CAS(4,4) SA(2), R=6.5 Bohr",
  "bond_dim": 6,
  "e_states_fci": [
    -106.24027862139909,
    -106.22606680134709
  ],
  "e_states_dmrg": [
    -106.22592444237993,
    -106.22189843428292
  ],
  "e_dmrg_su2": [
    -106.24027862139927,
    -106.22606680134733,
    -106.07899500872003,
    -105.61072656993257,
    -105.60613657525133,
    -105.5052606091753
  ],
  "root_assignment_dmrg_to_fci": [
    0,
    1
  ],
  "root_overlap_matrix": [
    [
      0.9978691842234507,
      2.3785907494647274e-06
    ],
    [
      2.360432690780307e-06,
      -0.9990720268324296
    ],
    [
      -0.016405380675068054,
      1.5170106737928602e-08
    ],
    [
      3.138347467816021e-08,
      0.004497843214493674
    ],
    [
      0.00043178357338372053,
      2.713536597699269e-07
    ],
    [
      0.0006815116185285713,
      5.353709388679284e-08
    ]
  ],
  "root_assigned_abs_overlaps": [
    0.9978691842234507,
    0.9990720268324296
  ],
  "grad": [
    [
      1.0204385368485135e-08,
      -1.3392443906742097e-08,
      -0.00455862815837905
    ],
    [
      -1.0204385368480076e-08,
      1.3392443906743619e-08,
      0.004558628158378022
    ]
  ],
  "nac": [
    [
      -0.12702183425219535,
      0.14449649045424218,
      0.003547353720649732
    ],
    [
      0.1218565921749873,
      -0.13862065190153547,
      -0.0035473369698066086
    ]
  ],
  "ci_overlap_with_fci": [
    0.9978691842234508,
    0.9990720268324296
  ],
  "ncas": 4,
  "ncore": 4,
  "nelec_act": 4,
  "runtime_s": 2.044447660446167
}