{
  "system": "lif_631g",
  "label": "LiF / 6-31g / CAS(4,4) SA(2), R=6.5 Bohr",
  "bond_dim": 12,
  "e_states_fci": [
    -106.80994186000285,
    -106.78861637203923
  ],
  "e_states_dmrg": [
    -106.80196499139383,
    -106.78850855635429
  ],
  "e_dmrg_su2": [
    -106.8099418600034,
    -106.78861637203958,
    -106.68923086602457,
    -106.15476226644233,
    -106.15025111662791,
    -106.04552645791416
  ],
  "root_assignment_dmrg_to_fci": [
    0,
    1
  ],
  "root_overlap_matrix": [
    [
      0.9987557508676312,
      -4.077192879875396e-06
    ],
    [
      4.07964274437061e-06,
      -0.9999657829988331
    ],
    [
      0.0008853843217951019,
      1.4455496051301837e-06
    ],
    [
      0.0002121049921612156,
      3.021329016384955e-07
    ],
    [
      -3.0804756351903607e-07,
      -2.7574161867736497e-05
    ],
    [
      0.00011271059315307143,
      1.8590435117723743e-07
    ]
  ],
  "root_assigned_abs_overlaps": [
    0.9987557508676312,
    0.9999657829988331
  ],
  "grad": [
    [
      -4.695108323860069e-08,
      3.799356274546108e-06,
      -0.009348701810242213
    ],
    [
      4.695108322467532e-08,
      -3.799356274501801e-06,
      0.009348701810256913
    ]
  ],
  "nac": [
    [
      -0.05192963114187068,
      -0.08350762441281473,
      0.019794326555841006
    ],
    [
      0.04532362612854079,
      0.07288456815866584,
      -0.019793536869960496
    ]
  ],
  "ci_overlap_with_fci": [
    0.9987557508676312,
    0.9999657829988331
  ],
  "ncas": 4,
  "ncore": 4,
  "nelec_act": 4,
  "runtime_s": 3.951282024383545
}