{
  "system": "lif",
  "label": "LiF / sto-3g / CAS(4,4) SA(2), R=6.5 Bohr",
  "bond_dim": 2,
  "e_states_fci": [
    -105.30509046509349,
    -105.30432438680572
  ],
  "e_states_dmrg": [
    -105.10471829482755,
    -105.14378308728233
  ],
  "e_dmrg_su2": [
    -105.30505441220559,
    -105.30428878230164
  ],
  "root_assignment_dmrg_to_fci": [
    1,
    0
  ],
  "root_overlap_matrix": [
    [
      -0.00012401029420341686,
      0.8354519629991571
    ],
    [
      -0.7377690128130344,
      -0.00010500234607774636
    ]
  ],
  "root_assigned_abs_overlaps": [
    0.7377690128130344,
    0.8354519629991571
  ],
  "grad": [
    [
      -6.0563915367752485e-05,
      3.370882528674254e-05,
      -0.0696524747367164
    ],
    [
      6.0563915367812496e-05,
      -3.370882528676885e-05,
      0.06965247473676209
    ]
  ],
  "nac": [
    [
      -0.08667960241420031,
      0.02883731495775125,
      0.45942384052271185
    ],
    [
      0.10840912888849374,
      -0.036075799196529285,
      -0.4583418981548706
    ]
  ],
  "ci_overlap_with_fci": [
    0.7377690128130344,
    0.8354519629991571
  ],
  "ncas": 4,
  "ncore": 4,
  "nelec_act": 4,
  "runtime_s": 3.482151985168457
}