{
  "system": "lif_321g",
  "label": "LiF / 3-21g / CAS(4,4) SA(2), R=6.5 Bohr",
  "bond_dim": 20,
  "e_states_fci": [
    -106.24027862139909,
    -106.22606680134709
  ],
  "e_states_dmrg": [
    -106.24027862139928,
    -106.22606680134734
  ],
  "e_dmrg_su2": [
    -106.2402786213993,
    -106.22606680134734,
    -106.07899500872001,
    -105.61072656993257,
    -105.60613657525133,
    -105.5052606091753
  ],
  "root_assignment_dmrg_to_fci": [
    0,
    1
  ],
  "root_overlap_matrix": [
    [
      -0.9999999999997687,
      1.1740474305777096e-11
    ],
    [
      1.2020408338314924e-11,
      0.9999999999997801
    ],
    [
      -3.03819070607343e-07,
      -4.7889035941437457e-08
    ],
    [
      -8.562455325278111e-08,
      -2.7260887642761756e-08
    ],
    [
      4.483851463130611e-08,
      -1.0910296743716987e-07
    ],
    [
      -3.902673772151763e-08,
      -2.056934135531929e-08
    ]
  ],
  "root_assigned_abs_overlaps": [
    0.9999999999997687,
    0.9999999999997801
  ],
  "grad": [
    [
      -1.2982818791370871e-09,
      4.6871703486717644e-11,
      -0.004234557237550907
    ],
    [
      1.2982818791396448e-09,
      -4.6871703484666236e-11,
      0.0042345572375491304
    ]
  ],
  "nac": [
    [
      -0.09836519006774497,
      0.11190019722100167,
      -9.505283478349433e-07
    ],
    [
      0.09346418838647164,
      -0.10632495091485926,
      9.635490462234596e-07
    ]
  ],
  "ci_overlap_with_fci": [
    0.9999999999997691,
    0.9999999999997801
  ],
  "ncas": 4,
  "ncore": 4,
  "nelec_act": 4,
  "runtime_s": 0.9653439521789551
}