{
  "system": "lif_631g",
  "label": "LiF / 6-31g / CAS(4,4) SA(2), R=6.5 Bohr",
  "bond_dim": 4,
  "e_states_fci": [
    -106.80994186000285,
    -106.78861637203923
  ],
  "e_states_dmrg": [
    -106.78814710344612,
    -106.77923131785698
  ],
  "e_dmrg_su2": [
    -106.8099418600034,
    -106.78861637203956,
    -106.6892308660246,
    -106.15476226644236,
    -106.15025111662794,
    -106.04552645791418
  ],
  "root_assignment_dmrg_to_fci": [
    0,
    1
  ],
  "root_overlap_matrix": [
    [
      0.9954743485932933,
      -0.00031349517760643304
    ],
    [
      0.0003114697519921745,
      0.9970715047893688
    ],
    [
      -0.008921801021172576,
      -2.7051778152114273e-05
    ],
    [
      -0.03331939283205177,
      7.945919027145282e-05
    ],
    [
      -0.0015880372258557911,
      -0.9924820422348476
    ],
    [
      -0.01129985369878288,
      -1.3942768488816028e-05
    ]
  ],
  "root_assigned_abs_overlaps": [
    0.9954743485932933,
    0.9970715047893688
  ],
  "grad": [
    [
      -2.013918775993104e-07,
      -3.230455987361154e-07,
      -0.010616900456908785
    ],
    [
      2.0139187759750335e-07,
      3.2304559873314825e-07,
      0.010616900456925362
    ]
  ],
  "nac": [
    [
      -0.0852990259045081,
      -0.13716872050687726,
      -0.10536596045414778
    ],
    [
      0.07865103709109152,
      0.12647814809434807,
      0.1053677052222607
    ]
  ],
  "ci_overlap_with_fci": [
    0.9954743485932931,
    0.9970715047893688
  ],
  "ncas": 4,
  "ncore": 4,
  "nelec_act": 4,
  "runtime_s": 1.8483574390411377
}