{
  "system": "lif",
  "label": "LiF / sto-3g / CAS(4,4) SA(2), R=6.5 Bohr",
  "bond_dim": 4,
  "e_states_fci": [
    -105.30509046509349,
    -105.30432438680572
  ],
  "e_states_dmrg": [
    -105.30496043009143,
    -105.3039479365158
  ],
  "e_dmrg_su2": [
    -105.30509046509968,
    -105.30432438680951
  ],
  "root_assignment_dmrg_to_fci": [
    0,
    1
  ],
  "root_overlap_matrix": [
    [
      0.9985725296359471,
      -0.042373442398429696
    ],
    [
      0.04242280031849276,
      0.9982431423754125
    ]
  ],
  "root_assigned_abs_overlaps": [
    0.9985725296359471,
    0.9982431423754125
  ],
  "grad": [
    [
      -1.1909917755715483e-05,
      3.968326274224394e-06,
      -0.0033370143932500975
    ],
    [
      1.1909917755681046e-05,
      -3.9683262742130915e-06,
      0.003337014393250886
    ]
  ],
  "nac": [
    [
      0.21396655947811374,
      -0.07123726661179583,
      -0.0007824527178068028
    ],
    [
      -0.2125662028554582,
      0.07077078680678979,
      0.0005438202913620919
    ]
  ],
  "ci_overlap_with_fci": [
    0.9985725296359471,
    0.9982431423754125
  ],
  "ncas": 4,
  "ncore": 4,
  "nelec_act": 4,
  "runtime_s": 3.525123119354248
}