{
  "system": "lif_631g",
  "label": "LiF / 6-31g / CAS(4,4) SA(2), R=6.5 Bohr",
  "bond_dim": 20,
  "e_states_fci": [
    -106.80994186000285,
    -106.78861637203923
  ],
  "e_states_dmrg": [
    -106.80994186000343,
    -106.78861637203957
  ],
  "e_dmrg_su2": [
    -106.80994186000345,
    -106.78861637203958,
    -106.68923086602457,
    -106.15476226644233,
    -106.15025111662791,
    -106.04552645791416
  ],
  "root_assignment_dmrg_to_fci": [
    0,
    1
  ],
  "root_overlap_matrix": [
    [
      -0.9999999999989199,
      -3.3757513049921262e-12
    ],
    [
      -3.48299646870955e-12,
      0.9999999999998269
    ],
    [
      -1.2580711465766914e-06,
      -6.1009836704060205e-09
    ],
    [
      -2.3849844397283565e-07,
      -3.8805000603096083e-08
    ],
    [
      2.416968685052583e-09,
      1.1414777039497548e-07
    ],
    [
      1.0064917710038359e-07,
      3.3158841451873785e-08
    ]
  ],
  "root_assigned_abs_overlaps": [
    0.9999999999989199,
    0.9999999999998269
  ],
  "grad": [
    [
      -1.2757035504651385e-10,
      4.97132988922358e-10,
      -0.009456021667849436
    ],
    [
      1.275703545176609e-10,
      -4.971329897499621e-10,
      0.009456021667863091
    ]
  ],
  "nac": [
    [
      -0.07478119213201226,
      -0.12027405230786836,
      -8.738032543453028e-05
    ],
    [
      0.06818763713797651,
      0.10967101694828522,
      8.83295773382398e-05
    ]
  ],
  "ci_overlap_with_fci": [
    0.9999999999989199,
    0.9999999999998271
  ],
  "ncas": 4,
  "ncore": 4,
  "nelec_act": 4,
  "runtime_s": 1.1722474098205566
}