{
  "system": "lif",
  "label": "LiF / sto-3g / CAS(4,4) SA(2), R=6.5 Bohr",
  "bond_dim": 8,
  "e_states_fci": [
    -105.30509046509349,
    -105.30432438680572
  ],
  "e_states_dmrg": [
    -105.30509035800526,
    -105.30432398265287
  ],
  "e_dmrg_su2": [
    -105.30509046509968,
    -105.30432438680948
  ],
  "root_assignment_dmrg_to_fci": [
    0,
    1
  ],
  "root_overlap_matrix": [
    [
      -0.9999999640175131,
      -4.9334073736288775e-05
    ],
    [
      4.936417955682829e-05,
      -0.9999998010679735
    ]
  ],
  "root_assigned_abs_overlaps": [
    0.9999999640175131,
    0.9999998010679735
  ],
  "grad": [
    [
      1.3329018097218616e-08,
      -4.7996686218478466e-08,
      -0.003334253560614001
    ],
    [
      -1.3329018096105641e-08,
      4.799668621832289e-08,
      0.0033342535606145658
    ]
  ],
  "nac": [
    [
      0.1450801142229024,
      -0.04613521606490908,
      -0.00022117605696877343
    ],
    [
      -0.14407441632537807,
      0.045800200090687186,
      0.00022042995603523523
    ]
  ],
  "ci_overlap_with_fci": [
    0.999999964017513,
    0.9999998010679735
  ],
  "ncas": 4,
  "ncore": 4,
  "nelec_act": 4,
  "runtime_s": 1.0014119148254395
}