{
  "system": "lif_321g",
  "label": "LiF / 3-21g / CAS(4,4) SA(2), R=6.5 Bohr",
  "bond_dim": 200,
  "e_states_fci": [
    -106.24027862139909,
    -106.22606680134709
  ],
  "e_states_dmrg": [
    -106.2402786213993,
    -106.22606680134734
  ],
  "e_dmrg_su2": [
    -106.24027862139931,
    -106.22606680134734,
    -106.07899500872001,
    -105.61072656993255,
    -105.60613657525133,
    -105.5052606091753
  ],
  "root_assignment_dmrg_to_fci": [
    0,
    1
  ],
  "root_overlap_matrix": [
    [
      0.999999999999769,
      -1.1718301223163095e-11
    ],
    [
      1.1998475630055622e-11,
      0.9999999999997797
    ],
    [
      3.0381909765969757e-07,
      4.788903781693442e-08
    ],
    [
      -8.562455930857491e-08,
      -2.726088839422165e-08
    ],
    [
      -4.483851915610031e-08,
      1.0910297060888981e-07
    ],
    [
      3.902673761629949e-08,
      2.0569341362581923e-08
    ]
  ],
  "root_assigned_abs_overlaps": [
    0.999999999999769,
    0.9999999999997797
  ],
  "grad": [
    [
      -1.2982819452697437e-09,
      4.687177891609017e-11,
      -0.004234557237550644
    ],
    [
      1.298281945272513e-09,
      -4.6871778913752554e-11,
      0.0042345572375489735
    ]
  ],
  "nac": [
    [
      -0.0983651898127791,
      0.11190019670496434,
      -9.500479411418067e-07
    ],
    [
      0.09346418813150702,
      -0.10632495039885007,
      9.630688464691654e-07
    ]
  ],
  "ci_overlap_with_fci": [
    0.999999999999769,
    0.9999999999997797
  ],
  "ncas": 4,
  "ncore": 4,
  "nelec_act": 4,
  "runtime_s": 1.0020833015441895
}