{
  "system": "lif",
  "label": "LiF / sto-3g / CAS(4,4) SA(2), R=6.5 Bohr",
  "bond_dim": 30,
  "e_states_fci": [
    -105.30509046509349,
    -105.30432438680572
  ],
  "e_states_dmrg": [
    -105.30509046509967,
    -105.30432438680951
  ],
  "e_dmrg_su2": [
    -105.30509046509968,
    -105.3043243868095,
    -105.22240094766752,
    -105.2131724337915,
    -104.89289347879438,
    -104.86242268876005
  ],
  "root_assignment_dmrg_to_fci": [
    0,
    1
  ],
  "root_overlap_matrix": [
    [
      0.9999999999691447,
      2.236570558091917e-10
    ],
    [
      2.2565906694124374e-10,
      -0.9999999999785466
    ],
    [
      -3.2848995667572244e-07,
      -6.526863334216949e-06
    ],
    [
      7.780575262636194e-06,
      -3.210778235984874e-08
    ],
    [
      2.074445599438268e-08,
      9.817775660575344e-08
    ],
    [
      -7.798320075064237e-07,
      3.523184606573156e-08
    ]
  ],
  "root_assigned_abs_overlaps": [
    0.9999999999691447,
    0.9999999999785466
  ],
  "grad": [
    [
      -9.826103726853315e-08,
      3.5698046160791074e-08,
      -0.003334269257942037
    ],
    [
      9.826103726476724e-08,
      -3.569804615529542e-08,
      0.0033342692579425475
    ]
  ],
  "nac": [
    [
      0.1487420299708339,
      -0.04968709060376424,
      0.0006163876335217892
    ],
    [
      -0.14773660716933812,
      0.04935216626360756,
      -0.0006162368019291242
    ]
  ],
  "ci_overlap_with_fci": [
    0.9999999999691446,
    0.9999999999785466
  ],
  "ncas": 4,
  "ncore": 4,
  "nelec_act": 4,
  "runtime_s": 1.2325677871704102
}