{
  "system": "lif_321g",
  "label": "LiF / 3-21g / CAS(4,4) SA(2), R=6.5 Bohr",
  "bond_dim": 5,
  "e_states_fci": [
    -106.24027862139909,
    -106.22606680134709
  ],
  "e_states_dmrg": [
    -106.16581684152784,
    -106.22189824208598
  ],
  "e_dmrg_su2": [
    -106.24027862139931,
    -106.22606680134732,
    -106.07899500872,
    -105.61072656993257,
    -105.60613657525133,
    -105.50526060917528
  ],
  "root_assignment_dmrg_to_fci": [
    1,
    0
  ],
  "root_overlap_matrix": [
    [
      2.760310028502521e-06,
      0.9990719396093308
    ],
    [
      -0.9523814343467051,
      -8.275524067881548e-07
    ],
    [
      0.9515265015630263,
      -3.392534828427389e-05
    ],
    [
      3.3513520226221364e-07,
      -0.004544363079687738
    ],
    [
      0.021075585753532584,
      -1.4760637274921695e-07
    ],
    [
      0.009620844001967348,
      6.44776220428081e-08
    ]
  ],
  "root_assigned_abs_overlaps": [
    0.9523814343467051,
    0.9990719396093308
  ],
  "grad": [
    [
      1.110469560331992e-08,
      4.793734573547864e-09,
      -0.00577845507172774
    ],
    [
      -1.1104695603319126e-08,
      -4.7937345735462755e-09,
      0.005778455071726911
    ]
  ],
  "nac": [
    [
      0.005633537099587522,
      -0.006408465738927481,
      -0.03534803251088955
    ],
    [
      -0.009844769074011158,
      0.011199048443407385,
      0.03534731980828335
    ]
  ],
  "ci_overlap_with_fci": [
    0.9523814343467052,
    0.9990719396093308
  ],
  "ncas": 4,
  "ncore": 4,
  "nelec_act": 4,
  "runtime_s": 3.8082287311553955
}