{
  "system": "lif_631g",
  "label": "LiF / 6-31g / CAS(4,4) SA(2), R=6.5 Bohr",
  "bond_dim": 30,
  "e_states_fci": [
    -106.80994186000285,
    -106.78861637203923
  ],
  "e_states_dmrg": [
    -106.80994186000343,
    -106.78861637203957
  ],
  "e_dmrg_su2": [
    -106.80994186000343,
    -106.78861637203957,
    -106.68923086602459,
    -106.15476226644235,
    -106.15025111662791,
    -106.04552645791416
  ],
  "root_assignment_dmrg_to_fci": [
    0,
    1
  ],
  "root_overlap_matrix": [
    [
      0.9999999999989196,
      3.389386707875847e-12
    ],
    [
      -3.4970069665295455e-12,
      0.9999999999998269
    ],
    [
      -1.2580711339327377e-06,
      -6.100981698076645e-09
    ],
    [
      2.384984430958713e-07,
      3.880500345636281e-08
    ],
    [
      -2.4169688332130467e-09,
      -1.141477708700681e-07
    ],
    [
      1.0064917687839088e-07,
      3.315884070998886e-08
    ]
  ],
  "root_assigned_abs_overlaps": [
    0.9999999999989196,
    0.9999999999998269
  ],
  "grad": [
    [
      -1.2757040643577777e-10,
      4.9713290661794e-10,
      -0.009456021667849293
    ],
    [
      1.2757040593827826e-10,
      -4.971329074194184e-10,
      0.00945602166786356
    ]
  ],
  "nac": [
    [
      -0.07478119150148058,
      -0.1202740575398919,
      -8.737731239162692e-05
    ],
    [
      0.06818763650745058,
      0.10967102218031026,
      8.832656429289256e-05
    ]
  ],
  "ci_overlap_with_fci": [
    0.99999999999892,
    0.9999999999998269
  ],
  "ncas": 4,
  "ncore": 4,
  "nelec_act": 4,
  "runtime_s": 1.1465086936950684
}