{
  "system": "lif_631g",
  "label": "LiF / 6-31g / CAS(4,4) SA(2), R=6.5 Bohr",
  "bond_dim": 200,
  "e_states_fci": [
    -106.80994186000285,
    -106.78861637203923
  ],
  "e_states_dmrg": [
    -106.80994186000343,
    -106.78861637203957
  ],
  "e_dmrg_su2": [
    -106.80994186000343,
    -106.78861637203958,
    -106.68923086602457,
    -106.15476226644235,
    -106.15025111662791,
    -106.04552645791416
  ],
  "root_assignment_dmrg_to_fci": [
    0,
    1
  ],
  "root_overlap_matrix": [
    [
      -0.9999999999989199,
      -3.3746962580392836e-12
    ],
    [
      3.4823655163810592e-12,
      -0.9999999999998269
    ],
    [
      -1.2580710988893239e-06,
      -6.100989062155301e-09
    ],
    [
      -2.384984462467526e-07,
      -3.880500422027737e-08
    ],
    [
      -2.416965786138007e-09,
      -1.1414777389799873e-07
    ],
    [
      1.0064917750480618e-07,
      3.3158840933778115e-08
    ]
  ],
  "root_assigned_abs_overlaps": [
    0.9999999999989199,
    0.9999999999998269
  ],
  "grad": [
    [
      -1.2757033552961743e-10,
      4.971330201426689e-10,
      -0.009456021667849
    ],
    [
      1.2757033502055063e-10,
      -4.971330209360212e-10,
      0.009456021667863614
    ]
  ],
  "nac": [
    [
      -0.07478119769378794,
      -0.12027404787547977,
      -8.737764286090588e-05
    ],
    [
      0.06818764269975156,
      0.10967101251589227,
      8.832689477901082e-05
    ]
  ],
  "ci_overlap_with_fci": [
    0.9999999999989199,
    0.9999999999998269
  ],
  "ncas": 4,
  "ncore": 4,
  "nelec_act": 4,
  "runtime_s": 1.1476070880889893
}