{
  "system": "lif",
  "label": "LiF / sto-3g / CAS(4,4) SA(2), R=6.5 Bohr",
  "bond_dim": 6,
  "e_states_fci": [
    -105.30509046509349,
    -105.30432438680572
  ],
  "e_states_dmrg": [
    -105.30507467341839,
    -105.30430166392921
  ],
  "e_dmrg_su2": [
    -105.3050904650997,
    -105.30432438680951
  ],
  "root_assignment_dmrg_to_fci": [
    0,
    1
  ],
  "root_overlap_matrix": [
    [
      0.9998967940028487,
      -0.012200463366340376
    ],
    [
      0.012183742849853721,
      0.9999158985310652
    ]
  ],
  "root_assigned_abs_overlaps": [
    0.9998967940028487,
    0.9999158985310652
  ],
  "grad": [
    [
      -1.8509591189599813e-06,
      6.188180048354121e-07,
      -0.0033349218177516566
    ],
    [
      1.8509591189522123e-06,
      -6.188180048332979e-07,
      0.0033349218177524385
    ]
  ],
  "nac": [
    [
      0.14689608365028609,
      -0.04885379794457086,
      0.010753025394303992
    ],
    [
      -0.14595207067139268,
      0.048539336312207255,
      -0.011483135161511593
    ]
  ],
  "ci_overlap_with_fci": [
    0.9998967940028487,
    0.9999158985310652
  ],
  "ncas": 4,
  "ncore": 4,
  "nelec_act": 4,
  "runtime_s": 0.887413740158081
}