{
  "system": "lif",
  "label": "LiF / sto-3g / CAS(4,4) SA(2), R=6.5 Bohr",
  "bond_dim": 200,
  "e_states_fci": [
    -105.30509046509349,
    -105.30432438680572
  ],
  "e_states_dmrg": [
    -105.30509046509965,
    -105.30432438680947
  ],
  "e_dmrg_su2": [
    -105.30509046509965,
    -105.30432438680947
  ],
  "root_assignment_dmrg_to_fci": [
    0,
    1
  ],
  "root_overlap_matrix": [
    [
      0.9999999999686234,
      1.873416440641602e-10
    ],
    [
      1.8951097107792132e-10,
      -0.9999999999797837
    ]
  ],
  "root_assigned_abs_overlaps": [
    0.9999999999686234,
    0.9999999999797837
  ],
  "grad": [
    [
      -1.0384601983614342e-07,
      3.2348437204081104e-08,
      -0.0033342697934776477
    ],
    [
      1.0384601983032007e-07,
      -3.2348437195807855e-08,
      0.0033342697934803088
    ]
  ],
  "nac": [
    [
      0.14899670823116215,
      -0.04952839931758496,
      0.000642441109142643
    ],
    [
      -0.14799128673342649,
      0.04919347541113365,
      -0.0006423195132406404
    ]
  ],
  "ci_overlap_with_fci": [
    0.9999999999686234,
    0.9999999999797837
  ],
  "ncas": 4,
  "ncore": 4,
  "nelec_act": 4,
  "runtime_s": 1.5375747680664062
}