{
  "system": "n2_321g",
  "label": "N2 / 3-21g / CAS(6,6) SA(2), R=1.4 Ang",
  "bond_dim": 12,
  "e_states_fci": [
    -108.36663672726085,
    -108.1302187516604
  ],
  "e_states_dmrg": [
    -108.27693088260885,
    -108.03849339048072
  ],
  "e_dmrg_su2": [
    -108.36133473270425,
    -108.12722645501108,
    -108.09024762007648,
    -108.08876356315068,
    -108.01876444044592,
    -107.99652239736432
  ],
  "root_assignment_dmrg_to_fci": [
    0,
    2
  ],
  "root_overlap_matrix": [
    [
      -0.9693831784639716,
      -1.733678290508753e-09
    ],
    [
      -1.4009624991590552e-10,
      -0.008337986172360673
    ],
    [
      1.145111009736955e-09,
      -0.9692730511875314
    ],
    [
      2.5543547603620177e-09,
      0.005959759066294652
    ],
    [
      -0.012342039290451662,
      2.6274530985995063e-08
    ],
    [
      6.146326162127067e-10,
      -4.668122156403282e-09
    ]
  ],
  "root_assigned_abs_overlaps": [
    0.9693831784639716,
    0.9692730511875314
  ],
  "grad": [
    [
      -1.1494784546964925e-08,
      -6.1644281304533265e-09,
      -0.7047526882765538
    ],
    [
      1.1494784546967205e-08,
      6.164428130453487e-09,
      0.7047526882765847
    ]
  ],
  "nac": [
    [
      1.6898802636136273e-08,
      -5.551636229080182e-08,
      -0.9252713586367849
    ],
    [
      -1.6980136868819486e-08,
      5.5411500988231175e-08,
      0.9252259531797252
    ]
  ],
  "ci_overlap_with_fci": [
    0.9693831784639716,
    0.9692730511875314
  ],
  "ncas": 6,
  "ncore": 4,
  "nelec_act": 6,
  "runtime_s": 4.5399489402771
}