{
  "system": "n2_321g",
  "label": "N2 / 3-21g / CAS(6,6) SA(2), R=1.4 Ang",
  "bond_dim": 16,
  "e_states_fci": [
    -108.36663672726085,
    -108.1302187516604
  ],
  "e_states_dmrg": [
    -108.29962789199593,
    -108.0787558691563
  ],
  "e_dmrg_su2": [
    -108.36663672726151,
    -108.13021875166127,
    -108.09193530069439,
    -108.091935300694,
    -108.02611873080892,
    -107.99656930241999
  ],
  "root_assignment_dmrg_to_fci": [
    0,
    1
  ],
  "root_overlap_matrix": [
    [
      -0.9768297429661787,
      3.251415339800941e-09
    ],
    [
      1.5848457252539273e-09,
      0.9105384584096857
    ],
    [
      3.216592424084959e-09,
      -0.01033518603939015
    ],
    [
      -3.4743303509081964e-09,
      -0.35769449669085945
    ],
    [
      0.021128355251622946,
      -1.5222420806492004e-09
    ],
    [
      5.040706790542786e-10,
      -8.07113992142522e-08
    ]
  ],
  "root_assigned_abs_overlaps": [
    0.9768297429661787,
    0.9105384584096857
  ],
  "grad": [
    [
      1.4593301300682833e-08,
      -2.0239131461688618e-08,
      -0.19196198431598283
    ],
    [
      -1.459330130069571e-08,
      2.0239131461689872e-08,
      0.19196198431597905
    ]
  ],
  "nac": [
    [
      -2.702489554872668e-07,
      -2.949815967386466e-07,
      0.12161231094025104
    ],
    [
      2.709084751815575e-07,
      2.9486992188202576e-07,
      -0.09855147369601351
    ]
  ],
  "ci_overlap_with_fci": [
    0.9768297429661787,
    0.9105384584096857
  ],
  "ncas": 6,
  "ncore": 4,
  "nelec_act": 6,
  "runtime_s": 2.268723726272583
}