{
  "system": "n2_321g",
  "label": "N2 / 3-21g / CAS(6,6) SA(2), R=1.4 Ang",
  "bond_dim": 4,
  "e_states_fci": [
    -108.36663672726085,
    -108.1302187516604
  ],
  "e_states_dmrg": [
    -108.10550138109932,
    -108.10510903912666
  ],
  "e_dmrg_su2": [
    -108.13660541426441,
    -108.05755751456662,
    -108.01370278214092,
    -108.01040813646944,
    -107.94367385977439,
    -107.93760931500849
  ],
  "root_assignment_dmrg_to_fci": [
    0,
    1
  ],
  "root_overlap_matrix": [
    [
      -0.7604391326032349,
      0.5315899172830845
    ],
    [
      0.758647236988583,
      -0.5328455119956925
    ],
    [
      -0.015828491275986428,
      -0.02548523577251241
    ],
    [
      3.4185165605745645e-13,
      3.9451130400068543e-13
    ],
    [
      2.4940331262551873e-16,
      -1.635047829204377e-16
    ],
    [
      1.838616738622821e-14,
      6.669278539479763e-13
    ]
  ],
  "root_assigned_abs_overlaps": [
    0.7604391326032349,
    0.5328455119956925
  ],
  "grad": [
    [
      -0.0018212287366526614,
      0.001067504128553958,
      0.6914377056294425
    ],
    [
      0.0018212287366526367,
      -0.0010675041285539838,
      -0.6914377056462653
    ]
  ],
  "nac": [
    [
      7.344923443690935,
      -12.446924713770311,
      26706.899021974597
    ],
    [
      -7.344923443690813,
      12.44692471377069,
      -26706.899021948877
    ]
  ],
  "ci_overlap_with_fci": [
    0.7604391326032347,
    0.5328455119956925
  ],
  "ncas": 6,
  "ncore": 4,
  "nelec_act": 6,
  "runtime_s": 5.805412530899048
}