{
  "system": "n2_321g",
  "label": "N2 / 3-21g / CAS(6,6) SA(2), R=1.4 Ang",
  "bond_dim": 200,
  "e_states_fci": [
    -108.36663672726085,
    -108.1302187516604
  ],
  "e_states_dmrg": [
    -108.36663672726148,
    -108.1302187516613
  ],
  "e_dmrg_su2": [
    -108.3666367272615,
    -108.1302187516613,
    -108.09193530069408,
    -108.09193530069405,
    -108.0261187308088,
    -107.99656930240712
  ],
  "root_assignment_dmrg_to_fci": [
    0,
    1
  ],
  "root_overlap_matrix": [
    [
      0.999999999999306,
      -2.2186011588825063e-14
    ],
    [
      -3.751050592124458e-15,
      -0.9999999999992161
    ],
    [
      5.593185024500056e-15,
      2.5624853115281676e-08
    ],
    [
      3.978604982672335e-14,
      7.380204830945147e-09
    ],
    [
      1.0941490263538522e-06,
      -2.707193793117326e-14
    ],
    [
      -5.549737412787417e-14,
      9.336877000110859e-14
    ]
  ],
  "root_assigned_abs_overlaps": [
    0.999999999999306,
    0.9999999999992161
  ],
  "grad": [
    [
      2.1371548389058868e-10,
      7.803870335731256e-11,
      -0.1997500454774832
    ],
    [
      -2.1371548389062177e-10,
      -7.803870335733241e-11,
      0.19975004547747596
    ]
  ],
  "nac": [
    [
      3.2639664817206196e-08,
      9.325288764192862e-09,
      2.7444016170275823e-08
    ],
    [
      -3.2157065390441484e-08,
      -1.0090510118822938e-08,
      1.106886033332276e-09
    ]
  ],
  "ci_overlap_with_fci": [
    0.9999999999993061,
    0.9999999999992161
  ],
  "ncas": 6,
  "ncore": 4,
  "nelec_act": 6,
  "runtime_s": 1.323401689529419
}