{
  "system": "n2_321g",
  "label": "N2 / 3-21g / CAS(6,6) SA(2), R=1.4 Ang",
  "bond_dim": 20,
  "e_states_fci": [
    -108.36663672726085,
    -108.1302187516604
  ],
  "e_states_dmrg": [
    -108.31992030022532,
    -108.10010013602566
  ],
  "e_dmrg_su2": [
    -108.36663672726164,
    -108.13021875166145,
    -108.09193530069412,
    -108.09193530069398,
    -108.0261187308089,
    -107.99656930203135
  ],
  "root_assignment_dmrg_to_fci": [
    0,
    1
  ],
  "root_overlap_matrix": [
    [
      -0.9840509641720805,
      -1.4046562180359679e-09
    ],
    [
      1.7473364094871234e-09,
      -0.9788632028879831
    ],
    [
      9.921824285463346e-10,
      0.005302264103476413
    ],
    [
      -2.467357781722264e-09,
      -0.13884605173539252
    ],
    [
      -0.005329329584029124,
      7.8238193618998e-09
    ],
    [
      -2.6917357713343433e-09,
      4.8795071157846205e-08
    ]
  ],
  "root_assigned_abs_overlaps": [
    0.9840509641720805,
    0.9788632028879831
  ],
  "grad": [
    [
      7.000992181765715e-09,
      -8.507080717627544e-09,
      -0.25546453113761197
    ],
    [
      -7.000992181765674e-09,
      8.507080717627583e-09,
      0.2554645311376089
    ]
  ],
  "nac": [
    [
      -2.850198798624065e-08,
      -2.0235378231494426e-08,
      -0.04479274170040747
    ],
    [
      2.806307139678226e-08,
      1.997580789471433e-08,
      0.0448744420993541
    ]
  ],
  "ci_overlap_with_fci": [
    0.9840509641720807,
    0.9788632028879831
  ],
  "ncas": 6,
  "ncore": 4,
  "nelec_act": 6,
  "runtime_s": 3.0791821479797363
}