{
  "system": "n2_321g",
  "label": "N2 / 3-21g / CAS(6,6) SA(2), R=1.4 Ang",
  "bond_dim": 30,
  "e_states_fci": [
    -108.36663672726085,
    -108.1302187516604
  ],
  "e_states_dmrg": [
    -108.34395206303383,
    -108.12515347919282
  ],
  "e_dmrg_su2": [
    -108.3666367272614,
    -108.13021875166127,
    -108.09193530069419,
    -108.09193530069412,
    -108.02611873080886,
    -107.99656930203955
  ],
  "root_assignment_dmrg_to_fci": [
    0,
    1
  ],
  "root_overlap_matrix": [
    [
      -0.9927711969671048,
      1.2230196227406127e-08
    ],
    [
      -1.0368442015136286e-08,
      -0.9978939828948106
    ],
    [
      -7.462702069245064e-09,
      0.01968691217353988
    ],
    [
      5.700898920116546e-09,
      -0.007072947450518717
    ],
    [
      0.014528492510266777,
      5.930708173611356e-09
    ],
    [
      5.0245649440360276e-09,
      -3.8119364803806813e-08
    ]
  ],
  "root_assigned_abs_overlaps": [
    0.9927711969671048,
    0.9978939828948106
  ],
  "grad": [
    [
      3.9272247525458823e-10,
      4.7293921389629975e-09,
      -0.22179604737043154
    ],
    [
      -3.927224752545808e-10,
      -4.7293921389630885e-09,
      0.22179604737043315
    ]
  ],
  "nac": [
    [
      4.802629767857256e-08,
      5.8539683677370906e-08,
      0.033680699614671517
    ],
    [
      -4.619741581919568e-08,
      -5.7728528797194503e-08,
      -0.023298715790942996
    ]
  ],
  "ci_overlap_with_fci": [
    0.9927711969671049,
    0.9978939828948106
  ],
  "ncas": 6,
  "ncore": 4,
  "nelec_act": 6,
  "runtime_s": 3.2784950733184814
}