{
  "system": "n2_321g",
  "label": "N2 / 3-21g / CAS(6,6) SA(2), R=1.4 Ang",
  "bond_dim": 8,
  "e_states_fci": [
    -108.36663672726085,
    -108.1302187516604
  ],
  "e_states_dmrg": [
    -108.25430628537907,
    -108.03951112439178
  ],
  "e_dmrg_su2": [
    -108.35284606172371,
    -108.11110560863467,
    -108.06340602054695,
    -108.05468407035276,
    -107.99835261234341,
    -107.98627814649653
  ],
  "root_assignment_dmrg_to_fci": [
    0,
    1
  ],
  "root_overlap_matrix": [
    [
      0.9429676010653517,
      6.92537054643604e-08
    ],
    [
      4.476233223317817e-08,
      -0.964352740441877
    ],
    [
      -1.7092321038368857e-08,
      -0.043775266082642414
    ],
    [
      8.476113508873333e-08,
      0.07739961141668404
    ],
    [
      -0.012719221585490964,
      5.266383566959167e-07
    ],
    [
      5.684258042431085e-12,
      -1.224708592576538e-05
    ]
  ],
  "root_assigned_abs_overlaps": [
    0.9429676010653517,
    0.964352740441877
  ],
  "grad": [
    [
      -5.2314196907241476e-11,
      4.4015592751918497e-10,
      -1.289534902629296
    ],
    [
      5.231419423612308e-11,
      -4.4015592324802133e-10,
      1.2895349026292442
    ]
  ],
  "nac": [
    [
      -1.2024882743987925e-05,
      -1.3640821085641319e-06,
      -2.469065574530179
    ],
    [
      1.2024882304818667e-05,
      1.3640826381612549e-06,
      2.449542948638589
    ]
  ],
  "ci_overlap_with_fci": [
    0.9429676010653518,
    0.964352740441877
  ],
  "ncas": 6,
  "ncore": 4,
  "nelec_act": 6,
  "runtime_s": 5.856372117996216
}