{
  "system": "n2_631g",
  "label": "N2 / 6-31g / CAS(6,6) SA(2), R=1.4 Ang",
  "bond_dim": 16,
  "e_states_fci": [
    -108.92651866853654,
    -108.69306442126081
  ],
  "e_states_dmrg": [
    -108.8581557823772,
    -108.6409013476872
  ],
  "e_dmrg_su2": [
    -108.92651866853733,
    -108.69306442126155,
    -108.65515103802896,
    -108.65515103802885,
    -108.59046881250697,
    -108.55096855617879
  ],
  "root_assignment_dmrg_to_fci": [
    0,
    1
  ],
  "root_overlap_matrix": [
    [
      -0.9762027984157218,
      -8.372321337447024e-10
    ],
    [
      -6.919854854373895e-10,
      0.9483815027216395
    ],
    [
      -6.472460464674408e-10,
      0.09489395953704065
    ],
    [
      7.009350051835666e-10,
      -0.22648246584162174
    ],
    [
      0.02155943741459551,
      -4.273325351955958e-09
    ],
    [
      -9.27513824685651e-13,
      3.866679584635176e-09
    ]
  ],
  "root_assigned_abs_overlaps": [
    0.9762027984157218,
    0.9483815027216395
  ],
  "grad": [
    [
      -6.359955538366004e-09,
      1.390526450438038e-09,
      -0.27130905558629825
    ],
    [
      6.3599555383666066e-09,
      -1.390526450437049e-09,
      0.27130905558631246
    ]
  ],
  "nac": [
    [
      -6.08823677248514e-08,
      -2.3595319695380955e-08,
      0.011922734606294696
    ],
    [
      6.10227639600796e-08,
      2.35504611685667e-08,
      -0.0014485256558242803
    ]
  ],
  "ci_overlap_with_fci": [
    0.9762027984157218,
    0.9483815027216395
  ],
  "ncas": 6,
  "ncore": 4,
  "nelec_act": 6,
  "runtime_s": 2.3877196311950684
}