{
  "system": "n2_631g",
  "label": "N2 / 6-31g / CAS(6,6) SA(2), R=1.4 Ang",
  "bond_dim": 8,
  "e_states_fci": [
    -108.92651866853654,
    -108.69306442126081
  ],
  "e_states_dmrg": [
    -108.81287674710741,
    -108.60149154492521
  ],
  "e_dmrg_su2": [
    -108.91250697377485,
    -108.67293595485508,
    -108.62568488734986,
    -108.61732142071796,
    -108.5616890025598,
    -108.5405083519175
  ],
  "root_assignment_dmrg_to_fci": [
    0,
    1
  ],
  "root_overlap_matrix": [
    [
      -0.9422583753779052,
      1.105621328762959e-08
    ],
    [
      -1.0012692488543326e-08,
      -0.9640307044498001
    ],
    [
      -7.363687995110529e-09,
      0.05195951920302119
    ],
    [
      -1.5328245679949044e-07,
      0.07614171384281783
    ],
    [
      0.012996236369592906,
      8.849967234134787e-07
    ],
    [
      -1.4286284012258515e-14,
      -2.435061823709924e-08
    ]
  ],
  "root_assigned_abs_overlaps": [
    0.9422583753779052,
    0.9640307044498001
  ],
  "grad": [
    [
      1.5597069348486531e-09,
      4.820275414250374e-10,
      -4.165664212639274
    ],
    [
      -1.5597069347458346e-09,
      -4.820275413646375e-10,
      4.165664212639017
    ]
  ],
  "nac": [
    [
      -1.0175824429968142e-07,
      1.52469198072055e-08,
      -9.800726029495447
    ],
    [
      1.0175842415710829e-07,
      -1.5247157903170808e-08,
      9.781895387536487
    ]
  ],
  "ci_overlap_with_fci": [
    0.9422583753779052,
    0.9640307044498001
  ],
  "ncas": 6,
  "ncore": 4,
  "nelec_act": 6,
  "runtime_s": 6.227445363998413
}