{
  "system": "n2_631g",
  "label": "N2 / 6-31g / CAS(6,6) SA(2), R=1.4 Ang",
  "bond_dim": 4,
  "e_states_fci": [
    -108.92651866853654,
    -108.69306442126081
  ],
  "e_states_dmrg": [
    -108.72162595596883,
    -108.7183561282771
  ],
  "e_dmrg_su2": [
    -108.82505791265113,
    -108.62987129230422,
    -108.58422616369391,
    -108.57308965422513,
    -108.53479035119084,
    -108.46904875130546
  ],
  "root_assignment_dmrg_to_fci": [
    0,
    1
  ],
  "root_overlap_matrix": [
    [
      -0.8658776447079259,
      -0.28849172462695566
    ],
    [
      -0.8622839136345525,
      -0.28969405837124795
    ],
    [
      -0.8537880121979712,
      -0.2888542634426947
    ],
    [
      -1.1153855451528136e-08,
      2.1230885882580954e-08
    ],
    [
      4.303969703893667e-09,
      -2.901810460580136e-08
    ],
    [
      0.007319461561000951,
      -0.023926491203413808
    ]
  ],
  "root_assigned_abs_overlaps": [
    0.8658776447079259,
    0.28969405837124795
  ],
  "grad": [
    [
      5.192552902472123e-06,
      2.8331632566146823e-05,
      0.31673334166826783
    ],
    [
      -5.192552902472297e-06,
      -2.8331632566147256e-05,
      -0.3167333416674718
    ]
  ],
  "nac": [
    [
      0.12683673698429346,
      -0.013831679419682625,
      -5535.10727611747
    ],
    [
      -0.12683673627240818,
      0.013831677326523755,
      5535.085199056556
    ]
  ],
  "ci_overlap_with_fci": [
    0.8658776447079259,
    0.28969405837124795
  ],
  "ncas": 6,
  "ncore": 4,
  "nelec_act": 6,
  "runtime_s": 7.207824468612671
}