{
  "system": "n2_631g",
  "label": "N2 / 6-31g / CAS(6,6) SA(2), R=1.4 Ang",
  "bond_dim": 200,
  "e_states_fci": [
    -108.92651866853654,
    -108.69306442126081
  ],
  "e_states_dmrg": [
    -108.92651866853738,
    -108.6930644212616
  ],
  "e_dmrg_su2": [
    -108.9265186685374,
    -108.69306442126161,
    -108.65515103802889,
    -108.65515103802888,
    -108.59046881250704,
    -108.55096855617928
  ],
  "root_assignment_dmrg_to_fci": [
    0,
    1
  ],
  "root_overlap_matrix": [
    [
      0.9999999999992246,
      -1.5786232800523322e-14
    ],
    [
      -3.988819081171725e-15,
      -0.9999999999993088
    ],
    [
      -4.4599023209866725e-14,
      4.663282390446333e-10
    ],
    [
      -6.968375630016248e-14,
      3.0832793267328296e-09
    ],
    [
      1.0336422043011328e-06,
      -1.6249899552327733e-09
    ],
    [
      7.482531473505586e-14,
      5.949043168167744e-14
    ]
  ],
  "root_assigned_abs_overlaps": [
    0.9999999999992246,
    0.9999999999993088
  ],
  "grad": [
    [
      -6.801425647173348e-11,
      -3.57583433280002e-10,
      -0.23231864812909855
    ],
    [
      6.801425647154323e-11,
      3.5758343328002145e-10,
      0.2323186481290987
    ]
  ],
  "nac": [
    [
      -5.026789352654125e-08,
      3.596742634755651e-08,
      -9.71306152475534e-09
    ],
    [
      4.859618705790138e-08,
      -3.667158950515506e-08,
      -1.6663538009802505e-08
    ]
  ],
  "ci_overlap_with_fci": [
    0.9999999999992246,
    0.9999999999993088
  ],
  "ncas": 6,
  "ncore": 4,
  "nelec_act": 6,
  "runtime_s": 1.5416560173034668
}