{
  "system": "n2_631g",
  "label": "N2 / 6-31g / CAS(6,6) SA(2), R=1.4 Ang",
  "bond_dim": 30,
  "e_states_fci": [
    -108.92651866853654,
    -108.69306442126081
  ],
  "e_states_dmrg": [
    -108.90267095894755,
    -108.6859352316768
  ],
  "e_dmrg_su2": [
    -108.9265186685375,
    -108.69306442126168,
    -108.65515103802895,
    -108.65515103802893,
    -108.59046881250694,
    -108.55096855616814
  ],
  "root_assignment_dmrg_to_fci": [
    0,
    1
  ],
  "root_overlap_matrix": [
    [
      0.9919561306960085,
      1.7836976182165908e-09
    ],
    [
      1.3806792440454973e-09,
      -0.9959541292550951
    ],
    [
      8.025262025258835e-10,
      -0.04877826936767231
    ],
    [
      2.5628512265436337e-09,
      -0.0120450763180688
    ],
    [
      0.016845645720571886,
      -1.1779181740879848e-09
    ],
    [
      2.0751891203974416e-09,
      1.4088303790060016e-08
    ]
  ],
  "root_assigned_abs_overlaps": [
    0.9919561306960085,
    0.9959541292550951
  ],
  "grad": [
    [
      -8.631101328722656e-10,
      -3.2378315980081936e-10,
      -0.2555903319121528
    ],
    [
      8.631101328722758e-10,
      3.2378315980081233e-10,
      0.2555903319121642
    ]
  ],
  "nac": [
    [
      2.497971849880728e-08,
      8.262952461421222e-08,
      0.03070281188043128
    ],
    [
      -2.500227302235936e-08,
      -8.267377298373395e-08,
      -0.032982885111358023
    ]
  ],
  "ci_overlap_with_fci": [
    0.9919561306960085,
    0.9959541292550951
  ],
  "ncas": 6,
  "ncore": 4,
  "nelec_act": 6,
  "runtime_s": 2.3202459812164307
}