{
  "system": "n2_631g",
  "label": "N2 / 6-31g / CAS(6,6) SA(2), R=1.4 Ang",
  "bond_dim": 12,
  "e_states_fci": [
    -108.92651866853654,
    -108.69306442126081
  ],
  "e_states_dmrg": [
    -108.83531323169152,
    -108.59987632074518
  ],
  "e_dmrg_su2": [
    -108.92111798516446,
    -108.68987785363304,
    -108.65341291729685,
    -108.651893144437,
    -108.58292796552044,
    -108.55092226591019
  ],
  "root_assignment_dmrg_to_fci": [
    0,
    2
  ],
  "root_overlap_matrix": [
    [
      0.9689365521396059,
      1.4331733856369361e-09
    ],
    [
      -3.6997306167946037e-10,
      0.008216010798212742
    ],
    [
      -9.982199833493153e-10,
      0.9689561980244892
    ],
    [
      1.5764239965492786e-09,
      0.005850456969739611
    ],
    [
      0.012591974950948812,
      -1.0760303558657208e-08
    ],
    [
      -1.9822577945332174e-11,
      -8.055930234052409e-09
    ]
  ],
  "root_assigned_abs_overlaps": [
    0.9689365521396059,
    0.9689561980244892
  ],
  "grad": [
    [
      1.3614850683718734e-09,
      1.3168363316207787e-09,
      -1.6823958232872809
    ],
    [
      -1.3614850683782326e-09,
      -1.3168363316206494e-09,
      1.6823958232873435
    ]
  ],
  "nac": [
    [
      6.093459144327855e-08,
      1.973365361408657e-07,
      -3.1185311575002843
    ],
    [
      -6.090681911179177e-08,
      -1.973745421307478e-07,
      3.118497237755227
    ]
  ],
  "ci_overlap_with_fci": [
    0.9689365521396059,
    0.9689561980244892
  ],
  "ncas": 6,
  "ncore": 4,
  "nelec_act": 6,
  "runtime_s": 5.939454078674316
}