{
  "system": "n2_631g",
  "label": "N2 / 6-31g / CAS(6,6) SA(2), R=1.4 Ang",
  "bond_dim": 20,
  "e_states_fci": [
    -108.92651866853654,
    -108.69306442126081
  ],
  "e_states_dmrg": [
    -108.87652332022654,
    -108.66012126650602
  ],
  "e_dmrg_su2": [
    -108.92651866853738,
    -108.69306442126154,
    -108.65515103802888,
    -108.65515103802876,
    -108.59046881250697,
    -108.55096855617467
  ],
  "root_assignment_dmrg_to_fci": [
    0,
    1
  ],
  "root_overlap_matrix": [
    [
      0.9829443192183043,
      1.9656098116678066e-09
    ],
    [
      1.0109161055237004e-09,
      -0.9627411752210241
    ],
    [
      8.627711440570711e-10,
      0.08224042349592989
    ],
    [
      -1.9843136874667758e-09,
      0.20425597751777108
    ],
    [
      0.00842635808224132,
      2.0283099355334784e-09
    ],
    [
      -4.84810807656587e-09,
      9.391007999756806e-09
    ]
  ],
  "root_assigned_abs_overlaps": [
    0.9829443192183043,
    0.9627411752210241
  ],
  "grad": [
    [
      5.3090539802746595e-09,
      -1.5881978175365775e-09,
      -0.29133529202236225
    ],
    [
      -5.309053980274626e-09,
      1.588197817536548e-09,
      0.29133529202234665
    ]
  ],
  "nac": [
    [
      5.0577244914942095e-08,
      1.5375436572149975e-09,
      -0.030969028921903122
    ],
    [
      -5.0423364767120515e-08,
      -1.18260490818382e-09,
      0.0627692454404896
    ]
  ],
  "ci_overlap_with_fci": [
    0.9829443192183043,
    0.9627411752210241
  ],
  "ncas": 6,
  "ncore": 4,
  "nelec_act": 6,
  "runtime_s": 3.1948060989379883
}