{
  "system": "n2",
  "label": "N2 / sto-3g / CAS(6,6) SA(2), R=1.4 Ang",
  "bond_dim": 20,
  "e_states_fci": [
    -107.60856004102985,
    -107.36351603179386
  ],
  "e_states_dmrg": [
    -107.59117663753095,
    -107.35877685215817
  ],
  "e_dmrg_su2": [
    -107.60856004103061,
    -107.3635160317953
  ],
  "root_assignment_dmrg_to_fci": [
    0,
    1
  ],
  "root_overlap_matrix": [
    [
      -0.9954915860611994,
      5.344620645736486e-12
    ],
    [
      4.689603152351032e-10,
      0.998687231382315
    ]
  ],
  "root_assigned_abs_overlaps": [
    0.9954915860611994,
    0.998687231382315
  ],
  "grad": [
    [
      4.2610029380859486e-13,
      -2.569091019032023e-13,
      -0.22097344599664126
    ],
    [
      -4.2610029380862233e-13,
      2.5690910190280727e-13,
      0.22097344599664395
    ]
  ],
  "nac": [
    [
      9.826525668574246e-10,
      -2.597173132121134e-10,
      0.03215803916827653
    ],
    [
      -9.82707648417517e-10,
      2.566594400775975e-10,
      -0.03215790266054058
    ]
  ],
  "ci_overlap_with_fci": [
    0.9954915860611994,
    0.998687231382315
  ],
  "ncas": 6,
  "ncore": 4,
  "nelec_act": 6,
  "runtime_s": 0.9258120059967041
}