{
  "system": "n2",
  "label": "N2 / sto-3g / CAS(6,6) SA(2), R=1.4 Ang",
  "bond_dim": 30,
  "e_states_fci": [
    -107.60856004102985,
    -107.36351603179386
  ],
  "e_states_dmrg": [
    -107.60824478700033,
    -107.36333730730558
  ],
  "e_dmrg_su2": [
    -107.60856004103064,
    -107.36351603179514
  ],
  "root_assignment_dmrg_to_fci": [
    0,
    1
  ],
  "root_overlap_matrix": [
    [
      0.9999071924028214,
      -1.896330737243183e-14
    ],
    [
      1.9559195737230836e-11,
      0.9999065725116008
    ]
  ],
  "root_assigned_abs_overlaps": [
    0.9999071924028214,
    0.9999065725116008
  ],
  "grad": [
    [
      -4.127194184438993e-14,
      1.7568243973548681e-15,
      -0.2078235765094892
    ],
    [
      4.1271941844367716e-14,
      -1.7568243973463863e-15,
      0.2078235765094871
    ]
  ],
  "nac": [
    [
      2.7451639639115367e-12,
      -2.2548700852942414e-11,
      -0.002632366760414866
    ],
    [
      -3.2220784825566377e-12,
      2.2622190862296138e-11,
      0.0026324123953525595
    ]
  ],
  "ci_overlap_with_fci": [
    0.9999071924028214,
    0.9999065725116008
  ],
  "ncas": 6,
  "ncore": 4,
  "nelec_act": 6,
  "runtime_s": 0.9636890888214111
}