{
  "system": "n2",
  "label": "N2 / sto-3g / CAS(6,6) SA(2), R=1.4 Ang",
  "bond_dim": 16,
  "e_states_fci": [
    -107.60856004102985,
    -107.36351603179386
  ],
  "e_states_dmrg": [
    -107.58597035664928,
    -107.35166323431976
  ],
  "e_dmrg_su2": [
    -107.6085600410304,
    -107.36351603179514
  ],
  "root_assignment_dmrg_to_fci": [
    0,
    1
  ],
  "root_overlap_matrix": [
    [
      0.9934946176444266,
      3.035418172321146e-15
    ],
    [
      -3.583324802156431e-13,
      0.9952947045908493
    ]
  ],
  "root_assigned_abs_overlaps": [
    0.9934946176444266,
    0.9952947045908493
  ],
  "grad": [
    [
      -1.1816206208382592e-12,
      -9.543435459346906e-14,
      -0.22551170479171784
    ],
    [
      1.181620620837197e-12,
      9.543435458700994e-14,
      0.22551170479171925
    ]
  ],
  "nac": [
    [
      1.4012910988139713e-08,
      -2.182804692941848e-09,
      0.026198258620254326
    ],
    [
      -1.4012903540204776e-08,
      2.182005075499428e-09,
      -0.026198272708272314
    ]
  ],
  "ci_overlap_with_fci": [
    0.9934946176444266,
    0.9952947045908495
  ],
  "ncas": 6,
  "ncore": 4,
  "nelec_act": 6,
  "runtime_s": 0.9376146793365479
}