{
  "system": "n2",
  "label": "N2 / sto-3g / CAS(6,6) SA(2), R=1.4 Ang",
  "bond_dim": 4,
  "e_states_fci": [
    -107.60856004102985,
    -107.36351603179386
  ],
  "e_states_dmrg": [
    -107.46078453730112,
    -107.26574146786771
  ],
  "e_dmrg_su2": [
    -107.54734537266287,
    -107.31096068079
  ],
  "root_assignment_dmrg_to_fci": [
    0,
    1
  ],
  "root_overlap_matrix": [
    [
      -0.9243322610171211,
      6.7088109290370344e-15
    ],
    [
      3.9042133626205626e-16,
      -0.9639794662051353
    ]
  ],
  "root_assigned_abs_overlaps": [
    0.9243322610171211,
    0.9639794662051353
  ],
  "grad": [
    [
      2.9692249747160274e-11,
      3.661538503547761e-12,
      -0.33863234794967634
    ],
    [
      -2.969224974704447e-11,
      -3.661538510810407e-12,
      0.3386323479496598
    ]
  ],
  "nac": [
    [
      3.213610977728308e-06,
      -4.1998338934350393e-07,
      -0.0936600180294521
    ],
    [
      -3.213611797111604e-06,
      4.199834171909203e-07,
      0.09366017596500942
    ]
  ],
  "ci_overlap_with_fci": [
    0.9243322610171211,
    0.9639794662051353
  ],
  "ncas": 6,
  "ncore": 4,
  "nelec_act": 6,
  "runtime_s": 2.0652098655700684
}