{
  "system": "n2",
  "label": "N2 / sto-3g / CAS(6,6) SA(2), R=1.4 Ang",
  "bond_dim": 8,
  "e_states_fci": [
    -107.60856004102985,
    -107.36351603179386
  ],
  "e_states_dmrg": [
    -107.52512122968321,
    -107.31223243667536
  ],
  "e_dmrg_su2": [
    -107.58966134395925,
    -107.35286527519035
  ],
  "root_assignment_dmrg_to_fci": [
    0,
    1
  ],
  "root_overlap_matrix": [
    [
      0.9729808656126823,
      -4.2699502820346646e-16
    ],
    [
      2.0305710260466346e-15,
      0.9785016058577037
    ]
  ],
  "root_assigned_abs_overlaps": [
    0.9729808656126823,
    0.9785016058577037
  ],
  "grad": [
    [
      3.746998267325696e-12,
      -5.64298680441753e-13,
      -0.26665221467147615
    ],
    [
      -3.74699826669921e-12,
      5.642986808793316e-13,
      0.2666522146714788
    ]
  ],
  "nac": [
    [
      -6.234055277089442e-08,
      5.515729766695621e-08,
      0.04594522416545237
    ],
    [
      6.234038520755187e-08,
      -5.5154433348078536e-08,
      -0.04594339177759971
    ]
  ],
  "ci_overlap_with_fci": [
    0.9729808656126823,
    0.9785016058577037
  ],
  "ncas": 6,
  "ncore": 4,
  "nelec_act": 6,
  "runtime_s": 1.587817668914795
}