{
  "system": "n2",
  "label": "N2 / sto-3g / CAS(6,6) SA(2), R=1.4 Ang",
  "bond_dim": 200,
  "e_states_fci": [
    -107.60856004102985,
    -107.36351603179386
  ],
  "e_states_dmrg": [
    -107.60856004103059,
    -107.36351603179523
  ],
  "e_dmrg_su2": [
    -107.60856004103059,
    -107.36351603179523
  ],
  "root_assignment_dmrg_to_fci": [
    0,
    1
  ],
  "root_overlap_matrix": [
    [
      -0.9999999999992427,
      -2.6780850040551337e-14
    ],
    [
      4.726958511533513e-13,
      0.9999999999845797
    ]
  ],
  "root_assigned_abs_overlaps": [
    0.9999999999992427,
    0.9999999999845797
  ],
  "grad": [
    [
      6.454273499760366e-12,
      -2.9353847659326373e-10,
      -0.2074999905160915
    ],
    [
      -6.454273499756204e-12,
      2.935384765932803e-10,
      0.20749999051609241
    ]
  ],
  "nac": [
    [
      8.120241262751275e-09,
      2.612110906978414e-07,
      2.1583361235328817e-07
    ],
    [
      -7.938620318684924e-09,
      -2.61996436198758e-07,
      -2.317070356521016e-07
    ]
  ],
  "ci_overlap_with_fci": [
    0.9999999999992428,
    0.9999999999845797
  ],
  "ncas": 6,
  "ncore": 4,
  "nelec_act": 6,
  "runtime_s": 1.0107483863830566
}