{
  "system": "n2",
  "label": "N2 / sto-3g / CAS(6,6) SA(2), R=1.4 Ang",
  "bond_dim": 2,
  "e_states_fci": [
    -107.60856004102985,
    -107.36351603179386
  ],
  "e_states_dmrg": [
    -107.35686947504877,
    -107.24813495830824
  ],
  "e_dmrg_su2": [
    -107.47033371572128,
    -107.29363781943547
  ],
  "root_assignment_dmrg_to_fci": [
    0,
    1
  ],
  "root_overlap_matrix": [
    [
      0.895859235591934,
      -5.6578323317911175e-14
    ],
    [
      -7.1635892691086e-14,
      -0.6815845733836966
    ]
  ],
  "root_assigned_abs_overlaps": [
    0.895859235591934,
    0.6815845733836966
  ],
  "grad": [
    [
      3.2185036044960275e-08,
      2.5588973745367794e-07,
      -0.30505290530903967
    ],
    [
      -3.218503604517712e-08,
      -2.5588973749878244e-07,
      0.3050529053090443
    ]
  ],
  "nac": [
    [
      1.8889615568455443e-05,
      0.0001589019693763544,
      0.5962558859579724
    ],
    [
      -1.888961674108139e-05,
      -0.00015890197006396552,
      -0.5993883464041778
    ]
  ],
  "ci_overlap_with_fci": [
    0.895859235591934,
    0.6815845733836966
  ],
  "ncas": 6,
  "ncore": 4,
  "nelec_act": 6,
  "runtime_s": 5.268543004989624
}