{
  "system": "n2",
  "label": "N2 / sto-3g / CAS(6,6) SA(2), R=1.4 Ang",
  "bond_dim": 12,
  "e_states_fci": [
    -107.60856004102985,
    -107.36351603179386
  ],
  "e_states_dmrg": [
    -107.558442486106,
    -107.35166323166247
  ],
  "e_dmrg_su2": [
    -107.6085600410305,
    -107.36351603179513
  ],
  "root_assignment_dmrg_to_fci": [
    0,
    1
  ],
  "root_overlap_matrix": [
    [
      0.9810874744648419,
      2.493730898710397e-13
    ],
    [
      -1.8894651974271541e-13,
      0.9952947051942673
    ]
  ],
  "root_assigned_abs_overlaps": [
    0.9810874744648419,
    0.9952947051942673
  ],
  "grad": [
    [
      -4.143947315833963e-12,
      -3.6689362641686056e-13,
      -0.2558784543905379
    ],
    [
      4.1439473158322405e-12,
      3.668936264323597e-13,
      0.25587845439053375
    ]
  ],
  "nac": [
    [
      -9.9200860705586e-09,
      -3.1253971967964756e-10,
      -0.05287043899569709
    ],
    [
      9.920121919575533e-09,
      3.1173889235292634e-10,
      0.05861175013033433
    ]
  ],
  "ci_overlap_with_fci": [
    0.9810874744648419,
    0.9952947051942673
  ],
  "ncas": 6,
  "ncore": 4,
  "nelec_act": 6,
  "runtime_s": 1.066587209701538
}