{
  "c2_M200": {
    "grad_mEh_per_bohr": 2.435682240362479e-08,
    "nac_l2": 0.0010324672010286696,
    "e0_diff": 6.262723672989523e-11,
    "e1_diff": 6.38635810901178e-11,
    "ci_overlap_with_fci": [
      0.9999999999982968,
      0.9958036360736005
    ],
    "root_assignment_dmrg_to_fci": [
      0,
      1
    ],
    "root_overlap_matrix": [
      [
        0.9999999999982968,
        4.7325430587656495e-09
      ],
      [
        -9.999932150936444e-10,
        0.9958036360736005
      ]
    ]
  },
  "lif_M12": {
    "grad_mEh_per_bohr": 3.032193440972988e-05,
    "nac_l2": 0.14086342003976204,
    "e0_diff": 2.765148110484006e-10,
    "e1_diff": 2.849702696039458e-10,
    "ci_overlap_with_fci": [
      0.9999999999596172,
      0.9999999999796259
    ],
    "root_assignment_dmrg_to_fci": [
      0,
      1
    ],
    "root_overlap_matrix": [
      [
        0.9999999999596172,
        -1.1335991133844624e-10
      ],
      [
        1.1448260075824397e-10,
        0.9999999999796259
      ]
    ]
  },
  "h2o_631g_M30": {
    "grad_mEh_per_bohr": 9.25213667620153e-05,
    "nac_l2": 0.0001471061828130833,
    "e0_diff": 1.0363064006924105e-07,
    "e1_diff": 4.0748204810370225e-10,
    "ci_overlap_with_fci": [
      0.999999986744857,
      0.9999999999919904
    ],
    "root_assignment_dmrg_to_fci": [
      0,
      1
    ],
    "root_overlap_matrix": [
      [
        0.999999986744857,
        -7.284010099870465e-16
      ],
      [
        3.532167321649243e-16,
        -0.9999999999919904
      ]
    ]
  }
}