{
  "h4": {
    "1": {
      "error": "A singular matrix detected: slice(s) [0] are singular."
    },
    "2": {
      "grad_l2": 0.033077942111521375,
      "grad_max": 0.01928267669479306,
      "grad_rel": 0.11655039061000337,
      "nac_l2": 0.08520025550257153,
      "nac_max": 0.0712550929097428,
      "nac_rel": 0.18943133089849895,
      "e0_diff": 0.04561130263710744,
      "e1_diff": 0.02773591345459625,
      "ci0_overlap": 0.9840907756784142,
      "ci1_overlap": 0.9885243738317615,
      "runtime_s": 0.31238651275634766
    },
    "3": {
      "grad_l2": 0.011878932766817521,
      "grad_max": 0.008399677965035112,
      "grad_rel": 0.0418555135423711,
      "nac_l2": 0.0334014901838277,
      "nac_max": 0.027150359486573405,
      "nac_rel": 0.0742637296354664,
      "e0_diff": 0.02538637907645036,
      "e1_diff": 0.008110013911192482,
      "ci0_overlap": 0.9939528613158743,
      "ci1_overlap": 0.9973282290691889,
      "runtime_s": 0.3240668773651123
    },
    "4": {
      "grad_l2": 0.005525596868998694,
      "grad_max": 0.003900582707110238,
      "grad_rel": 0.01946948426428542,
      "nac_l2": 0.023727547564814513,
      "nac_max": 0.016339523448866966,
      "nac_rel": 0.052755016844105475,
      "e0_diff": 0.013215679193848473,
      "e1_diff": 0.004804916921369973,
      "ci0_overlap": 0.9971986523741274,
      "ci1_overlap": 0.9985558014485235,
      "runtime_s": 0.3258495330810547
    },
    "5": {
      "grad_l2": 0.003099210555710429,
      "grad_max": 0.002156213279032865,
      "grad_rel": 0.010920092901573874,
      "nac_l2": 0.016150870638339303,
      "nac_max": 0.010132119330918732,
      "nac_rel": 0.03590929278489971,
      "e0_diff": 0.005836666349280151,
      "e1_diff": 0.0029652624611307132,
      "ci0_overlap": 0.9987309287591387,
      "ci1_overlap": 0.999427402943486,
      "runtime_s": 0.3141756057739258
    },
    "6": {
      "grad_l2": 0.0011170354954971981,
      "grad_max": 0.000749667182754426,
      "grad_rel": 0.003935883401890661,
      "nac_l2": 0.003338649883339687,
      "nac_max": 0.0021410179620746927,
      "nac_rel": 0.007423039838020986,
      "e0_diff": 0.0022740512596115536,
      "e1_diff": 0.0029625955455161446,
      "ci0_overlap": 0.9996256199750334,
      "ci1_overlap": 0.9994259332871132,
      "runtime_s": 0.3226022720336914
    },
    "8": {
      "grad_l2": 0.00021068483523582215,
      "grad_max": 0.00014752249399660033,
      "grad_rel": 0.000742349683047132,
      "nac_l2": 0.0009061698242201975,
      "nac_max": 0.0007465614374503882,
      "nac_rel": 0.002014746960669735,
      "e0_diff": 0.000389259684647314,
      "e1_diff": 0.00011744630900611952,
      "ci0_overlap": 0.9999509051125447,
      "ci1_overlap": 0.9999693360323045,
      "runtime_s": 0.3135242462158203
    },
    "12": {
      "grad_l2": 8.993970579511295e-14,
      "grad_max": 6.398527541140453e-14,
      "grad_rel": 3.1690326461143537e-13,
      "nac_l2": 2.2244364406004212e-07,
      "nac_max": 1.6426467241981157e-07,
      "nac_rel": 4.9457358191765e-07,
      "e0_diff": 1.6342482922482304e-13,
      "e1_diff": 1.0746958878371515e-13,
      "ci0_overlap": 0.9999999999999657,
      "ci1_overlap": 0.9999999999999128,
      "runtime_s": 0.3013908863067627
    }
  },
  "h2o": {
    "1": {
      "error": "A singular matrix detected: slice(s) [0] are singular."
    },
    "2": {
      "grad_l2": 0.11412406836836042,
      "grad_max": 0.08080532034803872,
      "grad_rel": 0.6261364489457547,
      "nac_l2": 0.10580270171573866,
      "nac_max": 0.05620774508340609,
      "nac_rel": 0.24067033582177286,
      "e0_diff": 0.024859232448363855,
      "e1_diff": 0.032561695185478357,
      "ci0_overlap": 0.9918560020541757,
      "ci1_overlap": 0.9838500046038516,
      "runtime_s": 5.301923751831055
    },
    "3": {
      "grad_l2": 0.1392630974590991,
      "grad_max": 0.103912330543431,
      "grad_rel": 0.7640605751170488,
      "nac_l2": 0.0740353423188236,
      "nac_max": 0.04607770392852747,
      "nac_rel": 0.16840884409949483,
      "e0_diff": 0.024368412344841772,
      "e1_diff": 0.012931068524707712,
      "ci0_overlap": 0.9920218301408852,
      "ci1_overlap": 0.9961501783942295,
      "runtime_s": 2.663017988204956
    },
    "4": {
      "grad_l2": 0.541276134096362,
      "grad_max": 0.4156703635869674,
      "grad_rel": 2.9696865993969586,
      "nac_l2": 0.7772295816728293,
      "nac_max": 0.5992874317059911,
      "nac_rel": 1.7679709629190912,
      "e0_diff": 0.009891326554182456,
      "e1_diff": 0.012932183302169165,
      "ci0_overlap": 0.9963180327657566,
      "ci1_overlap": 0.9961495341965727,
      "runtime_s": 2.6810925006866455
    },
    "5": {
      "grad_l2": 0.024786107139358884,
      "grad_max": 0.013586091138452105,
      "grad_rel": 0.1359878361270355,
      "nac_l2": 0.08308908666473418,
      "nac_max": 0.05887924456204773,
      "nac_rel": 0.189003475964653,
      "e0_diff": 0.009893521108097048,
      "e1_diff": 0.0010169893736389213,
      "ci0_overlap": 0.9963183477591122,
      "ci1_overlap": 0.9994488431075784,
      "runtime_s": 2.6811888217926025
    },
    "6": {
      "grad_l2": 0.005337344644612115,
      "grad_max": 0.004195374307804062,
      "grad_rel": 0.029283095760224198,
      "nac_l2": 0.023191587471359375,
      "nac_max": 0.019289324253637052,
      "nac_rel": 0.052754107924087176,
      "e0_diff": 0.0003929311195634,
      "e1_diff": 8.555869455051379e-05,
      "ci0_overlap": 0.9998289886140546,
      "ci1_overlap": 0.999952467889107,
      "runtime_s": 2.670668363571167
    },
    "8": {
      "grad_l2": 2.1777533866246964e-05,
      "grad_max": 1.3869089714624305e-05,
      "grad_rel": 0.00011948143732306805,
      "nac_l2": 0.0011644026081206141,
      "nac_max": 0.0009515113960169019,
      "nac_rel": 0.0026486768502476696,
      "e0_diff": 2.4211024594933406e-05,
      "e1_diff": 2.1174173525650986e-12,
      "ci0_overlap": 0.9999959077685548,
      "ci1_overlap": 0.9999999999828381,
      "runtime_s": 2.672060251235962
    },
    "12": {
      "grad_l2": 1.440062132827574e-06,
      "grad_max": 1.0841245432074986e-06,
      "grad_rel": 7.90083461798393e-06,
      "nac_l2": 2.286085326668744e-06,
      "nac_max": 1.6372162882916097e-06,
      "nac_rel": 5.200178392086845e-06,
      "e0_diff": 4.263256414560601e-14,
      "e1_diff": 3.0127011996228248e-12,
      "ci0_overlap": 0.9999999999999932,
      "ci1_overlap": 0.9999999999833782,
      "runtime_s": 2.6583666801452637
    }
  },
  "n2": {
    "2": {
      "grad_l2": 0.13588266240730099,
      "grad_max": 0.0960835520338916,
      "grad_rel": 0.46305329646078414,
      "nac_l2": 0.3842602085682945,
      "nac_max": 0.30965730588760565,
      "nac_rel": 296876.9682915981,
      "e0_diff": 0.2516905644481824,
      "e1_diff": 0.15356330561139941,
      "ci0_overlap": 0.8958590783789394,
      "ci1_overlap": 0.6428189208422992,
      "runtime_s": 34.770121335983276
    },
    "4": {
      "grad_l2": 0.18527478298603722,
      "grad_max": 0.13100905543229416,
      "grad_rel": 0.6313689877195939,
      "nac_l2": 0.09571175226477642,
      "nac_max": 0.06798157619201614,
      "nac_rel": 73946.28485762973,
      "e0_diff": 0.15036201282666184,
      "e1_diff": 0.09777456417104702,
      "ci0_overlap": 0.9234794912967983,
      "ci1_overlap": 0.963979457514663,
      "runtime_s": 30.152902126312256
    },
    "8": {
      "grad_l2": 0.07983462339191076,
      "grad_max": 0.05645160357389539,
      "grad_rel": 0.27205594060646865,
      "nac_l2": 0.0641709269122384,
      "nac_max": 0.045435041821082045,
      "nac_rel": 49578.04583812676,
      "e0_diff": 0.08332363535011211,
      "e1_diff": 0.05129450292287174,
      "ci0_overlap": 0.9729950295261097,
      "ci1_overlap": 0.9777652696740979,
      "runtime_s": 30.42411231994629
    },
    "12": {
      "grad_l2": 0.06509059018802196,
      "grad_max": 0.04602599771338614,
      "grad_rel": 0.2218120532904873,