{
  "system": "azapolyene_C22",
  "basis": "sto-3g",
  "aza": true,
  "ncas": 22,
  "nelecas": 22,
  "det_dim": 497634306624,
  "fci_feasible": false,
  "bond_dim": 1000,
  "h_bohr": 0.001,
  "displaced_atom": 11,
  "component": 1,
  "d_nac_mps_native_01": -0.01899058018980937,
  "d_nac_analytic_01": -0.011663099052248558,
  "abs_err_analytic_vs_fd": 0.007327481137560812,
  "nac_analytic_wall_s": 70903.18957317993,
  "active_subspace_sigma_min_plus": 0.9999996878707592,
  "active_subspace_sigma_min_minus": 0.9999996878374049,
  "nroots": 5,
  "gap_Eh": 0.22436285022172342,
  "gap_12_Eh": 0.025694243879001988,
  "nac_mps_wall_s": 585.804873725865,
  "fci_conversion": false
}
