{
  "system": "azapolyene_C22",
  "basis": "sto-3g",
  "aza": true,
  "ncas": 22,
  "nelecas": 22,
  "det_dim": 497634306624,
  "fci_feasible": false,
  "bond_dim": 800,
  "h_bohr": 0.001,
  "displaced_atom": 11,
  "component": 1,
  "d_nac_mps_native_01": 0.15513629527938444,
  "d_nac_analytic_01": -0.02255378467869601,
  "abs_err_analytic_vs_fd": 0.13258251060068843,
  "nac_analytic_wall_s": 58838.502325127134,
  "active_subspace_sigma_min_plus": 0.999999687870759,
  "active_subspace_sigma_min_minus": 0.9999996878374059,
  "nroots": 3,
  "gap_Eh": 0.24402413389123012,
  "gap_12_Eh": 0.02231085663754584,
  "nac_mps_wall_s": 451.3207493668888,
  "fci_conversion": false
}
