{
  "system": "polyene_C16",
  "basis": "sto-3g",
  "aza": false,
  "ncas": 16,
  "nelecas": 16,
  "det_dim": 165636900,
  "fci_feasible": false,
  "bond_dim": 800,
  "h_bohr": 0.001,
  "displaced_atom": 8,
  "component": 1,
  "d_nac_mps_native_01": -0.02473675551645585,
  "d_nac_analytic_01": -0.019620152155829677,
  "abs_err_analytic_vs_fd": 0.005116603360626172,
  "nac_analytic_wall_s": 8964.828863198054,
  "active_subspace_sigma_min_plus": 0.9999996878374044,
  "active_subspace_sigma_min_minus": 0.9999996878707563,
  "nroots": 3,
  "gap_Eh": 0.21412930828864774,
  "gap_12_Eh": 0.03177610388263474,
  "nac_mps_wall_s": 57.796796153998,
  "fci_conversion": false
}
