{
  "system": "polyene_C24",
  "basis": "sto-3g",
  "aza": false,
  "ncas": 24,
  "nelecas": 24,
  "det_dim": 7312459672336,
  "fci_feasible": false,
  "bond_dim": 800,
  "h_bohr": 0.001,
  "displaced_atom": 12,
  "component": 1,
  "d_nac_mps_native_01": 6.38378239159465e-13,
  "d_nac_analytic_01": -0.01908333039055378,
  "abs_err_analytic_vs_fd": 0.0190833303899154,
  "nac_analytic_wall_s": 76419.41279351478,
  "active_subspace_sigma_min_plus": 0.9999996878374056,
  "active_subspace_sigma_min_minus": 0.9999996878707581,
  "nroots": 5,
  "gap_Eh": 0.22504887017908004,
  "gap_12_Eh": 0.025204773058931096,
  "nac_mps_wall_s": 607.4533974130172,
  "fci_conversion": false
}
