{
  "system": "azapolyene_C24",
  "basis": "sto-3g",
  "aza": true,
  "ncas": 24,
  "nelecas": 24,
  "det_dim": 7312459672336,
  "fci_feasible": false,
  "bond_dim": 800,
  "h_bohr": 0.001,
  "displaced_atom": 12,
  "component": 1,
  "d_nac_mps_native_01": 0.7595515075176779,
  "d_nac_analytic_01": 0.0005550820661147406,
  "abs_err_analytic_vs_fd": 0.7589964254515631,
  "nac_analytic_wall_s": 59106.82854404999,
  "active_subspace_sigma_min_plus": 0.9999996878374053,
  "active_subspace_sigma_min_minus": 0.9999996878707583,
  "nroots": 3,
  "gap_Eh": 0.2431288235518423,
  "gap_12_Eh": 0.015718225820933185,
  "nac_mps_wall_s": 398.24580308492295,
  "fci_conversion": false
}
