{
  "system": "polyene_C22",
  "basis": "sto-3g",
  "aza": false,
  "ncas": 22,
  "nelecas": 22,
  "det_dim": 497634306624,
  "fci_feasible": false,
  "bond_dim": 800,
  "h_bohr": 0.001,
  "displaced_atom": 11,
  "component": 1,
  "d_nac_mps_native_01": 0.018945961369004616,
  "d_nac_analytic_01": 0.01619480285913981,
  "abs_err_analytic_vs_fd": 0.0027511585098648067,
  "nac_analytic_wall_s": 7357.5084088,
  "active_subspace_sigma_min_plus": 0.9999996878707577,
  "active_subspace_sigma_min_minus": 0.9999996878374044,
  "nroots": 3,
  "gap_Eh": 0.24189431009097007,
  "gap_12_Eh": 0.02485890395041679,
  "nac_mps_wall_s": 75.24575952498708,
  "fci_conversion": false
}
