{
  "system": "azapolyene_C16",
  "basis": "sto-3g",
  "aza": true,
  "ncas": 16,
  "nelecas": 16,
  "det_dim": 165636900,
  "fci_feasible": false,
  "bond_dim": 600,
  "h_bohr": 0.001,
  "displaced_atom": 8,
  "component": 1,
  "d_nac_mps_native_01": 0.12937865874336485,
  "d_nac_analytic_01": 0.017919725694436714,
  "abs_err_analytic_vs_fd": 0.11145893304892814,
  "nac_analytic_wall_s": 21539.557761722943,
  "active_subspace_sigma_min_plus": 0.9999996878374068,
  "active_subspace_sigma_min_minus": 0.999999687870758,
  "nroots": 3,
  "gap_Eh": 0.21487233185541754,
  "gap_12_Eh": 0.028815708501724657,
  "nac_mps_wall_s": 175.4818908078596,
  "fci_conversion": false
}
