{
  "system": "polyene_C20",
  "basis": "sto-3g",
  "aza": false,
  "ncas": 20,
  "nelecas": 20,
  "det_dim": 34134779536,
  "fci_feasible": false,
  "bond_dim": 800,
  "h_bohr": 0.001,
  "displaced_atom": 10,
  "component": 1,
  "d_nac_mps_native_01": -3.46229121761521e-11,
  "d_nac_analytic_01": -0.015377415586306816,
  "abs_err_analytic_vs_fd": 0.015377415551683904,
  "nac_analytic_wall_s": 35332.189048622036,
  "active_subspace_sigma_min_plus": 0.9999996878374038,
  "active_subspace_sigma_min_minus": 0.9999996878707582,
  "nroots": 3,
  "gap_Eh": 0.22577166351265987,
  "gap_12_Eh": 0.03327595277130513,
  "nac_mps_wall_s": 272.8465122859925,
  "fci_conversion": false
}
