{
  "system": "azapolyene_C24",
  "basis": "sto-3g",
  "aza": true,
  "ncas": 24,
  "nelecas": 24,
  "det_dim": 7312459672336,
  "fci_feasible": false,
  "bond_dim": 1000,
  "h_bohr": 0.001,
  "displaced_atom": 12,
  "component": 1,
  "d_nac_mps_native_01": -0.02978510314555205,
  "d_nac_analytic_01": 0.0064041907771573954,
  "abs_err_analytic_vs_fd": 0.023380912368394655,
  "nac_analytic_wall_s": 67835.7556018678,
  "active_subspace_sigma_min_plus": 0.9999996878374054,
  "active_subspace_sigma_min_minus": 0.9999996878707581,
  "nroots": 5,
  "gap_Eh": 0.23059911349446338,
  "gap_12_Eh": 0.022682524133188053,
  "nac_mps_wall_s": 507.429015125148,
  "fci_conversion": false
}
