{
  "system": "azapolyene_C24",
  "basis": "sto-3g",
  "aza": true,
  "ncas": 24,
  "nelecas": 24,
  "det_dim": 7312459672336,
  "fci_feasible": false,
  "bond_dim": 800,
  "h_bohr": 0.001,
  "displaced_atom": 12,
  "component": 1,
  "d_nac_mps_native_01": 2.3370194668359545e-11,
  "d_nac_analytic_01": 0.001339963385818712,
  "abs_err_analytic_vs_fd": 0.0013399633624485174,
  "nac_analytic_wall_s": 55911.866603364004,
  "active_subspace_sigma_min_plus": 0.9999996878374041,
  "active_subspace_sigma_min_minus": 0.9999996878707589,
  "nroots": 3,
  "gap_Eh": 0.2438211116614184,
  "gap_12_Eh": 0.015374694695310609,
  "nac_mps_wall_s": 345.7929298491217,
  "fci_conversion": false
}
