{
  "system": "polyene_C24",
  "basis": "sto-3g",
  "aza": false,
  "ncas": 24,
  "nelecas": 24,
  "det_dim": 7312459672336,
  "fci_feasible": false,
  "bond_dim": 800,
  "h_bohr": 0.001,
  "displaced_atom": 12,
  "component": 1,
  "d_nac_mps_native_01": 0.04952458413692851,
  "d_nac_analytic_01": -0.020832152174203897,
  "abs_err_analytic_vs_fd": 0.02869243196272461,
  "nac_analytic_wall_s": 9277.116416421952,
  "active_subspace_sigma_min_plus": 0.9999996878374066,
  "active_subspace_sigma_min_minus": 0.9999996878707591,
  "nroots": 3,
  "gap_Eh": 0.2398146327569748,
  "gap_12_Eh": 0.018655852622600833,
  "nac_mps_wall_s": 89.99408755602781,
  "fci_conversion": false
}
