{
  "system": "azapolyene_C16",
  "basis": "sto-3g",
  "aza": true,
  "ncas": 16,
  "nelecas": 16,
  "det_dim": 165636900,
  "fci_feasible": false,
  "bond_dim": 600,
  "h_bohr": 0.001,
  "displaced_atom": 8,
  "component": 1,
  "d_nac_mps_native_01": 0.0156999221528481,
  "d_nac_analytic_01": 0.021521899383351636,
  "abs_err_analytic_vs_fd": 0.005821977230503535,
  "nac_analytic_wall_s": 96595.98448561085,
  "active_subspace_sigma_min_plus": 0.9999996878374043,
  "active_subspace_sigma_min_minus": 0.9999996878707579,
  "nroots": 5,
  "gap_Eh": 0.21523813175724626,
  "gap_12_Eh": 0.028666011967061422,
  "nac_mps_wall_s": 369.71765530412085,
  "fci_conversion": false
}
