{
  "system": "azapolyene_C16",
  "basis": "sto-3g",
  "aza": true,
  "ncas": 16,
  "nelecas": 16,
  "det_dim": 165636900,
  "fci_feasible": false,
  "bond_dim": 600,
  "h_bohr": 0.001,
  "displaced_atom": 8,
  "component": 1,
  "d_nac_mps_native_01": 0.013581240867283073,
  "d_nac_analytic_01": 0.021305570502416993,
  "abs_err_analytic_vs_fd": 0.00772432963513392,
  "nac_analytic_wall_s": 56356.119253803045,
  "active_subspace_sigma_min_plus": 0.9999996878374047,
  "active_subspace_sigma_min_minus": 0.9999996878707582,
  "nroots": 5,
  "gap_Eh": 0.21518885298542045,
  "gap_12_Eh": 0.028623578947076567,
  "nac_mps_wall_s": 294.68155509000644,
  "fci_conversion": false
}
