{
  "system": "azapolyene_C22",
  "basis": "sto-3g",
  "aza": true,
  "ncas": 22,
  "nelecas": 22,
  "det_dim": 497634306624,
  "fci_feasible": false,
  "bond_dim": 800,
  "h_bohr": 0.001,
  "displaced_atom": 11,
  "component": 1,
  "d_nac_mps_native_01": -1.0332013022917863e-11,
  "d_nac_analytic_01": -0.022276603419213753,
  "abs_err_analytic_vs_fd": 0.02227660340888174,
  "nac_analytic_wall_s": 55431.59091713396,
  "active_subspace_sigma_min_plus": 0.9999996878707587,
  "active_subspace_sigma_min_minus": 0.9999996878374047,
  "nroots": 3,
  "gap_Eh": 0.24402587227280037,
  "gap_12_Eh": 0.022307076837478235,
  "nac_mps_wall_s": 233.20511217205785,
  "fci_conversion": false
}
