{
  "system": "polyene_C20",
  "basis": "sto-3g",
  "aza": false,
  "ncas": 20,
  "nelecas": 20,
  "det_dim": 34134779536,
  "fci_feasible": false,
  "bond_dim": 800,
  "h_bohr": 0.001,
  "displaced_atom": 10,
  "component": 1,
  "d_nac_mps_native_01": -0.747772306571387,
  "d_nac_analytic_01": 0.016392906790769764,
  "abs_err_analytic_vs_fd": 0.7313793997806173,
  "nac_analytic_wall_s": 6138.9269765599165,
  "active_subspace_sigma_min_plus": 0.9999996878374063,
  "active_subspace_sigma_min_minus": 0.9999996878707589,
  "nroots": 3,
  "gap_Eh": 0.22607180778561542,
  "gap_12_Eh": 0.03298752546834294,
  "nac_mps_wall_s": 67.1434593340382,
  "fci_conversion": false
}
