{
  "system": "C10_decapentaene",
  "ncas": 10,
  "nelecas": 10,
  "det": 63504,
  "nroots": 3,
  "e_states": [
    -378.0817872579759,
    -378.0433486042088,
    -378.03838943667296
  ],
  "gap_S0S1_eV": 1.0459695831185056,
  "gap_S1S2_eV": 0.13494589148487207,
  "nac_bare_norm": 1.261836515476071,
  "nac_ediff_norm": 0.048503296929093116,
  "path": "dense_exact_FCI",
  "wall_s": 1494.621155500412
}