{
  "n": 24,
  "basis": "sto-3g",
  "e0": -906.0715969842169,
  "seed": 2,
  "seeds_tried": [
    1,
    2,
    3
  ],
  "per_seed": [
    {
      "seed": 1,
      "e0": -906.0738691666172,
      "converged": false,
      "wall_s": 32902.762568659964
    },
    {
      "seed": 2,
      "e0": -906.0715969842169,
      "converged": true,
      "wall_s": 2940.503579121025
    },
    {
      "seed": 3,
      "e0": -906.0709422705158,
      "converged": true,
      "wall_s": 3649.280471445003
    }
  ],
  "m_schedule": [
    [
      256,
      1e-08,
      0.0001,
      60
    ],
    [
      512,
      1e-10,
      1e-05,
      80
    ],
    [
      800,
      1e-12,
      1e-06,
      200
    ]
  ],
  "e0_spread": 0.0029268961013713124
}