{
  "n": 22,
  "basis": "sto-3g",
  "e0": -830.6801806267409,
  "seed": 1,
  "seeds_tried": [
    1,
    2,
    3
  ],
  "per_seed": [
    {
      "seed": 1,
      "e0": -830.6801806267409,
      "converged": true,
      "wall_s": 3283.409489650978
    },
    {
      "seed": 2,
      "e0": -830.6790064708546,
      "converged": true,
      "wall_s": 2268.7487711430294
    },
    {
      "seed": 3,
      "e0": -830.6793436046609,
      "converged": false,
      "wall_s": 28782.809679722995
    }
  ],
  "m_schedule": [
    [
      256,
      1e-08,
      0.0001,
      60
    ],
    [
      512,
      1e-10,
      1e-05,
      80
    ],
    [
      800,
      1e-12,
      1e-06,
      200
    ]
  ],
  "e0_spread": 0.001174155886360495
}