{
  "system": "polyene_C16",
  "ncas": 16,
  "nelecas": 16,
  "det_dim": 165636900,
  "schedule": "tight",
  "m_schedule": [
    [
      256,
      1e-08,
      0.0001,
      40
    ],
    [
      512,
      1e-10,
      1e-05,
      60
    ],
    [
      800,
      1e-12,
      1e-06,
      150
    ]
  ],
  "seeds": [
    1,
    2,
    3
  ],
  "per_seed": [
    {
      "seed": 1,
      "converged": true,
      "e_states": [
        -604.4590388615674,
        -604.2445822531779
      ],
      "e0": -604.4590388615674,
      "gap_Eh": 0.21445660838946878,
      "wall_s": 535.0899866209948,
      "stage_e0": [
        -604.4590388761172,
        -604.4590388627466,
        -604.4590388615674
      ]
    },
    {
      "seed": 2,
      "converged": true,
      "e_states": [
        -604.4590246481863,
        -604.2446038962435
      ],
      "e0": -604.4590246481863,
      "gap_Eh": 0.21442075194283916,
      "wall_s": 540.4044609509874,
      "stage_e0": [
        -604.4590246494265,
        -604.4590246484039,
        -604.4590246481863
      ]
    },
    {
      "seed": 3,
      "converged": true,
      "e_states": [
        -604.4589836867157,
        -604.2443787932643
      ],
      "e0": -604.4589836867157,
      "gap_Eh": 0.21460489345133738,
      "wall_s": 536.7904932730016,
      "stage_e0": [
        -604.4589836883858,
        -604.4589836870373,
        -604.4589836867157
      ]
    }
  ],
  "e0_min": -604.4590388615674,
  "e0_max": -604.4589836867157,
  "e0_spread_Eh": 5.5174851695483085e-05,
  "seed_independent_1e6": false
}