{
  "system": "polyene_C20",
  "ncas": 20,
  "nelecas": 20,
  "det_dim": 34134779536,
  "schedule": "tight",
  "m_schedule": [
    [
      256,
      1e-08,
      0.0001,
      40
    ],
    [
      512,
      1e-10,
      1e-05,
      60
    ],
    [
      800,
      1e-12,
      1e-06,
      150
    ]
  ],
  "seeds": [
    1,
    2,
    3
  ],
  "per_seed": [
    {
      "seed": 1,
      "converged": true,
      "e_states": [
        -755.2814945211742,
        -755.0421093086644
      ],
      "e0": -755.2814945211742,
      "gap_Eh": 0.23938521250977374,
      "wall_s": 1460.091465579986,
      "stage_e0": [
        -755.2814945189235,
        -755.2814945211326,
        -755.2814945211742
      ]
    },
    {
      "seed": 2,
      "converged": true,
      "e_states": [
        -755.2814945500521,
        -755.042109526903
      ],
      "e0": -755.2814945500521,
      "gap_Eh": 0.23938502314911148,
      "wall_s": 1324.8779405090027,
      "stage_e0": [
        -755.2814945394928,
        -755.2814945493009,
        -755.2814945500521
      ]
    },
    {
      "seed": 3,
      "converged": true,
      "e_states": [
        -755.2784577862543,
        -755.0421754364986
      ],
      "e0": -755.2784577862543,
      "gap_Eh": 0.2362823497556974,
      "wall_s": 2635.648140690988,
      "stage_e0": [
        -755.2784601307045,
        -755.2784581079555,
        -755.2784577862543
      ]
    }
  ],
  "e0_min": -755.2814945500521,
  "e0_max": -755.2784577862543,
  "e0_spread_Eh": 0.003036763797808817,
  "seed_independent_1e6": false
}