{
  "system": "polyene_C16",
  "ncas": 16,
  "nelecas": 16,
  "det_dim": 165636900,
  "schedule": "current",
  "m_schedule": [
    [
      256,
      1e-07,
      0.0001,
      30
    ],
    [
      512,
      1e-08,
      3e-05,
      40
    ],
    [
      800,
      1e-09,
      1e-05,
      60
    ]
  ],
  "seeds": [
    1,
    2,
    3
  ],
  "per_seed": [
    {
      "seed": 1,
      "converged": true,
      "e_states": [
        -604.4590350612632,
        -604.2445752836508
      ],
      "e0": -604.4590350612632,
      "gap_Eh": 0.21445977761243284,
      "wall_s": 595.4718769350002,
      "stage_e0": [
        -604.4590350622051,
        -604.4590350623798,
        -604.4590350612632
      ]
    },
    {
      "seed": 2,
      "converged": true,
      "e_states": [
        -604.4590379998773,
        -604.2445803749835
      ],
      "e0": -604.4590379998773,
      "gap_Eh": 0.21445762489383924,
      "wall_s": 600.0402648649906,
      "stage_e0": [
        -604.4590380237479,
        -604.4590380039198,
        -604.4590379998773
      ]
    },
    {
      "seed": 3,
      "converged": true,
      "e_states": [
        -604.4590351580038,
        -604.2445757362327
      ],
      "e0": -604.4590351580038,
      "gap_Eh": 0.21445942177103916,
      "wall_s": 599.0023864049872,
      "stage_e0": [
        -604.4590351589278,
        -604.4590351592135,
        -604.4590351580038
      ]
    }
  ],
  "e0_min": -604.4590379998773,
  "e0_max": -604.4590350612632,
  "e0_spread_Eh": 2.9386141022769152e-06,
  "seed_independent_1e6": false
}