{
  "system": "polyene_C20",
  "ncas": 20,
  "nelecas": 20,
  "det_dim": 34134779536,
  "schedule": "current",
  "m_schedule": [
    [
      256,
      1e-07,
      0.0001,
      30
    ],
    [
      512,
      1e-08,
      3e-05,
      40
    ],
    [
      800,
      1e-09,
      1e-05,
      60
    ]
  ],
  "seeds": [
    1,
    2,
    3
  ],
  "per_seed": [
    {
      "seed": 1,
      "converged": true,
      "e_states": [
        -755.2814945255319,
        -755.0421093421128
      ],
      "e0": -755.2814945255319,
      "gap_Eh": 0.23938518341913095,
      "wall_s": 1115.15477288299,
      "stage_e0": [
        -755.2814945183501,
        -755.2814945257421,
        -755.2814945255319
      ]
    },
    {
      "seed": 2,
      "converged": true,
      "e_states": [
        -755.2814945245304,
        -755.042109287455
      ],
      "e0": -755.2814945245304,
      "gap_Eh": 0.239385237075453,
      "wall_s": 1244.7591423520062,
      "stage_e0": [
        -755.2814945028886,
        -755.2814945225601,
        -755.2814945245304
      ]
    },
    {
      "seed": 3,
      "converged": true,
      "e_states": [
        -755.2786292405913,
        -755.0419125906028
      ],
      "e0": -755.2786292405913,
      "gap_Eh": 0.2367166499884661,
      "wall_s": 1089.8734701639914,
      "stage_e0": [
        -755.2786291451868,
        -755.2786292364543,
        -755.2786292405913
      ]
    }
  ],
  "e0_min": -755.2814945255319,
  "e0_max": -755.2786292405913,
  "e0_spread_Eh": 0.0028652849406398673,
  "seed_independent_1e6": false
}